id;pesid;data_inversa;dia_semana;horario;uf;br;km;municipio;causa_principal;causa_acidente;ordem_tipo_acidente;tipo_acidente;classificacao_acidente;fase_dia;sentido_via;condicao_metereologica;tipo_pista;tracado_via;uso_solo;id_veiculo;tipo_veiculo;marca;ano_fabricacao_veiculo;tipo_envolvido;estado_fisico;idade;sexo;ilesos;feridos_leves;feridos_graves;mortos;latitude;longitude;regional;delegacia;uop
5094;11105;19/01/2017;quinta-feira;17:40:00;SC;101;204,5;SAO JOSE;Sim;Falta de Atenção à Condução;1;Colisão lateral;Com Vítimas Feridas;Pleno dia;Decrescente;Sol;Simples;Reta;Sim;8404;Bicicleta;;NA;Condutor;Lesões Leves;43;Masculino;0;1;0;0;-27,57617002;-48,6131072;SR-SC;DEL8/1;UOP01/SC
5094;NA;19/01/2017;quinta-feira;17:40:00;SC;101;204,5;SAO JOSE;Sim;Falta de Atenção à Condução;2;Tombamento;Com Vítimas Feridas;Pleno dia;Decrescente;Sol;Simples;Reta;Sim;8407;Bicicleta;MONARK/;NA;Não Informado;Não Informado;NA;Não Informado;0;0;0;0;-27,57617002;-48,6131072;SR-SC;DEL8/1;UOP01/SC
5094;NA;19/01/2017;quinta-feira;17:40:00;SC;101;204,5;SAO JOSE;Sim;Falta de Atenção à Condução;1;Colisão lateral;Com Vítimas Feridas;Pleno dia;Decrescente;Sol;Simples;Reta;Sim;8407;Bicicleta;MONARK/;NA;Não Informado;Não Informado;NA;Não Informado;0;0;0;0;-27,57617002;-48,6131072;SR-SC;DEL8/1;UOP01/SC
5116;12330;19/01/2017;quinta-feira;17:00:00;BA;324;356,4;CAPIM GROSSO;Sim;Restrição de Visibilidade;1;Colisão lateral;Com Vítimas Feridas;Pleno dia;Decrescente;Céu Claro;Simples;Não Informado;Não;9413;Bicicleta;;NA;Testemunha;Não Informado;NA;Não Informado;0;0;0;0;-11,3823878;-39,9955398;SR-BA;DEL10/4;UOP02/BA
5116;12366;19/01/2017;quinta-feira;17:00:00;BA;324;356,4;CAPIM GROSSO;Sim;Restrição de Visibilidade;1;Colisão lateral;Com Vítimas Feridas;Pleno dia;Decrescente;Céu Claro;Simples;Não Informado;Não;9413;Bicicleta;;NA;Condutor;Lesões Graves;33;Feminino;0;0;1;0;-11,3823878;-39,9955398;SR-BA;DEL10/4;UOP02/BA
5132;13165;19/01/2017;quinta-feira;19:30:00;PA;316;86;SAO FRANCISCO DO PARA;Sim;Falta de Atenção à Condução;1;Colisão traseira;Com Vítimas Feridas;Plena Noite;Crescente;Céu Claro;Simples;Não Informado;Não;10095;Bicicleta;;NA;Condutor;Lesões Leves;19;Masculino;0;1;0;0;-1,31309457;-47,73078918;SR-PA;DEL19/1;UOP01/PA
5274;11802;20/01/2017;sexta-feira;12:50:00;GO;60;252;INDIARA;Sim;Falta de Atenção à Condução;1;Colisão lateral;Com Vítimas Feridas;Pleno dia;Decrescente;Nublado;Dupla;Reta;Sim;9001;Bicicleta;MONARK/;NA;Condutor;Lesões Graves;74;Masculino;0;0;1;0;-17,1299;-49,9774;SR-GO;DEL1/1;UOP02/GO
5322;11582;20/01/2017;sexta-feira;15:40:00;ES;101;354;ANCHIETA;Sim;Falta de Atenção à Condução;1;Colisão transversal;Com Vítimas Feridas;Pleno dia;Decrescente;Nublado;Simples;Reta;Não;8810;Bicicleta;;NA;Condutor;Lesões Graves;71;Masculino;0;0;1;0;-20,69064764;-40,68198681;SR-ES;DEL12/3;UOP01/ES
5386;11681;20/01/2017;sexta-feira;18:25:00;RS;386;130,6;SARANDI;Sim;Falta de Atenção à Condução;1;Colisão com objeto estático;Com Vítimas Feridas;Pleno dia;Decrescente;Céu Claro;Simples;Reta;Sim;8877;Bicicleta;;NA;Condutor;Lesões Leves;35;Masculino;0;1;0;0;-27,9366233;-52,95279273;SR-RS;DEL9/14;UOP01/RS
5408;17330;20/01/2017;sexta-feira;19:40:00;PA;316;21,2;BENEVIDES;Sim;Ingestão de Álcool;1;Colisão transversal;Com Vítimas Feridas;Plena Noite;Crescente;Chuva;Dupla;Reta;Sim;13333;Bicicleta;;NA;Condutor;Lesões Graves;NA;Masculino;0;0;1;0;-1,36461012;-48,2920602;SR-PA;DEL19/1;UOP01/PA
5427;11806;20/01/2017;sexta-feira;20:30:00;PA;316;2;ANANINDEUA;Sim;Ingestão de Álcool;2;Colisão lateral;Com Vítimas Feridas;Plena Noite;Crescente;Céu Claro;Dupla;Reta;Sim;9021;Bicicleta;;NA;Condutor;Lesões Leves;2015;Masculino;0;1;0;0;-1,3958;-48,4222;SR-PA;DEL19/1;UOP01/PA
5427;11806;20/01/2017;sexta-feira;20:30:00;PA;316;2;ANANINDEUA;Não;Falta de Atenção à Condução;2;Colisão lateral;Com Vítimas Feridas;Plena Noite;Crescente;Céu Claro;Dupla;Reta;Sim;9021;Bicicleta;;NA;Condutor;Lesões Leves;2015;Masculino;0;1;0;0;-1,3958;-48,4222;SR-PA;DEL19/1;UOP01/PA
5427;11806;20/01/2017;sexta-feira;20:30:00;PA;316;2;ANANINDEUA;Sim;Ingestão de Álcool;1;Colisão lateral;Com Vítimas Feridas;Plena Noite;Crescente;Céu Claro;Dupla;Reta;Sim;9021;Bicicleta;;NA;Condutor;Lesões Leves;2015;Masculino;0;1;0;0;-1,3958;-48,4222;SR-PA;DEL19/1;UOP01/PA
5427;11806;20/01/2017;sexta-feira;20:30:00;PA;316;2;ANANINDEUA;Não;Falta de Atenção à Condução;1;Colisão lateral;Com Vítimas Feridas;Plena Noite;Crescente;Céu Claro;Dupla;Reta;Sim;9021;Bicicleta;;NA;Condutor;Lesões Leves;2015;Masculino;0;1;0;0;-1,3958;-48,4222;SR-PA;DEL19/1;UOP01/PA
5436;13910;20/01/2017;sexta-feira;22:00:00;ES;101;264,2;SERRA;Sim;Desobediência às normas de trânsito pelo condutor;1;Colisão transversal;Com Vítimas Feridas;Plena Noite;Decrescente;Céu Claro;Múltipla;Interseção de vias;Sim;10645;Bicicleta;;NA;Condutor;Lesões Leves;50;Masculino;0;1;0;0;-20,19353927;-40,26863694;SR-ES;DEL12/2;UOP01/ES
5437;11955;20/01/2017;sexta-feira;21:20:00;RS;386;433,6;NOVA SANTA RITA;Sim;Falta de Atenção à Condução;1;Colisão com objeto em movimento;Com Vítimas Fatais;Plena Noite;Crescente;Céu Claro;Dupla;Reta;Não;9146;Bicicleta;;NA;Testemunha;Não Informado;NA;Não Informado;0;0;0;0;-29,84102081;-51,29093885;SR-RS;DEL9/4;UOP02/RS
5437;11955;20/01/2017;sexta-feira;21:20:00;RS;386;433,6;NOVA SANTA RITA;Não;Restrição de Visibilidade;1;Colisão com objeto em movimento;Com Vítimas Fatais;Plena Noite;Crescente;Céu Claro;Dupla;Reta;Não;9146;Bicicleta;;NA;Testemunha;Não Informado;NA;Não Informado;0;0;0;0;-29,84102081;-51,29093885;SR-RS;DEL9/4;UOP02/RS
5437;11974;20/01/2017;sexta-feira;21:20:00;RS;386;433,6;NOVA SANTA RITA;Sim;Falta de Atenção à Condução;1;Colisão com objeto em movimento;Com Vítimas Fatais;Plena Noite;Crescente;Céu Claro;Dupla;Reta;Não;9146;Bicicleta;;NA;Condutor;Óbito;63;Masculino;0;0;0;1;-29,84102081;-51,29093885;SR-RS;DEL9/4;UOP02/RS
5437;11974;20/01/2017;sexta-feira;21:20:00;RS;386;433,6;NOVA SANTA RITA;Não;Restrição de Visibilidade;1;Colisão com objeto em movimento;Com Vítimas Fatais;Plena Noite;Crescente;Céu Claro;Dupla;Reta;Não;9146;Bicicleta;;NA;Condutor;Óbito;63;Masculino;0;0;0;1;-29,84102081;-51,29093885;SR-RS;DEL9/4;UOP02/RS
5441;13884;20/01/2017;sexta-feira;22:30:00;ES;101;271;SERRA;Sim;Desobediência às normas de trânsito pelo condutor;1;Colisão transversal;Com Vítimas Feridas;Plena Noite;Crescente;Céu Claro;Múltipla;Interseção de vias;Sim;10631;Bicicleta;;NA;Condutor;Lesões Graves;27;Masculino;0;0;1;0;-20,22986527;-40,2811119;SR-ES;DEL12/2;UOP01/ES
5578;12401;21/01/2017;sábado;11:35:00;RO;319;58,3;PORTO VELHO;Sim;Falta de Atenção à Condução;1;Colisão lateral;Com Vítimas Feridas;Pleno dia;Decrescente;Céu Claro;Simples;Reta;Sim;9442;Bicicleta;;NA;Condutor;Lesões Leves;51;Masculino;0;1;0;0;-8,74339541;-63,91231108;SR-RO;DEL21/1;UOP01/RO
5823;14959;22/01/2017;domingo;11:30:00;MG;354;706,1;CAXAMBU;Sim;Falta de Atenção à Condução;1;Colisão transversal;Com Vítimas Feridas;Pleno dia;Decrescente;Céu Claro;Simples;Curva;Sim;11513;Bicicleta;;NA;Condutor;Lesões Leves;76;Masculino;0;1;0;0;-22,00027657;-44,92546946;SR-MG;DEL5/4;UOP01/MG
5985;12936;22/01/2017;domingo;20:05:00;MT;364;435;VARZEA GRANDE;Sim;Desobediência às normas de trânsito pelo condutor;2;Colisão lateral;Com Vítimas Feridas;Plena Noite;Decrescente;Céu Claro;Dupla;Reta;Sim;9919;Bicicleta;;NA;Condutor;Lesões Leves;32;Masculino;0;1;0;0;-15,6468;-56,1978;SR-MT;DEL2/4;UOP02/MT
5985;12936;22/01/2017;domingo;20:05:00;MT;364;435;VARZEA GRANDE;Não;Falta de Atenção à Condução;2;Colisão lateral;Com Vítimas Feridas;Plena Noite;Decrescente;Céu Claro;Dupla;Reta;Sim;9919;Bicicleta;;NA;Condutor;Lesões Leves;32;Masculino;0;1;0;0;-15,6468;-56,1978;SR-MT;DEL2/4;UOP02/MT
5985;12936;22/01/2017;domingo;20:05:00;MT;364;435;VARZEA GRANDE;Sim;Desobediência às normas de trânsito pelo condutor;1;Colisão com objeto em movimento;Com Vítimas Feridas;Plena Noite;Decrescente;Céu Claro;Dupla;Reta;Sim;9919;Bicicleta;;NA;Condutor;Lesões Leves;32;Masculino;0;1;0;0;-15,6468;-56,1978;SR-MT;DEL2/4;UOP02/MT
5985;12936;22/01/2017;domingo;20:05:00;MT;364;435;VARZEA GRANDE;Não;Falta de Atenção à Condução;1;Colisão com objeto em movimento;Com Vítimas Feridas;Plena Noite;Decrescente;Céu Claro;Dupla;Reta;Sim;9919;Bicicleta;;NA;Condutor;Lesões Leves;32;Masculino;0;1;0;0;-15,6468;-56,1978;SR-MT;DEL2/4;UOP02/MT
6017;14940;22/01/2017;domingo;22:50:00;PE;101;90,6;CABO DE SANTO AGOSTINHO;Sim;Velocidade Incompatível;1;Colisão com objeto em movimento;Com Vítimas Fatais;Plena Noite;Decrescente;Céu Claro;Múltipla;Reta;Sim;9987;Bicicleta;;NA;Testemunha;Não Informado;NA;Não Informado;0;0;0;0;-8,23371175;-34,97808516;SR-PE;DEL11/1;UOP03/PE
6017;14940;22/01/2017;domingo;22:50:00;PE;101;90,6;CABO DE SANTO AGOSTINHO;Não;Desobediência às normas de trânsito pelo condutor;1;Colisão com objeto em movimento;Com Vítimas Fatais;Plena Noite;Decrescente;Céu Claro;Múltipla;Reta;Sim;9987;Bicicleta;;NA;Testemunha;Não Informado;NA;Não Informado;0;0;0;0;-8,23371175;-34,97808516;SR-PE;DEL11/1;UOP03/PE
6017;14940;22/01/2017;domingo;22:50:00;PE;101;90,6;CABO DE SANTO AGOSTINHO;Não;Ingestão de Álcool;1;Colisão com objeto em movimento;Com Vítimas Fatais;Plena Noite;Decrescente;Céu Claro;Múltipla;Reta;Sim;9987;Bicicleta;;NA;Testemunha;Não Informado;NA;Não Informado;0;0;0;0;-8,23371175;-34,97808516;SR-PE;DEL11/1;UOP03/PE
6017;14934;22/01/2017;domingo;22:50:00;PE;101;90,6;CABO DE SANTO AGOSTINHO;Sim;Velocidade Incompatível;1;Colisão com objeto em movimento;Com Vítimas Fatais;Plena Noite;Decrescente;Céu Claro;Múltipla;Reta;Sim;9987;Bicicleta;;NA;Testemunha;Não Informado;NA;Não Informado;0;0;0;0;-8,23371175;-34,97808516;SR-PE;DEL11/1;UOP03/PE
6017;14934;22/01/2017;domingo;22:50:00;PE;101;90,6;CABO DE SANTO AGOSTINHO;Não;Desobediência às normas de trânsito pelo condutor;1;Colisão com objeto em movimento;Com Vítimas Fatais;Plena Noite;Decrescente;Céu Claro;Múltipla;Reta;Sim;9987;Bicicleta;;NA;Testemunha;Não Informado;NA;Não Informado;0;0;0;0;-8,23371175;-34,97808516;SR-PE;DEL11/1;UOP03/PE
6017;14934;22/01/2017;domingo;22:50:00;PE;101;90,6;CABO DE SANTO AGOSTINHO;Não;Ingestão de Álcool;1;Colisão com objeto em movimento;Com Vítimas Fatais;Plena Noite;Decrescente;Céu Claro;Múltipla;Reta;Sim;9987;Bicicleta;;NA;Testemunha;Não Informado;NA;Não Informado;0;0;0;0;-8,23371175;-34,97808516;SR-PE;DEL11/1;UOP03/PE
6017;13024;22/01/2017;domingo;22:50:00;PE;101;90,6;CABO DE SANTO AGOSTINHO;Sim;Velocidade Incompatível;1;Colisão com objeto em movimento;Com Vítimas Fatais;Plena Noite;Decrescente;Céu Claro;Múltipla;Reta;Sim;9987;Bicicleta;;NA;Condutor;Óbito;20;Feminino;0;0;0;1;-8,23371175;-34,97808516;SR-PE;DEL11/1;UOP03/PE
6017;13024;22/01/2017;domingo;22:50:00;PE;101;90,6;CABO DE SANTO AGOSTINHO;Não;Desobediência às normas de trânsito pelo condutor;1;Colisão com objeto em movimento;Com Vítimas Fatais;Plena Noite;Decrescente;Céu Claro;Múltipla;Reta;Sim;9987;Bicicleta;;NA;Condutor;Óbito;20;Feminino;0;0;0;1;-8,23371175;-34,97808516;SR-PE;DEL11/1;UOP03/PE
6017;13024;22/01/2017;domingo;22:50:00;PE;101;90,6;CABO DE SANTO AGOSTINHO;Não;Ingestão de Álcool;1;Colisão com objeto em movimento;Com Vítimas Fatais;Plena Noite;Decrescente;Céu Claro;Múltipla;Reta;Sim;9987;Bicicleta;;NA;Condutor;Óbito;20;Feminino;0;0;0;1;-8,23371175;-34,97808516;SR-PE;DEL11/1;UOP03/PE
6097;13468;23/01/2017;segunda-feira;10:00:00;CE;222;3;SOBRAL;Sim;Falta de Atenção à Condução;1;Colisão lateral;Com Vítimas Feridas;Pleno dia;Decrescente;Céu Claro;Dupla;Reta;Sim;10194;Bicicleta;;NA;Condutor;Ileso;NA;Masculino;1;0;0;0;-3,69296647;-40,34317017;SR-CE;DEL16/4;UOP01/CE
6221;13600;23/01/2017;segunda-feira;19:50:00;RS;116;517,9;PELOTAS;Sim;Falta de Atenção à Condução;1;Colisão traseira;Com Vítimas Feridas;Pleno dia;Crescente;Céu Claro;Dupla;Reta;Sim;10405;Bicicleta;;NA;Condutor;Ileso;22;Masculino;1;0;0;0;-31,68458448;-52,3462379;SR-RS;DEL9/7;UOP01/RS
6231;13648;23/01/2017;segunda-feira;18:50:00;CE;116;64,3;CHOROZINHO;Sim;Falta de Atenção à Condução;2;Queda de ocupante de veículo;Com Vítimas Feridas;Plena Noite;Crescente;Nublado;Simples;Reta;Sim;10430;Bicicleta;;NA;Condutor;Lesões Leves;38;Feminino;0;1;0;0;-4,29437451;-38,49815369;SR-CE;DEL16/3;UOP02/CE
6231;13648;23/01/2017;segunda-feira;18:50:00;CE;116;64,3;CHOROZINHO;Não;Velocidade Incompatível;2;Queda de ocupante de veículo;Com Vítimas Feridas;Plena Noite;Crescente;Nublado;Simples;Reta;Sim;10430;Bicicleta;;NA;Condutor;Lesões Leves;38;Feminino;0;1;0;0;-4,29437451;-38,49815369;SR-CE;DEL16/3;UOP02/CE
6231;13648;23/01/2017;segunda-feira;18:50:00;CE;116;64,3;CHOROZINHO;Sim;Falta de Atenção à Condução;1;Colisão traseira;Com Vítimas Feridas;Plena Noite;Crescente;Nublado;Simples;Reta;Sim;10430;Bicicleta;;NA;Condutor;Lesões Leves;38;Feminino;0;1;0;0;-4,29437451;-38,49815369;SR-CE;DEL16/3;UOP02/CE
6231;13648;23/01/2017;segunda-feira;18:50:00;CE;116;64,3;CHOROZINHO;Não;Velocidade Incompatível;1;Colisão traseira;Com Vítimas Feridas;Plena Noite;Crescente;Nublado;Simples;Reta;Sim;10430;Bicicleta;;NA;Condutor;Lesões Leves;38;Feminino;0;1;0;0;-4,29437451;-38,49815369;SR-CE;DEL16/3;UOP02/CE
6258;13672;23/01/2017;segunda-feira;19:30:00;BA;415;22;ILHEUS;Sim;Falta de Atenção à Condução;1;Colisão transversal;Com Vítimas Feridas;Plena Noite;Crescente;Céu Claro;Simples;Curva;Não;10467;Bicicleta;;NA;Condutor;Lesões Leves;33;Masculino;0;1;0;0;-14,8000804;-39,15899277;SR-BA;DEL10/5;UOP01/BA
6452;14140;24/01/2017;terça-feira;19:20:00;CE;116;7,3;FORTALEZA;Sim;Falta de Atenção à Condução;1;Colisão transversal;Com Vítimas Feridas;Plena Noite;Decrescente;Céu Claro;Dupla;Reta;Sim;10865;Bicicleta;;NA;Condutor;Não Informado;NA;Não Informado;0;0;0;0;-3,81480754;-38,50148152;SR-CE;DEL16/1;UOP02/CE
6669;14623;25/01/2017;quarta-feira;17:00:00;MS;163;260;DOURADOS;Sim;Falta de Atenção do Pedestre;1;Atropelamento de Pedestre;Com Vítimas Feridas;Pleno dia;Crescente;Chuva;Dupla;Reta;Sim;11240;Bicicleta;;NA;Condutor;Não Informado;NA;Não Informado;0;0;0;0;-22,20111877;-54,70068097;SR-MS;DEL3/4;UOP01/MS
6758;17636;26/01/2017;quinta-feira;04:30:00;RJ;101;100;CAMPOS DOS GOYTACAZES;Sim;Falta de Atenção à Condução;1;Colisão transversal;Com Vítimas Feridas;Plena Noite;Crescente;Céu Claro;Simples;Reta;Não;13774;Bicicleta;;NA;Condutor;Lesões Leves;57;Masculino;0;1;0;0;-21,88613094;-41,59552574;SR-RJ;DEL5/8;UOP02/RJ
6808;15046;26/01/2017;quinta-feira;11:28:00;PR;476;153;ARAUCARIA;Sim;Defeito Mecânico no Veículo;1;Queda de ocupante de veículo;Com Vítimas Feridas;Pleno dia;Crescente;Céu Claro;Dupla;Reta;Sim;11582;Bicicleta;GIANT'S/;NA;Condutor;Não Informado;NA;Não Informado;0;0;0;0;-25,57625471;-49,3911168;SR-PR;DEL7/1;UOP04/PR
6808;15037;26/01/2017;quinta-feira;11:28:00;PR;476;153;ARAUCARIA;Sim;Defeito Mecânico no Veículo;1;Queda de ocupante de veículo;Com Vítimas Feridas;Pleno dia;Crescente;Céu Claro;Dupla;Reta;Sim;11582;Bicicleta;GIANT'S/;NA;Passageiro;Lesões Leves;37;Masculino;0;1;0;0;-25,57625471;-49,3911168;SR-PR;DEL7/1;UOP04/PR
6932;15391;26/01/2017;quinta-feira;18:25:00;CE;20;12,7;MARACANAU;Sim;Ingestão de Álcool;1;Colisão transversal;Com Vítimas Feridas;Plena Noite;Crescente;Nublado;Dupla;Reta;Sim;11864;Bicicleta;;NA;Condutor;Lesões Leves;47;Masculino;0;1;0;0;-3,84544904;-38,57741113;SR-CE;DEL16/2;UOP02/CE
6936;15486;26/01/2017;quinta-feira;19:30:00;MG;116;414,1;GOVERNADOR VALADARES;Sim;Velocidade Incompatível;1;Colisão transversal;Com Vítimas Feridas;Anoitecer;Crescente;Céu Claro;Simples;Reta;Sim;11975;Bicicleta;;NA;Condutor;Lesões Graves;34;Feminino;0;0;1;0;-18,88020908;-41,96048856;SR-MG;DEL4/6;UOP01/MG
6944;15373;26/01/2017;quinta-feira;20:55:00;PR;369;184,9;ARAPONGAS;Sim;Não guardar distância de segurança;1;Atropelamento de Pedestre;Com Vítimas Feridas;Plena Noite;Crescente;Céu Claro;Simples;Reta;Sim;11846;Bicicleta;;NA;Condutor;Lesões Graves;67;Masculino;0;0;1;0;-23,40646564;-51,42822897;SR-PR;DEL7/7;UOP03/PR
6959;15372;26/01/2017;quinta-feira;20:50:00;SC;101;22,6;JOINVILLE;Sim;Restrição de Visibilidade;1;Colisão com objeto estático;Com Vítimas Feridas;Plena Noite;Crescente;Chuva;Dupla;Interseção de vias;Não;11844;Bicicleta;;NA;Condutor;Lesões Leves;24;Masculino;0;1;0;0;-26,16228616;-48,90759179;SR-SC;DEL8/3;UOP01/SC
6959;15372;26/01/2017;quinta-feira;20:50:00;SC;101;22,6;JOINVILLE;Não;Falta de Atenção à Condução;1;Colisão com objeto estático;Com Vítimas Feridas;Plena Noite;Crescente;Chuva;Dupla;Interseção de vias;Não;11844;Bicicleta;;NA;Condutor;Lesões Leves;24;Masculino;0;1;0;0;-26,16228616;-48,90759179;SR-SC;DEL8/3;UOP01/SC
6959;15372;26/01/2017;quinta-feira;20:50:00;SC;101;22,6;JOINVILLE;Não;Fenômenos da Natureza;1;Colisão com objeto estático;Com Vítimas Feridas;Plena Noite;Crescente;Chuva;Dupla;Interseção de vias;Não;11844;Bicicleta;;NA;Condutor;Lesões Leves;24;Masculino;0;1;0;0;-26,16228616;-48,90759179;SR-SC;DEL8/3;UOP01/SC
6960;15420;26/01/2017;quinta-feira;19:10:00;BA;116;10,2;VITORIA DA CONQUISTA;Sim;Falta de Atenção à Condução;1;Atropelamento de Pedestre;Com Vítimas Fatais;Plena Noite;Decrescente;Céu Claro;Simples;Desvio Temporário;Não;11901;Bicicleta;;NA;Condutor;Óbito;26;Masculino;0;0;0;1;-14,8601;-40,8756;SR-BA;DEL10/8;UOP01/BA
6961;17440;26/01/2017;quinta-feira;19:45:00;RO;421;28;MONTE NEGRO;Sim;Ingestão de Álcool;1;Atropelamento de Pedestre;Com Vítimas Feridas;Plena Noite;Decrescente;Céu Claro;Simples;Reta;Não;13599;Bicicleta;;NA;Condutor;Lesões Leves;66;Masculino;0;1;0;0;-10,10206176;-63,22756505;SR-RO;DEL21/3;UOP01/RO
6967;15403;26/01/2017;quinta-feira;21:30:00;MT;70;1,5;BARRA DO GARCAS;Sim;Falta de Atenção à Condução;1;Colisão transversal;Com Vítimas Feridas;Plena Noite;Crescente;Chuva;Simples;Reta;Sim;11874;Bicicleta;;NA;Condutor;Lesões Leves;61;Masculino;0;1;0;0;-15,88934693;-52,26533175;SR-MT;DEL2/8;UOP01/MT
7008;17695;26/01/2017;quinta-feira;22:00:00;MG;116;178,9;PADRE PARAISO;Sim;Falta de Atenção à Condução;1;Atropelamento de Pedestre;Com Vítimas Feridas;Plena Noite;Decrescente;Ignorado;Simples;Reta;Sim;13847;Bicicleta;;NA;Condutor;Lesões Leves;14;Masculino;0;1;0;0;-17,07261126;-41,48514839;SR-MG;DEL4/11;UOP02/MG
7082;15597;27/01/2017;sexta-feira;12:00:00;MG;365;625,8;UBERLANDIA;Sim;Falta de Atenção à Condução;1;Tombamento;Com Vítimas Feridas;Pleno dia;Decrescente;Céu Claro;Dupla;Reta;Sim;12070;Bicicleta;MONARK/;NA;Testemunha;Não Informado;NA;Não Informado;0;0;0;0;-18,90454545;-48,28608325;SR-MG;DEL4/15;UOP01/MG
7082;15596;27/01/2017;sexta-feira;12:00:00;MG;365;625,8;UBERLANDIA;Sim;Falta de Atenção à Condução;1;Tombamento;Com Vítimas Feridas;Pleno dia;Decrescente;Céu Claro;Dupla;Reta;Sim;12070;Bicicleta;MONARK/;NA;Condutor;Lesões Leves;77;Masculino;0;1;0;0;-18,90454545;-48,28608325;SR-MG;DEL4/15;UOP01/MG
7166;15949;27/01/2017;sexta-feira;17:45:00;PR;467;117;CASCAVEL;Sim;Ingestão de Álcool;1;Colisão transversal;Com Vítimas Feridas;Pleno dia;Decrescente;Sol;Dupla;Curva;Sim;12268;Bicicleta;;NA;Condutor;Lesões Leves;22;Masculino;0;1;0;0;-24,96422406;-53,40580702;SR-PR;DEL7/4;UOP01/PR
7214;15957;27/01/2017;sexta-feira;20:00:00;RJ;101;71,1;CAMPOS DOS GOYTACAZES;Sim;Falta de Atenção à Condução;2;Queda de ocupante de veículo;Com Vítimas Feridas;Plena Noite;Crescente;Céu Claro;Simples;Reta;Sim;12370;Bicicleta;;NA;Condutor;Lesões Leves;44;Masculino;0;1;0;0;-21,78659034;-41,38290167;SR-RJ;DEL5/8;UOP02/RJ
7214;15957;27/01/2017;sexta-feira;20:00:00;RJ;101;71,1;CAMPOS DOS GOYTACAZES;Sim;Falta de Atenção à Condução;1;Colisão transversal;Com Vítimas Feridas;Plena Noite;Crescente;Céu Claro;Simples;Reta;Sim;12370;Bicicleta;;NA;Condutor;Lesões Leves;44;Masculino;0;1;0;0;-21,78659034;-41,38290167;SR-RJ;DEL5/8;UOP02/RJ
7231;16736;27/01/2017;sexta-feira;22:40:00;SC;470;71;INDAIAL;Sim;Ingestão de Álcool;1;Colisão lateral;Com Vítimas Feridas;Plena Noite;Decrescente;Céu Claro;Simples;Interseção de vias;Sim;13008;Bicicleta;;NA;Condutor;Lesões Leves;57;Masculino;0;1;0;0;-26,88803346;-49,25280869;SR-SC;DEL8/4;UOP01/SC
7232;17140;27/01/2017;sexta-feira;18:45:00;MG;262;38,7;MANHUACU;Sim;Falta de Atenção à Condução;1;Colisão transversal;Sem Vítimas;Anoitecer;Crescente;Céu Claro;Simples;Desvio Temporário;Sim;12341;Bicicleta;;NA;Condutor;Ileso;21;Masculino;1;0;0;0;-20,27548635;-42,05226034;SR-MG;DEL4/6;UOP04/MG
7340;16382;28/01/2017;sábado;10:45:00;DF;20;17;BRASILIA;Sim;Falta de Atenção à Condução;1;Colisão traseira;Com Vítimas Feridas;Pleno dia;Crescente;Céu Claro;Dupla;Desvio Temporário;Não;12571;Bicicleta;;NA;Condutor;Lesões Leves;46;Feminino;0;1;0;0;-15,6216278;-47,71789575;SR-DF;UOP04/DF;
7388;16186;25/01/2017;quarta-feira;15:05:00;MT;364;264,4;SAO PEDRO DA CIPA;Sim;Falta de Atenção à Condução;1;Colisão transversal;Com Vítimas Feridas;Pleno dia;Crescente;Sol;Simples;Reta;Sim;12588;Bicicleta;;NA;Condutor;Lesões Graves;11;Feminino;0;0;1;0;-16,00039929;-54,92146969;SR-MT;DEL2/1;UOP02/MT
7411;16306;28/01/2017;sábado;13:40:00;PI;316;6;TERESINA;Sim;Falta de Atenção à Condução;1;Colisão transversal;Com Vítimas Feridas;Pleno dia;Crescente;Sol;Dupla;Reta;Sim;12656;Bicicleta;MONARK/;NA;Condutor;Lesões Graves;56;Masculino;0;0;1;0;-5,15288813;-42,77264491;SR-PI;DEL17/1;UOP02/PI
7433;16349;28/01/2017;sábado;12:55:00;MG;116;414;GOVERNADOR VALADARES;Sim;Ingestão de Álcool;2;Tombamento;Com Vítimas Feridas;Pleno dia;Decrescente;Céu Claro;Simples;Reta;Sim;12697;Bicicleta;;NA;Condutor;Lesões Leves;33;Masculino;0;1;0;0;-18,88208204;-41,95729673;SR-MG;DEL4/6;UOP01/MG
7433;16349;28/01/2017;sábado;12:55:00;MG;116;414;GOVERNADOR VALADARES;Sim;Ingestão de Álcool;1;Colisão transversal;Com Vítimas Feridas;Pleno dia;Decrescente;Céu Claro;Simples;Reta;Sim;12697;Bicicleta;;NA;Condutor;Lesões Leves;33;Masculino;0;1;0;0;-18,88208204;-41,95729673;SR-MG;DEL4/6;UOP01/MG
7519;18243;29/01/2017;domingo;01:30:00;RN;304;47;MOSSORO;Sim;Ingestão de Álcool;1;Colisão traseira;Com Vítimas Feridas;Plena Noite;Decrescente;Nublado;Dupla;Reta;Sim;12840;Bicicleta;MONARK/;NA;Condutor;Lesões Graves;44;Masculino;0;0;1;0;-5,22609285;-37,32641459;SR-RN;DEL15/4;UOP01/RN
7569;22790;29/01/2017;domingo;07:40:00;RJ;116;311;ITATIAIA;Sim;Falta de Atenção à Condução;1;Colisão transversal;Com Vítimas Feridas;Pleno dia;Crescente;Céu Claro;Simples;Curva;Não;17986;Bicicleta;;NA;Condutor;Lesões Leves;20;Masculino;0;1;0;0;-22,467;-44,5004;SR-RJ;DEL5/7;UOP03/RJ