id;pesid;data_inversa;dia_semana;horario;uf;br;km;municipio;causa_principal;causa_acidente;ordem_tipo_acidente;tipo_acidente;classificacao_acidente;fase_dia;sentido_via;condicao_metereologica;tipo_pista;tracado_via;uso_solo;id_veiculo;tipo_veiculo;marca;ano_fabricacao_veiculo;tipo_envolvido;estado_fisico;idade;sexo;ilesos;feridos_leves;feridos_graves;mortos;latitude;longitude;regional;delegacia;uop
10146;21937;07/02/2017;terça-feira;19:30:00;PR;277;1,1;FOZ DO IGUACU;Sim;Falta de Atenção à Condução;1;Colisão lateral;Com Vítimas Feridas;Pleno dia;Decrescente;Céu Claro;Dupla;Não Informado;Sim;17341;Bicicleta;;NA;Condutor;Ileso;30;Masculino;1;0;0;0;-25,49604467;-54,58361864;SR-PR;DEL7/5;UOP03/PR
10155;22111;07/02/2017;terça-feira;20:40:00;SP;116;282,6;EMBU DAS ARTES;Sim;Falta de Atenção à Condução;1;Atropelamento de Pedestre;Com Vítimas Feridas;Plena Noite;Crescente;Garoa/Chuvisco;Dupla;Retorno Regulamentado;Não;17489;Bicicleta;;NA;Condutor;Lesões Leves;66;Masculino;0;1;0;0;-23,6642;-46,85407;SR-SP;DEL6/4;UOP01/SP
10155;22111;07/02/2017;terça-feira;20:40:00;SP;116;282,6;EMBU DAS ARTES;Não;Restrição de Visibilidade;1;Atropelamento de Pedestre;Com Vítimas Feridas;Plena Noite;Crescente;Garoa/Chuvisco;Dupla;Retorno Regulamentado;Não;17489;Bicicleta;;NA;Condutor;Lesões Leves;66;Masculino;0;1;0;0;-23,6642;-46,85407;SR-SP;DEL6/4;UOP01/SP
10168;23045;07/02/2017;terça-feira;21:45:00;SP;116;446;REGISTRO;Sim;Não guardar distância de segurança;3;Tombamento;Com Vítimas Feridas;Plena Noite;Crescente;Nublado;Dupla;Reta;Sim;18179;Bicicleta;;NA;Condutor;Lesões Leves;35;Masculino;0;1;0;0;-24,504;-47,8478;SR-SP;DEL6/5;UOP01/SP
10168;23045;07/02/2017;terça-feira;21:45:00;SP;116;446;REGISTRO;Não;Restrição de Visibilidade;3;Tombamento;Com Vítimas Feridas;Plena Noite;Crescente;Nublado;Dupla;Reta;Sim;18179;Bicicleta;;NA;Condutor;Lesões Leves;35;Masculino;0;1;0;0;-24,504;-47,8478;SR-SP;DEL6/5;UOP01/SP
10168;23045;07/02/2017;terça-feira;21:45:00;SP;116;446;REGISTRO;Não;Falta de Atenção à Condução;3;Tombamento;Com Vítimas Feridas;Plena Noite;Crescente;Nublado;Dupla;Reta;Sim;18179;Bicicleta;;NA;Condutor;Lesões Leves;35;Masculino;0;1;0;0;-24,504;-47,8478;SR-SP;DEL6/5;UOP01/SP
10168;23045;07/02/2017;terça-feira;21:45:00;SP;116;446;REGISTRO;Sim;Não guardar distância de segurança;2;Queda de ocupante de veículo;Com Vítimas Feridas;Plena Noite;Crescente;Nublado;Dupla;Reta;Sim;18179;Bicicleta;;NA;Condutor;Lesões Leves;35;Masculino;0;1;0;0;-24,504;-47,8478;SR-SP;DEL6/5;UOP01/SP
10168;23045;07/02/2017;terça-feira;21:45:00;SP;116;446;REGISTRO;Não;Restrição de Visibilidade;2;Queda de ocupante de veículo;Com Vítimas Feridas;Plena Noite;Crescente;Nublado;Dupla;Reta;Sim;18179;Bicicleta;;NA;Condutor;Lesões Leves;35;Masculino;0;1;0;0;-24,504;-47,8478;SR-SP;DEL6/5;UOP01/SP
10168;23045;07/02/2017;terça-feira;21:45:00;SP;116;446;REGISTRO;Não;Falta de Atenção à Condução;2;Queda de ocupante de veículo;Com Vítimas Feridas;Plena Noite;Crescente;Nublado;Dupla;Reta;Sim;18179;Bicicleta;;NA;Condutor;Lesões Leves;35;Masculino;0;1;0;0;-24,504;-47,8478;SR-SP;DEL6/5;UOP01/SP
10168;23045;07/02/2017;terça-feira;21:45:00;SP;116;446;REGISTRO;Sim;Não guardar distância de segurança;1;Colisão lateral;Com Vítimas Feridas;Plena Noite;Crescente;Nublado;Dupla;Reta;Sim;18179;Bicicleta;;NA;Condutor;Lesões Leves;35;Masculino;0;1;0;0;-24,504;-47,8478;SR-SP;DEL6/5;UOP01/SP
10168;23045;07/02/2017;terça-feira;21:45:00;SP;116;446;REGISTRO;Não;Restrição de Visibilidade;1;Colisão lateral;Com Vítimas Feridas;Plena Noite;Crescente;Nublado;Dupla;Reta;Sim;18179;Bicicleta;;NA;Condutor;Lesões Leves;35;Masculino;0;1;0;0;-24,504;-47,8478;SR-SP;DEL6/5;UOP01/SP
10168;23045;07/02/2017;terça-feira;21:45:00;SP;116;446;REGISTRO;Não;Falta de Atenção à Condução;1;Colisão lateral;Com Vítimas Feridas;Plena Noite;Crescente;Nublado;Dupla;Reta;Sim;18179;Bicicleta;;NA;Condutor;Lesões Leves;35;Masculino;0;1;0;0;-24,504;-47,8478;SR-SP;DEL6/5;UOP01/SP
10370;25718;08/02/2017;quarta-feira;20:50:00;MG;365;5;MONTES CLAROS;Sim;Falta de Atenção à Condução;1;Colisão com objeto em movimento;Com Vítimas Feridas;Plena Noite;Decrescente;Garoa/Chuvisco;Simples;Desvio Temporário;Não;20521;Bicicleta;;NA;Condutor;Lesões Leves;31;Masculino;0;1;0;0;-16,804;-43,9033;SR-MG;DEL4/12;UOP01/MG
10397;22673;08/02/2017;quarta-feira;21:20:00;MS;267;367;MARACAJU;Sim;Falta de Atenção à Condução;1;Colisão traseira;Com Vítimas Feridas;Plena Noite;Decrescente;Nublado;Dupla;Reta;Não;17900;Bicicleta;;NA;Condutor;Lesões Graves;52;Masculino;0;0;1;0;-21,64055551;-55,17274238;SR-MS;DEL3/5;UOP01/MS
10453;22754;27/01/2017;sexta-feira;17:10:00;MG;262;443;NOVA SERRANA;Sim;Falta de Atenção à Condução;1;Colisão transversal;Com Vítimas Feridas;Pleno dia;Decrescente;Céu Claro;Múltipla;Reta;Sim;17967;Bicicleta;;NA;Testemunha;Não Informado;NA;Não Informado;0;0;0;0;-19,8711193;-44,97626949;SR-MG;DEL4/8;UOP03/MG
10453;22753;27/01/2017;sexta-feira;17:10:00;MG;262;443;NOVA SERRANA;Sim;Falta de Atenção à Condução;1;Colisão transversal;Com Vítimas Feridas;Pleno dia;Decrescente;Céu Claro;Múltipla;Reta;Sim;17967;Bicicleta;;NA;Condutor;Lesões Graves;27;Feminino;0;0;1;0;-19,8711193;-44,97626949;SR-MG;DEL4/8;UOP03/MG
10620;23205;09/02/2017;quinta-feira;20:00:00;RJ;465;17;NOVA IGUACU;Sim;Restrição de Visibilidade;1;Colisão com objeto estático;Sem Vítimas;Pleno dia;Decrescente;Céu Claro;Simples;Interseção de vias;Sim;18321;Bicicleta;;NA;Condutor;Ileso;2;Masculino;1;0;0;0;-22,82460534;-43,61795425;SR-RJ;DEL5/1;UOP03/RJ
10620;23205;09/02/2017;quinta-feira;20:00:00;RJ;465;17;NOVA IGUACU;Não;Carga excessiva e/ou mal acondicionada;1;Colisão com objeto estático;Sem Vítimas;Pleno dia;Decrescente;Céu Claro;Simples;Interseção de vias;Sim;18321;Bicicleta;;NA;Condutor;Ileso;2;Masculino;1;0;0;0;-22,82460534;-43,61795425;SR-RJ;DEL5/1;UOP03/RJ
10620;23203;09/02/2017;quinta-feira;20:00:00;RJ;465;17;NOVA IGUACU;Sim;Restrição de Visibilidade;1;Colisão com objeto estático;Sem Vítimas;Pleno dia;Decrescente;Céu Claro;Simples;Interseção de vias;Sim;18321;Bicicleta;;NA;Pedestre;Ileso;NA;Não Informado;1;0;0;0;-22,82460534;-43,61795425;SR-RJ;DEL5/1;UOP03/RJ
10620;23203;09/02/2017;quinta-feira;20:00:00;RJ;465;17;NOVA IGUACU;Não;Carga excessiva e/ou mal acondicionada;1;Colisão com objeto estático;Sem Vítimas;Pleno dia;Decrescente;Céu Claro;Simples;Interseção de vias;Sim;18321;Bicicleta;;NA;Pedestre;Ileso;NA;Não Informado;1;0;0;0;-22,82460534;-43,61795425;SR-RJ;DEL5/1;UOP03/RJ
10631;23252;09/02/2017;quinta-feira;20:20:00;MS;262;370,5;TERENOS;Sim;Defeito na Via;1;Tombamento;Com Vítimas Feridas;Plena Noite;Crescente;Chuva;Simples;Curva;Não;18370;Bicicleta;;NA;Condutor;Lesões Leves;24;Masculino;0;1;0;0;-20,48996422;-54,81069982;SR-MS;DEL3/1;UOP03/MS
10631;23252;09/02/2017;quinta-feira;20:20:00;MS;262;370,5;TERENOS;Não;Restrição de Visibilidade;1;Tombamento;Com Vítimas Feridas;Plena Noite;Crescente;Chuva;Simples;Curva;Não;18370;Bicicleta;;NA;Condutor;Lesões Leves;24;Masculino;0;1;0;0;-20,48996422;-54,81069982;SR-MS;DEL3/1;UOP03/MS
10650;24038;09/02/2017;quinta-feira;22:10:00;PI;316;312;PICOS;Sim;Falta de Atenção à Condução;1;Colisão frontal;Com Vítimas Feridas;Plena Noite;Crescente;Nublado;Simples;Reta;Sim;18388;Bicicleta;;NA;Condutor;Lesões Leves;75;Masculino;0;1;0;0;-7,0138947;-41,5875654;SR-PI;DEL17/4;UOP01/PI
10705;23551;10/02/2017;sexta-feira;08:10:00;RS;101;1,5;TORRES;Sim;Falta de Atenção à Condução;1;Colisão transversal;Com Vítimas Feridas;Pleno dia;Crescente;Céu Claro;Dupla;Reta;Sim;18616;Bicicleta;;NA;Condutor;Lesões Leves;74;Masculino;0;1;0;0;-29,31269953;-49,7738474;SR-RS;DEL9/3;UOP03/RS
10833;23778;10/02/2017;sexta-feira;09:30:00;ES;101;271,2;SERRA;Sim;Desobediência às normas de trânsito pelo condutor;1;Colisão lateral;Com Vítimas Fatais;Pleno dia;Decrescente;Céu Claro;Múltipla;Interseção de vias;Sim;18710;Bicicleta;;NA;Condutor;Óbito;66;Masculino;0;0;0;1;-20,23098773;-40,27934164;SR-ES;DEL12/2;UOP01/ES
11045;24279;11/02/2017;sábado;09:10:00;SP;101;47,2;UBATUBA;Sim;Desobediência às normas de trânsito pelo condutor;1;Colisão lateral;Com Vítimas Feridas;Pleno dia;Decrescente;Céu Claro;Simples;Reta;Sim;19282;Bicicleta;;NA;Condutor;Lesões Leves;42;Feminino;0;1;0;0;-23,43442521;-45,08639663;SR-SP;DEL6/7;UOP01/SP
11045;24279;11/02/2017;sábado;09:10:00;SP;101;47,2;UBATUBA;Não;Falta de Atenção à Condução;1;Colisão lateral;Com Vítimas Feridas;Pleno dia;Decrescente;Céu Claro;Simples;Reta;Sim;19282;Bicicleta;;NA;Condutor;Lesões Leves;42;Feminino;0;1;0;0;-23,43442521;-45,08639663;SR-SP;DEL6/7;UOP01/SP
11091;24164;11/02/2017;sábado;10:30:00;PA;316;23;BENEVIDES;Sim;Desobediência às normas de trânsito pelo condutor;1;Colisão traseira;Com Vítimas Feridas;Pleno dia;Decrescente;Céu Claro;Dupla;Curva;Não;19201;Bicicleta;;NA;Condutor;Lesões Leves;58;Masculino;0;1;0;0;-1,3437;-48,2494;SR-PA;DEL19/1;UOP01/PA
11091;24167;11/02/2017;sábado;10:30:00;PA;316;23;BENEVIDES;Sim;Desobediência às normas de trânsito pelo condutor;1;Colisão traseira;Com Vítimas Feridas;Pleno dia;Decrescente;Céu Claro;Dupla;Curva;Não;19200;Bicicleta;;NA;Condutor;Lesões Graves;56;Masculino;0;0;1;0;-1,3437;-48,2494;SR-PA;DEL19/1;UOP01/PA
11227;24432;11/02/2017;sábado;17:20:00;MA;135;90;ITAPECURU MIRIM;Sim;Mal Súbito;1;Atropelamento de Pedestre;Com Vítimas Fatais;Anoitecer;Crescente;Céu Claro;Simples;Reta;Não;19404;Bicicleta;;NA;Condutor;Óbito;31;Masculino;0;0;0;1;-3,29;-44,4145;SR-MA;DEL18/1;UOP02/MA
11233;26884;11/02/2017;sábado;20:10:00;PB;101;40,9;MAMANGUAPE;Sim;Falta de Atenção à Condução;1;Queda de ocupante de veículo;Com Vítimas Feridas;Plena Noite;Decrescente;Céu Claro;Dupla;Desvio Temporário;Não;21424;Bicicleta;;NA;Condutor;Lesões Leves;NA;Masculino;0;1;0;0;-6,85672461;-35,13367653;SR-PB;DEL14/1;UOP03/PB
11233;24363;11/02/2017;sábado;20:10:00;PB;101;40,9;MAMANGUAPE;Sim;Falta de Atenção à Condução;1;Queda de ocupante de veículo;Com Vítimas Feridas;Plena Noite;Decrescente;Céu Claro;Dupla;Desvio Temporário;Não;21424;Bicicleta;;NA;Cavaleiro;Lesões Leves;47;Masculino;0;1;0;0;-6,85672461;-35,13367653;SR-PB;DEL14/1;UOP03/PB
11303;26719;11/02/2017;sábado;22:00:00;TO;153;142,7;ARAGUAINA;Sim;Ingestão de Álcool;1;Colisão traseira;Com Vítimas Feridas;Plena Noite;Crescente;Céu Claro;Múltipla;Reta;Sim;20879;Bicicleta;;NA;Condutor;Lesões Graves;27;Masculino;0;0;1;0;-7,19410558;-48,23532584;SR-TO;UOP04/TO;
11412;24754;12/02/2017;domingo;13:00:00;PR;376;2,3;SAO JOSE DOS PINHAIS;Sim;Falta de Atenção à Condução;1;Colisão transversal;Com Vítimas Feridas;Pleno dia;Crescente;Nublado;Dupla;Reta;Sim;19668;Bicicleta;;NA;Condutor;Lesões Leves;38;Masculino;0;1;0;0;-25,54910131;-49,18851245;SR-PR;DEL7/1;UOP08/PR
11491;24836;12/02/2017;domingo;15:30:00;RJ;116;209;SEROPEDICA;Sim;Falta de Atenção à Condução;1;Colisão lateral;Com Vítimas Feridas;Pleno dia;Crescente;Sol;Dupla;Não Informado;Sim;19705;Bicicleta;;NA;Condutor;Lesões Leves;36;Masculino;0;1;0;0;-22,71088606;-43,73564154;SR-RJ;DEL5/1;UOP03/RJ
11500;24862;12/02/2017;domingo;18:40:00;ES;101;146;LINHARES;Sim;Ingestão de Álcool;1;Colisão transversal;Com Vítimas Feridas;Anoitecer;Decrescente;Céu Claro;Múltipla;Não Informado;Sim;19722;Bicicleta;;NA;Testemunha;Não Informado;NA;Não Informado;0;0;0;0;-19,3942;-40,0655;SR-ES;DEL12/4;UOP01/ES
11500;24860;12/02/2017;domingo;18:40:00;ES;101;146;LINHARES;Sim;Ingestão de Álcool;1;Colisão transversal;Com Vítimas Feridas;Anoitecer;Decrescente;Céu Claro;Múltipla;Não Informado;Sim;19722;Bicicleta;;NA;Condutor;Lesões Leves;38;Masculino;0;1;0;0;-19,3942;-40,0655;SR-ES;DEL12/4;UOP01/ES
11513;24891;12/02/2017;domingo;18:45:00;CE;222;11;CAUCAIA;Sim;Ingestão de Álcool;1;Colisão com objeto em movimento;Com Vítimas Feridas;Plena Noite;Crescente;Céu Claro;Dupla;Reta;Sim;19731;Bicicleta;;NA;Condutor;Ileso;NA;Masculino;1;0;0;0;-3,7659;-38,6621;SR-CE;DEL16/1;UOP01/CE
11513;24893;12/02/2017;domingo;18:45:00;CE;222;11;CAUCAIA;Sim;Ingestão de Álcool;1;Colisão com objeto em movimento;Com Vítimas Feridas;Plena Noite;Crescente;Céu Claro;Dupla;Reta;Sim;19731;Bicicleta;;NA;Passageiro;Lesões Leves;NA;Feminino;0;1;0;0;-3,7659;-38,6621;SR-CE;DEL16/1;UOP01/CE
11565;25003;12/02/2017;domingo;22:05:00;PB;101;89;JOAO PESSOA;Sim;Falta de Atenção à Condução;1;Colisão frontal;Sem Vítimas;Plena Noite;Decrescente;Céu Claro;Dupla;Reta;Sim;19854;Bicicleta;MONARK/;NA;Condutor;Não Informado;NA;Não Informado;0;0;0;0;-7,16744472;-34,89668459;SR-PB;DEL14/1;UOP01/PB
11710;25375;13/02/2017;segunda-feira;11:30:00;MS;163;288;DOURADOS;Sim;Falta de Atenção à Condução;1;Colisão transversal;Com Vítimas Feridas;Pleno dia;Decrescente;Céu Claro;Simples;Reta;Sim;20158;Bicicleta;;NA;Condutor;Lesões Leves;66;Masculino;0;1;0;0;-22,08302027;-54,56975698;SR-MS;DEL3/4;UOP01/MS
11715;26214;13/02/2017;segunda-feira;11:40:00;ES;262;160;IBATIBA;Sim;Falta de Atenção à Condução;1;Colisão com objeto em movimento;Com Vítimas Feridas;Pleno dia;Decrescente;Nublado;Simples;Reta;Sim;20203;Bicicleta;MONARK/;NA;Condutor;Lesões Leves;78;Masculino;0;1;0;0;-20,2325632;-41,51201248;SR-ES;DEL12/1;UOP02/ES
11730;27842;13/02/2017;segunda-feira;12:45:00;RN;101;73,2;SAO GONCALO DO AMARANTE;Sim;Ultrapassagem Indevida;1;Colisão traseira;Com Vítimas Feridas;Pleno dia;Decrescente;Sol;Simples;Reta;Não;22162;Bicicleta;;NA;Condutor;Lesões Leves;47;Masculino;0;1;0;0;-5,70588008;-35,26642978;SR-RN;DEL15/2;UOP01/RN
11754;27373;13/02/2017;segunda-feira;13:50:00;AL;316;241,7;ATALAIA;Sim;Mal Súbito;1;Queda de ocupante de veículo;Com Vítimas Feridas;Pleno dia;Decrescente;Chuva;Simples;Não Informado;Não;21860;Bicicleta;;NA;Condutor;Lesões Graves;66;Masculino;0;0;1;0;-9,50743417;-36,02013588;SR-AL;DEL13/1;UOP01/AL
11770;25438;13/02/2017;segunda-feira;16:40:00;DF;40;1,2;BRASILIA;Sim;Falta de Atenção à Condução;1;Colisão lateral;Com Vítimas Feridas;Pleno dia;Crescente;Chuva;Dupla;Reta;Não;20221;Bicicleta;;NA;Condutor;Lesões Leves;53;Masculino;0;1;0;0;-15,986993;-47,987218;SR-DF;UOP01/DF;
11800;26273;13/02/2017;segunda-feira;17:30:00;SP;116;149;SAO JOSE DOS CAMPOS;Sim;Falta de Atenção à Condução;1;Colisão lateral;Com Vítimas Feridas;Pleno dia;Crescente;Sol;Múltipla;Desvio Temporário;Sim;20254;Bicicleta;;NA;Condutor;Lesões Leves;44;Masculino;0;1;0;0;-23,20725308;-45,88710755;SR-SP;DEL6/2;UOP01/SP
11822;25587;13/02/2017;segunda-feira;19:45:00;RS;287;236,9;SANTA MARIA;Sim;Falta de Atenção à Condução;1;Colisão traseira;Com Vítimas Feridas;Anoitecer;Decrescente;Céu Claro;Simples;Reta;Sim;20376;Bicicleta;;NA;Condutor;Lesões Leves;46;Masculino;0;1;0;0;-29,70716645;-53,74482304;SR-RS;DEL9/9;UOP01/RS
11840;29477;13/02/2017;segunda-feira;20:30:00;BA;415;18;ILHEUS;Sim;Falta de Atenção à Condução;1;Colisão frontal;Com Vítimas Feridas;Plena Noite;Crescente;Nublado;Simples;Reta;Sim;23643;Bicicleta;;NA;Condutor;Lesões Graves;44;Masculino;0;0;1;0;-14,7972;-39,0344;SR-BA;DEL10/5;UOP01/BA
11849;28241;13/02/2017;segunda-feira;21:00:00;MS;163;329,2;RIO BRILHANTE;Sim;Falta de Atenção à Condução;2;Tombamento;Com Vítimas Fatais;Plena Noite;Decrescente;Nublado;Simples;Reta;Não;20486;Bicicleta;;NA;Condutor;Óbito;50;Masculino;0;0;0;1;-21,73431148;-54,51263321;SR-MS;DEL3/2;UOP02/MS
11849;28241;13/02/2017;segunda-feira;21:00:00;MS;163;329,2;RIO BRILHANTE;Não;Restrição de Visibilidade;2;Tombamento;Com Vítimas Fatais;Plena Noite;Decrescente;Nublado;Simples;Reta;Não;20486;Bicicleta;;NA;Condutor;Óbito;50;Masculino;0;0;0;1;-21,73431148;-54,51263321;SR-MS;DEL3/2;UOP02/MS
11849;28241;13/02/2017;segunda-feira;21:00:00;MS;163;329,2;RIO BRILHANTE;Sim;Falta de Atenção à Condução;1;Colisão transversal;Com Vítimas Fatais;Plena Noite;Decrescente;Nublado;Simples;Reta;Não;20486;Bicicleta;;NA;Condutor;Óbito;50;Masculino;0;0;0;1;-21,73431148;-54,51263321;SR-MS;DEL3/2;UOP02/MS
11849;28241;13/02/2017;segunda-feira;21:00:00;MS;163;329,2;RIO BRILHANTE;Não;Restrição de Visibilidade;1;Colisão transversal;Com Vítimas Fatais;Plena Noite;Decrescente;Nublado;Simples;Reta;Não;20486;Bicicleta;;NA;Condutor;Óbito;50;Masculino;0;0;0;1;-21,73431148;-54,51263321;SR-MS;DEL3/2;UOP02/MS
11869;27624;13/02/2017;segunda-feira;19:15:00;MG;116;444;ENGENHEIRO CALDAS;Sim;Falta de Atenção à Condução;2;Queda de ocupante de veículo;Com Vítimas Feridas;Plena Noite;Decrescente;Céu Claro;Simples;Reta;Não;20391;Bicicleta;;NA;Condutor;Lesões Graves;31;Masculino;0;0;1;0;-19,101751;-42,005897;SR-MG;DEL4/6;UOP01/MG
11869;27624;13/02/2017;segunda-feira;19:15:00;MG;116;444;ENGENHEIRO CALDAS;Sim;Falta de Atenção à Condução;1;Colisão transversal;Com Vítimas Feridas;Plena Noite;Decrescente;Céu Claro;Simples;Reta;Não;20391;Bicicleta;;NA;Condutor;Lesões Graves;31;Masculino;0;0;1;0;-19,101751;-42,005897;SR-MG;DEL4/6;UOP01/MG
12036;26995;14/02/2017;terça-feira;13:03:00;MG;40;142,4;JOAO PINHEIRO;Sim;Falta de Atenção à Condução;2;Tombamento;Com Vítimas Feridas;Pleno dia;Crescente;Sol;Simples;Curva;Sim;21033;Bicicleta;;NA;Condutor;Lesões Leves;22;Feminino;0;1;0;0;-17,74122906;-46,18418429;SR-MG;DEL4/14;UOP02/MG
12036;26995;14/02/2017;terça-feira;13:03:00;MG;40;142,4;JOAO PINHEIRO;Sim;Falta de Atenção à Condução;1;Colisão transversal;Com Vítimas Feridas;Pleno dia;Crescente;Sol;Simples;Curva;Sim;21033;Bicicleta;;NA;Condutor;Lesões Leves;22;Feminino;0;1;0;0;-17,74122906;-46,18418429;SR-MG;DEL4/14;UOP02/MG
12078;26122;14/02/2017;terça-feira;19:25:00;PR;376;3,8;MANDAGUARI;Sim;Falta de Atenção à Condução;1;Colisão transversal;Com Vítimas Feridas;Anoitecer;Decrescente;Nublado;Simples;Reta;Sim;20887;Bicicleta;;NA;Condutor;Lesões Leves;55;Masculino;0;1;0;0;-23,51739032;-51,68520353;SR-PR;DEL7/7;UOP04/PR
12079;26257;14/02/2017;terça-feira;17:40:00;RO;364;340;JI-PARANA;Sim;Falta de Atenção à Condução;1;Danos eventuais;Com Vítimas Feridas;Anoitecer;Decrescente;Céu Claro;Simples;Reta;Sim;20953;Bicicleta;;NA;Condutor;Lesões Leves;66;Masculino;0;1;0;0;-10,901;-61,9304;SR-RO;DEL21/2;UOP01/RO
12086;26160;14/02/2017;terça-feira;18:15:00;SC;101;9;NAVEGANTES;Sim;Falta de Atenção à Condução;1;Colisão transversal;Com Vítimas Feridas;Pleno dia;Crescente;Céu Claro;Simples;Reta;Não;20891;Bicicleta;;NA;Condutor;Lesões Leves;67;Masculino;0;1;0;0;-26,84548727;-48,7142086;SR-SC;DEL8/3;UOP01/SC
12095;26270;14/02/2017;terça-feira;21:10:00;SP;116;149;SAO JOSE DOS CAMPOS;Sim;Falta de Atenção à Condução;1;Colisão traseira;Com Vítimas Feridas;Plena Noite;Decrescente;Céu Claro;Múltipla;Não Informado;Sim;20962;Bicicleta;;NA;Condutor;Ileso;23;Masculino;1;0;0;0;-23,20630546;-45,885306;SR-SP;DEL6/2;UOP01/SP
12095;26271;14/02/2017;terça-feira;21:10:00;SP;116;149;SAO JOSE DOS CAMPOS;Sim;Falta de Atenção à Condução;1;Colisão traseira;Com Vítimas Feridas;Plena Noite;Decrescente;Céu Claro;Múltipla;Não Informado;Sim;20963;Bicicleta;;NA;Condutor;Lesões Leves;26;Feminino;0;1;0;0;-23,20630546;-45,885306;SR-SP;DEL6/2;UOP01/SP
12152;26488;15/02/2017;quarta-feira;08:10:00;RJ;101;307;SAO GONCALO;Sim;Falta de Atenção à Condução;1;Colisão transversal;Com Vítimas Feridas;Pleno dia;Crescente;Céu Claro;Dupla;Reta;Sim;21157;Bicicleta;;NA;Condutor;Lesões Leves;41;Masculino;0;1;0;0;-22,7909;-43,0146;SR-RJ;DEL5/2;UOP02/RJ
12152;26488;15/02/2017;quarta-feira;08:10:00;RJ;101;307;SAO GONCALO;Não;Desobediência às normas de trânsito pelo condutor;1;Colisão transversal;Com Vítimas Feridas;Pleno dia;Crescente;Céu Claro;Dupla;Reta;Sim;21157;Bicicleta;;NA;Condutor;Lesões Leves;41;Masculino;0;1;0;0;-22,7909;-43,0146;SR-RJ;DEL5/2;UOP02/RJ
12173;26469;15/02/2017;quarta-feira;09:15:00;SC;101;112;ITAJAI;Sim;Falta de Atenção à Condução;1;Colisão transversal;Com Vítimas Feridas;Pleno dia;Decrescente;Céu Claro;Dupla;Reta;Sim;21128;Bicicleta;;NA;Condutor;Lesões Leves;29;Masculino;0;1;0;0;-26,84813254;-48,72340947;SR-SC;DEL8/4;UOP04/SC
12195;26550;15/02/2017;quarta-feira;11:50:00;SP;116;272,8;TABOAO DA SERRA;Sim;Falta de Atenção à Condução;2;Queda de ocupante de veículo;Com Vítimas Feridas;Pleno dia;Crescente;Sol;Dupla;Interseção de vias;Sim;21179;Bicicleta;;NA;Condutor;Lesões Leves;51;Masculino;0;1;0;0;-23,61518066;-46,78672135;SR-SP;DEL6/4;UOP01/SP
12195;26550;15/02/2017;quarta-feira;11:50:00;SP;116;272,8;TABOAO DA SERRA;Sim;Falta de Atenção à Condução;1;Colisão lateral;Com Vítimas Feridas;Pleno dia;Crescente;Sol;Dupla;Interseção de vias;Sim;21179;Bicicleta;;NA;Condutor;Lesões Leves;51;Masculino;0;1;0;0;-23,61518066;-46,78672135;SR-SP;DEL6/4;UOP01/SP
12253;26910;15/02/2017;quarta-feira;17:15:00;MG;40;557,1;NOVA LIMA;Sim;Mal Súbito;1;Colisão lateral;Com Vítimas Feridas;Pleno dia;Decrescente;Céu Claro;Dupla;Reta;Sim;21467;Bicicleta;;NA;Condutor;Lesões Leves;33;Masculino;0;1;0;0;-20,10475181;-43,97479185;SR-MG;DEL4/1;UOP02/MG
12296;26761;15/02/2017;quarta-feira;20:00:00;PA;316;3,1;ANANINDEUA;Sim;Falta de Atenção à Condução;1;Colisão lateral;Com Vítimas Feridas;Plena Noite;Crescente;Nublado;Dupla;Reta;Sim;21355;Bicicleta;;NA;Condutor;Lesões Graves;34;Masculino;0;0;1;0;-1,39008473;-48,41401219;SR-PA;DEL19/1;UOP01/PA
12344;27029;16/02/2017;quinta-feira;07:13:00;PR;116;14,7;COLOMBO;Sim;Falta de Atenção à Condução;1;Colisão transversal;Com Vítimas Feridas;Amanhecer;Decrescente;Céu Claro;Dupla;Reta;Não;21541;Bicicleta;;NA;Condutor;Lesões Graves;55;Masculino;0;0;1;0;-25,38037657;-49,16057733;SR-PR;DEL7/1;UOP02/PR
12395;27101;16/02/2017;quinta-feira;10:50:00;SC;101;87;BARRA VELHA;Sim;Falta de Atenção do Pedestre;1;Atropelamento de Pedestre;Com Vítimas Feridas;Pleno dia;Crescente;Sol;Dupla;Reta;Não;21632;Bicicleta;;NA;Condutor;Lesões Leves;39;Masculino;0;1;0;0;-26,65100667;-48,68727028;SR-SC;DEL8/3;UOP02/SC
12428;27091;11/02/2017;sábado;00:20:00;GO;153;75;PORANGATU;Sim;Falta de Atenção à Condução;1;Atropelamento de Pedestre;Com Vítimas Feridas;Plena Noite;Crescente;Ignorado;Simples;Reta;Não;21623;Bicicleta;;NA;Condutor;Lesões Graves;52;Masculino;0;0;1;0;-13,4696;-49,136;SR-GO;DEL1/7;UOP01/GO
12444;31270;16/02/2017;quinta-feira;12:30:00;MG;262;792;UBERABA;Sim;Não guardar distância de segurança;1;Colisão lateral;Com Vítimas Feridas;Pleno dia;Crescente;Céu Claro;Simples;Curva;Não;25006;Bicicleta;;NA;Condutor;Lesões Leves;49;Masculino;0;1;0;0;-19,7591;-47,8148;SR-MG;DEL4/15;UOP01/MG