id;pesid;data_inversa;dia_semana;horario;uf;br;km;municipio;causa_principal;causa_acidente;ordem_tipo_acidente;tipo_acidente;classificacao_acidente;fase_dia;sentido_via;condicao_metereologica;tipo_pista;tracado_via;uso_solo;id_veiculo;tipo_veiculo;marca;ano_fabricacao_veiculo;tipo_envolvido;estado_fisico;idade;sexo;ilesos;feridos_leves;feridos_graves;mortos;latitude;longitude;regional;delegacia;uop
12444;31281;16/02/2017;quinta-feira;12:30:00;MG;262;792;UBERABA;Sim;Não guardar distância de segurança;1;Colisão lateral;Com Vítimas Feridas;Pleno dia;Crescente;Céu Claro;Simples;Curva;Não;25006;Bicicleta;;NA;Passageiro;Lesões Leves;38;Masculino;0;1;0;0;-19,7591;-47,8148;SR-MG;DEL4/15;UOP01/MG
12523;29340;16/02/2017;quinta-feira;21:30:00;SC;470;69,7;INDAIAL;Sim;Falta de Atenção à Condução;1;Colisão frontal;Com Vítimas Feridas;Plena Noite;Crescente;Nublado;Simples;Reta;Sim;23537;Bicicleta;;NA;Condutor;Ileso;NA;Masculino;1;0;0;0;-26,87692813;-49,23834085;SR-SC;DEL8/4;UOP01/SC
12527;27505;16/02/2017;quinta-feira;20:00:00;RO;364;426;JARU;Sim;Falta de Atenção à Condução;1;Colisão frontal;Com Vítimas Feridas;Plena Noite;Crescente;Nublado;Simples;Reta;Sim;21940;Bicicleta;MONARK/;NA;Condutor;Lesões Graves;60;Masculino;0;0;1;0;-10,4314;-62,4812;SR-RO;DEL21/3;UOP02/RO
12608;27546;04/01/2017;quarta-feira;20:20:00;PR;376;3;APUCARANA;Sim;Falta de Atenção à Condução;1;Colisão transversal;Com Vítimas Feridas;Plena Noite;Decrescente;Ignorado;Dupla;Reta;Sim;21973;Bicicleta;;NA;Condutor;Lesões Leves;42;Masculino;0;1;0;0;-23,55893749;-51,43642902;SR-PR;DEL7/7;UOP03/PR
12636;27629;17/02/2017;sexta-feira;00:00:00;PR;277;169;PALMEIRA;Sim;Falta de Atenção à Condução;1;Colisão traseira;Com Vítimas Fatais;Plena Noite;Decrescente;Ignorado;Simples;Reta;Sim;22022;Bicicleta;;NA;Condutor;Óbito;21;Masculino;0;0;0;1;-25,4342642;-50,00196576;SR-PR;DEL7/1;UOP05/PR
12806;29505;17/02/2017;sexta-feira;20:45:00;RJ;101;69;CAMPOS DOS GOYTACAZES;Sim;Desobediência às normas de trânsito pelo condutor;1;Colisão traseira;Com Vítimas Fatais;Plena Noite;Crescente;Céu Claro;Simples;Reta;Não;22478;Bicicleta;;NA;Condutor;Lesões Graves;22;Masculino;0;0;1;0;-21,78307221;-41,368103;SR-RJ;DEL5/8;UOP02/RJ
12825;31336;17/02/2017;sexta-feira;22:35:00;GO;40;13;LUZIANIA;Sim;Ingestão de Álcool;1;Colisão traseira;Com Vítimas Feridas;Plena Noite;Crescente;Céu Claro;Dupla;Reta;Sim;25049;Bicicleta;;NA;Passageiro;Lesões Graves;23;Masculino;0;0;1;0;-16,15089621;-47,93996869;SR-DF;UOP01/DF;
12825;31337;17/02/2017;sexta-feira;22:35:00;GO;40;13;LUZIANIA;Sim;Ingestão de Álcool;1;Colisão traseira;Com Vítimas Feridas;Plena Noite;Crescente;Céu Claro;Dupla;Reta;Sim;25049;Bicicleta;;NA;Condutor;Lesões Leves;NA;Masculino;0;1;0;0;-16,15089621;-47,93996869;SR-DF;UOP01/DF;
12929;36207;18/02/2017;sábado;07:05:00;SC;280;70,5;JARAGUA DO SUL;Sim;Falta de Atenção à Condução;1;Colisão traseira;Com Vítimas Feridas;Pleno dia;Crescente;Céu Claro;Simples;Reta;Não;28896;Bicicleta;;NA;Condutor;Lesões Leves;32;Masculino;0;1;0;0;-26,4602578;-49,13741469;SR-SC;DEL8/3;UOP03/SC
12929;36208;18/02/2017;sábado;07:05:00;SC;280;70,5;JARAGUA DO SUL;Sim;Falta de Atenção à Condução;1;Colisão traseira;Com Vítimas Feridas;Pleno dia;Crescente;Céu Claro;Simples;Reta;Não;28897;Bicicleta;;NA;Condutor;Lesões Leves;45;Masculino;0;1;0;0;-26,4602578;-49,13741469;SR-SC;DEL8/3;UOP03/SC
12929;36205;18/02/2017;sábado;07:05:00;SC;280;70,5;JARAGUA DO SUL;Sim;Falta de Atenção à Condução;1;Colisão traseira;Com Vítimas Feridas;Pleno dia;Crescente;Céu Claro;Simples;Reta;Não;28895;Bicicleta;;NA;Condutor;Lesões Leves;41;Masculino;0;1;0;0;-26,4602578;-49,13741469;SR-SC;DEL8/3;UOP03/SC
12939;28309;18/02/2017;sábado;08:20:00;PR;476;94;BOCAIUVA DO SUL;Sim;Mal Súbito;1;Colisão frontal;Com Vítimas Feridas;Pleno dia;Crescente;Céu Claro;Simples;Reta;Sim;22658;Bicicleta;;NA;Condutor;Lesões Leves;42;Masculino;0;1;0;0;-25,20886771;-49,11345804;SR-PR;DEL7/1;UOP01/PR
12990;28461;18/02/2017;sábado;13:30:00;GO;153;431;ANAPOLIS;Sim;Não guardar distância de segurança;1;Colisão lateral;Com Vítimas Feridas;Pleno dia;Decrescente;Céu Claro;Dupla;Reta;Sim;22764;Bicicleta;;NA;Condutor;Lesões Graves;21;Masculino;0;0;1;0;-16,266;-48,9816;SR-GO;DEL1/2;UOP01/GO
13002;28339;18/02/2017;sábado;14:00:00;SP;101;50,4;UBATUBA;Sim;Falta de Atenção à Condução;1;Colisão transversal;Com Vítimas Feridas;Pleno dia;Crescente;Céu Claro;Dupla;Reta;Sim;22678;Bicicleta;;NA;Condutor;Lesões Leves;44;Feminino;0;1;0;0;-23,45642584;-45,07107854;SR-SP;DEL6/7;UOP01/SP
13067;29693;18/02/2017;sábado;16:00:00;PA;316;7;ANANINDEUA;Sim;Falta de Atenção à Condução;1;Colisão frontal;Com Vítimas Feridas;Pleno dia;Decrescente;Chuva;Dupla;Reta;Sim;23783;Bicicleta;;NA;Condutor;Lesões Graves;55;Masculino;0;0;1;0;-1,3663585;-48,367772;SR-PA;DEL19/1;UOP01/PA
13099;28610;18/02/2017;sábado;18:45:00;TO;153;256,8;COLINAS DO TOCANTINS;Sim;Ingestão de Álcool;1;Colisão traseira;Com Vítimas Fatais;Plena Noite;Decrescente;Nublado;Simples;Reta;Não;22912;Bicicleta;;NA;Condutor;Óbito;52;Masculino;0;0;0;1;-8,13171361;-48,47135782;SR-TO;UOP03/TO;
13112;28562;18/02/2017;sábado;20:15:00;ES;101;123,4;SOORETAMA;Sim;Falta de Atenção à Condução;1;Colisão transversal;Com Vítimas Feridas;Plena Noite;Crescente;Céu Claro;Dupla;Reta;Sim;22871;Bicicleta;;NA;Condutor;Lesões Graves;47;Masculino;0;0;1;0;-19,19335006;-40,09506851;SR-ES;DEL12/4;UOP01/ES
13267;29143;19/02/2017;domingo;11:00:00;CE;116;44;HORIZONTE;Sim;Ingestão de Substâncias Psicoativas;1;Colisão transversal;Com Vítimas Feridas;Pleno dia;Crescente;Nublado;Múltipla;Reta;Sim;23353;Bicicleta;MONARK/;NA;Condutor;Lesões Leves;25;Masculino;0;1;0;0;-4,1316;-38,4831;SR-CE;DEL16/1;UOP02/CE
13297;28846;19/02/2017;domingo;12:20:00;RJ;40;106;DUQUE DE CAXIAS;Sim;Falta de Atenção à Condução;1;Colisão transversal;Com Vítimas Feridas;Pleno dia;Decrescente;Céu Claro;Simples;Reta;Sim;23110;Bicicleta;;NA;Condutor;Lesões Leves;33;Feminino;0;1;0;0;-22,65366763;-43,28339732;SR-RJ;DEL5/1;UOP01/RJ
13371;29029;19/02/2017;domingo;18:15:00;SC;101;132;BALNEARIO CAMBORIU;Sim;Falta de Atenção à Condução;1;Colisão transversal;Com Vítimas Feridas;Anoitecer;Decrescente;Céu Claro;Dupla;Reta;Sim;23261;Bicicleta;;NA;Condutor;Lesões Graves;39;Masculino;0;0;1;0;-26,9965;-48,6558;SR-SC;DEL8/4;UOP03/SC
13371;29036;19/02/2017;domingo;18:15:00;SC;101;132;BALNEARIO CAMBORIU;Sim;Falta de Atenção à Condução;1;Colisão transversal;Com Vítimas Feridas;Anoitecer;Decrescente;Céu Claro;Dupla;Reta;Sim;23261;Bicicleta;;NA;Passageiro;Lesões Leves;7;Masculino;0;1;0;0;-26,9965;-48,6558;SR-SC;DEL8/4;UOP03/SC
13375;33527;19/02/2017;domingo;18:30:00;RN;101;73,8;EXTREMOZ;Sim;Falta de Atenção à Condução;1;Colisão frontal;Com Vítimas Feridas;Anoitecer;Crescente;Céu Claro;Simples;Reta;Não;27038;Bicicleta;MONARK/;NA;Condutor;Lesões Graves;21;Masculino;0;0;1;0;-5,7122;-35,271;SR-RN;DEL15/2;UOP01/RN
13390;29157;19/02/2017;domingo;19:12:00;PB;230;68,1;SOBRADO;Sim;Velocidade Incompatível;1;Colisão transversal;Com Vítimas Fatais;Plena Noite;Crescente;Céu Claro;Dupla;Não Informado;Não;23378;Bicicleta;MONARK/;NA;Condutor;Óbito;39;Masculino;0;0;0;1;-7,18937014;-35,21665764;SR-PB;DEL14/1;UOP02/PB
13416;45486;19/02/2017;domingo;20:30:00;RS;116;246,7;SAO LEOPOLDO;Sim;Ingestão de Álcool;1;Colisão transversal;Com Vítimas Feridas;Plena Noite;Decrescente;Chuva;Simples;Curva;Sim;23433;Bicicleta;;NA;Condutor;Lesões Leves;56;Masculino;0;1;0;0;-29,76101517;-51,15196288;SR-RS;DEL9/1;UOP02/RS
13437;29688;19/02/2017;domingo;21:54:00;SP;116;199,2;ARUJA;Sim;Falta de Atenção à Condução;1;Colisão traseira;Com Vítimas Feridas;Plena Noite;Crescente;Céu Claro;Dupla;Reta;Sim;23360;Bicicleta;;NA;Condutor;Lesões Graves;21;Masculino;0;0;1;0;-23,40181923;-46,31274796;SR-SP;DEL6/1;UOP02/SP
13454;31153;19/02/2017;domingo;22:50:00;PA;316;5,3;ANANINDEUA;Sim;Ingestão de Álcool;1;Colisão transversal;Com Vítimas Feridas;Plena Noite;Crescente;Céu Claro;Dupla;Reta;Sim;24911;Bicicleta;;NA;Condutor;Lesões Graves;34;Masculino;0;0;1;0;-1,37953021;-48,39667898;SR-PA;DEL19/1;UOP01/PA
13564;32061;20/02/2017;segunda-feira;09:10:00;RO;364;198,5;PIMENTA BUENO;Sim;Falta de Atenção à Condução;1;Colisão transversal;Com Vítimas Feridas;Pleno dia;Decrescente;Sol;Simples;Ponte;Sim;25780;Bicicleta;I/BENZHOU YY HOUSTON 100;NA;Condutor;Lesões Leves;64;Masculino;0;1;0;0;-11,66498188;-61,19132829;SR-RO;DEL21/2;UOP02/RO
13669;34489;20/02/2017;segunda-feira;20:15:00;SC;280;54,2;GUARAMIRIM;Sim;Falta de Atenção à Condução;1;Colisão transversal;Com Vítimas Feridas;Plena Noite;Crescente;Céu Claro;Simples;Interseção de vias;Sim;23748;Bicicleta;;NA;Condutor;Lesões Leves;25;Masculino;0;1;0;0;-26,47579376;-48,9883584;SR-SC;DEL8/3;UOP03/SC
13676;29692;20/02/2017;segunda-feira;21:10:00;PR;476;281;SAO MATEUS DO SUL;Sim;Ingestão de Álcool;2;Saída de leito carroçável;Com Vítimas Feridas;Plena Noite;Crescente;Céu Claro;Simples;Curva;Sim;23779;Bicicleta;;NA;Condutor;Lesões Leves;58;Masculino;0;1;0;0;-25,876446;-50,42558312;SR-PR;DEL7/2;UOP03/PR
13676;29692;20/02/2017;segunda-feira;21:10:00;PR;476;281;SAO MATEUS DO SUL;Sim;Ingestão de Álcool;1;Colisão traseira;Com Vítimas Feridas;Plena Noite;Crescente;Céu Claro;Simples;Curva;Sim;23779;Bicicleta;;NA;Condutor;Lesões Leves;58;Masculino;0;1;0;0;-25,876446;-50,42558312;SR-PR;DEL7/2;UOP03/PR
13721;31682;21/02/2017;terça-feira;05:10:00;GO;153;174;CAMPINORTE;Sim;Falta de Atenção à Condução;1;Colisão traseira;Com Vítimas Feridas;Plena Noite;Decrescente;Céu Claro;Simples;Não Informado;Não;25384;Bicicleta;;NA;Condutor;Lesões Leves;81;Masculino;0;1;0;0;-14,2914;-49,1505;SR-GO;DEL1/7;UOP02/GO
13742;34859;21/02/2017;terça-feira;06:50:00;SP;116;0,5;GUARULHOS;Sim;Desobediência às normas de trânsito pelo condutor;2;Tombamento;Com Vítimas Feridas;Pleno dia;Decrescente;Céu Claro;Dupla;Reta;Sim;27926;Bicicleta;;NA;Condutor;Lesões Leves;41;Masculino;0;1;0;0;-23,4567588;-46,4906142;SR-SP;DEL6/1;UOP01/SP
13742;34859;21/02/2017;terça-feira;06:50:00;SP;116;0,5;GUARULHOS;Não;Falta de Atenção à Condução;2;Tombamento;Com Vítimas Feridas;Pleno dia;Decrescente;Céu Claro;Dupla;Reta;Sim;27926;Bicicleta;;NA;Condutor;Lesões Leves;41;Masculino;0;1;0;0;-23,4567588;-46,4906142;SR-SP;DEL6/1;UOP01/SP
13742;34859;21/02/2017;terça-feira;06:50:00;SP;116;0,5;GUARULHOS;Sim;Desobediência às normas de trânsito pelo condutor;1;Colisão traseira;Com Vítimas Feridas;Pleno dia;Decrescente;Céu Claro;Dupla;Reta;Sim;27926;Bicicleta;;NA;Condutor;Lesões Leves;41;Masculino;0;1;0;0;-23,4567588;-46,4906142;SR-SP;DEL6/1;UOP01/SP
13742;34859;21/02/2017;terça-feira;06:50:00;SP;116;0,5;GUARULHOS;Não;Falta de Atenção à Condução;1;Colisão traseira;Com Vítimas Feridas;Pleno dia;Decrescente;Céu Claro;Dupla;Reta;Sim;27926;Bicicleta;;NA;Condutor;Lesões Leves;41;Masculino;0;1;0;0;-23,4567588;-46,4906142;SR-SP;DEL6/1;UOP01/SP
13756;30093;21/02/2017;terça-feira;08:10:00;SC;470;70,2;INDAIAL;Sim;Falta de Atenção à Condução;1;Colisão transversal;Com Vítimas Feridas;Pleno dia;Crescente;Céu Claro;Simples;Rotatória;Sim;24045;Bicicleta;;NA;Condutor;Lesões Leves;39;Feminino;0;1;0;0;-26,88015314;-49,2422542;SR-SC;DEL8/4;UOP01/SC
13817;30129;21/02/2017;terça-feira;10:30:00;RJ;101;392;RIO DE JANEIRO;Sim;Falta de Atenção à Condução;1;Colisão traseira;Com Vítimas Feridas;Pleno dia;Decrescente;Céu Claro;Dupla;Reta;Não;24068;Bicicleta;;NA;Condutor;Lesões Graves;52;Masculino;0;0;1;0;-22,89023091;-43,70159626;SR-RJ;DEL5/3;UOP01/RJ
13817;30129;21/02/2017;terça-feira;10:30:00;RJ;101;392;RIO DE JANEIRO;Não;Não guardar distância de segurança;1;Colisão traseira;Com Vítimas Feridas;Pleno dia;Decrescente;Céu Claro;Dupla;Reta;Não;24068;Bicicleta;;NA;Condutor;Lesões Graves;52;Masculino;0;0;1;0;-22,89023091;-43,70159626;SR-RJ;DEL5/3;UOP01/RJ
13817;30135;21/02/2017;terça-feira;10:30:00;RJ;101;392;RIO DE JANEIRO;Sim;Falta de Atenção à Condução;1;Colisão traseira;Com Vítimas Feridas;Pleno dia;Decrescente;Céu Claro;Dupla;Reta;Não;24068;Bicicleta;;NA;Testemunha;Não Informado;NA;Não Informado;0;0;0;0;-22,89023091;-43,70159626;SR-RJ;DEL5/3;UOP01/RJ
13817;30135;21/02/2017;terça-feira;10:30:00;RJ;101;392;RIO DE JANEIRO;Não;Não guardar distância de segurança;1;Colisão traseira;Com Vítimas Feridas;Pleno dia;Decrescente;Céu Claro;Dupla;Reta;Não;24068;Bicicleta;;NA;Testemunha;Não Informado;NA;Não Informado;0;0;0;0;-22,89023091;-43,70159626;SR-RJ;DEL5/3;UOP01/RJ
14020;30897;22/02/2017;quarta-feira;12:50:00;MS;262;8,4;TRES LAGOAS;Sim;Falta de Atenção à Condução;1;Colisão transversal;Sem Vítimas;Pleno dia;Decrescente;Céu Claro;Dupla;Reta;Sim;24700;Bicicleta;;NA;Condutor;Ileso;31;Masculino;1;0;0;0;-20,79939292;-51,68348551;SR-MS;DEL3/7;UOP01/MS
14061;30873;22/02/2017;quarta-feira;17:10:00;PB;230;41,8;SANTA RITA;Sim;Defeito Mecânico no Veículo;1;Queda de ocupante de veículo;Com Vítimas Feridas;Anoitecer;Decrescente;Céu Claro;Dupla;Curva;Não;24689;Bicicleta;GIANT'S/;NA;Condutor;Lesões Leves;17;Masculino;0;1;0;0;-7,14306897;-34,99584103;SR-PB;DEL14/1;UOP00/PB
14088;31760;22/02/2017;quarta-feira;19:00:00;BA;324;2,2;FEIRA DE SANTANA;Sim;Falta de Atenção à Condução;3;Queda de ocupante de veículo;Com Vítimas Feridas;Plena Noite;Decrescente;Céu Claro;Múltipla;Não Informado;Sim;25425;Bicicleta;;NA;Condutor;Lesões Graves;62;Masculino;0;0;1;0;-12,28428208;-38,9491758;SR-BA;DEL10/2;UOP01/BA
14088;31760;22/02/2017;quarta-feira;19:00:00;BA;324;2,2;FEIRA DE SANTANA;Sim;Falta de Atenção à Condução;2;Tombamento;Com Vítimas Feridas;Plena Noite;Decrescente;Céu Claro;Múltipla;Não Informado;Sim;25425;Bicicleta;;NA;Condutor;Lesões Graves;62;Masculino;0;0;1;0;-12,28428208;-38,9491758;SR-BA;DEL10/2;UOP01/BA
14088;31760;22/02/2017;quarta-feira;19:00:00;BA;324;2,2;FEIRA DE SANTANA;Sim;Falta de Atenção à Condução;1;Colisão transversal;Com Vítimas Feridas;Plena Noite;Decrescente;Céu Claro;Múltipla;Não Informado;Sim;25425;Bicicleta;;NA;Condutor;Lesões Graves;62;Masculino;0;0;1;0;-12,28428208;-38,9491758;SR-BA;DEL10/2;UOP01/BA
14151;33807;23/02/2017;quinta-feira;05:45:00;PA;316;8;ANANINDEUA;Sim;Falta de Atenção à Condução;1;Colisão transversal;Com Vítimas Feridas;Amanhecer;Crescente;Nublado;Dupla;Reta;Sim;24788;Bicicleta;;NA;Condutor;Lesões Leves;49;Masculino;0;1;0;0;-1,36764114;-48,37527037;SR-PA;DEL19/1;UOP01/PA
14154;33028;23/02/2017;quinta-feira;06:10:00;BA;110;183;RIBEIRA DO POMBAL;Sim;Falta de Atenção à Condução;1;Colisão traseira;Com Vítimas Fatais;Pleno dia;Crescente;Sol;Simples;Reta;Não;26640;Bicicleta;;NA;Condutor;Óbito;38;Masculino;0;0;0;1;-10,8685312;-38,52751583;SR-BA;DEL10/7;UOP02/BA
14311;32212;23/02/2017;quinta-feira;16:54:00;SP;101;47,2;UBATUBA;Sim;Desobediência às normas de trânsito pelo condutor;1;Colisão transversal;Com Vítimas Feridas;Pleno dia;Decrescente;Céu Claro;Simples;Rotatória;Não;25088;Bicicleta;;NA;Condutor;Lesões Leves;19;Masculino;0;1;0;0;-23,4359305;-45,08689788;SR-SP;DEL6/7;UOP01/SP
14347;31511;23/02/2017;quinta-feira;19:30:00;RJ;356;21;ITAPERUNA;Sim;Não guardar distância de segurança;1;Colisão com objeto estático;Com Vítimas Feridas;Plena Noite;Decrescente;Céu Claro;Simples;Reta;Não;25229;Bicicleta;;NA;Condutor;Lesões Leves;68;Masculino;0;1;0;0;-21,17961586;-41,97347722;SR-RJ;DEL5/8;UOP03/RJ
14347;31511;23/02/2017;quinta-feira;19:30:00;RJ;356;21;ITAPERUNA;Não;Objeto estático sobre o leito carroçável;1;Colisão com objeto estático;Com Vítimas Feridas;Plena Noite;Decrescente;Céu Claro;Simples;Reta;Não;25229;Bicicleta;;NA;Condutor;Lesões Leves;68;Masculino;0;1;0;0;-21,17961586;-41,97347722;SR-RJ;DEL5/8;UOP03/RJ
14372;31381;23/02/2017;quinta-feira;20:40:00;MG;365;603;UBERLANDIA;Sim;Restrição de Visibilidade;1;Queda de ocupante de veículo;Com Vítimas Feridas;Plena Noite;Decrescente;Céu Claro;Simples;Curva;Não;25098;Bicicleta;;NA;Condutor;Lesões Leves;51;Masculino;0;1;0;0;-18,8852;-48,1123;SR-MG;DEL4/15;UOP01/MG
14608;34244;24/02/2017;sexta-feira;14:55:00;RS;392;2,9;RIO GRANDE;Sim;Desobediência às normas de trânsito pelo condutor;1;Colisão transversal;Com Vítimas Feridas;Pleno dia;Decrescente;Sol;Simples;Curva;Sim;25462;Bicicleta;;NA;Condutor;Lesões Leves;72;Feminino;0;1;0;0;-32,06112038;-52,08915094;SR-RS;DEL9/7;UOP02/RS
14661;31989;24/02/2017;sexta-feira;16:30:00;SC;280;23,3;ARAQUARI;Sim;Falta de Atenção à Condução;1;Colisão lateral;Com Vítimas Feridas;Pleno dia;Crescente;Céu Claro;Simples;Reta;Não;25705;Bicicleta;;NA;Condutor;Lesões Leves;NA;Masculino;0;1;0;0;-26,37302411;-48,71360472;SR-SC;DEL8/3;UOP03/SC
14675;31800;24/02/2017;sexta-feira;17:20:00;CE;222;221,9;SOBRAL;Sim;Ingestão de Álcool;2;Queda de ocupante de veículo;Com Vítimas Feridas;Pleno dia;Decrescente;Nublado;Simples;Reta;Não;25458;Bicicleta;;NA;Condutor;Lesões Leves;41;Masculino;0;1;0;0;-3,71847277;-40,33287048;SR-CE;DEL16/4;UOP01/CE
14675;31800;24/02/2017;sexta-feira;17:20:00;CE;222;221,9;SOBRAL;Sim;Ingestão de Álcool;1;Colisão transversal;Com Vítimas Feridas;Pleno dia;Decrescente;Nublado;Simples;Reta;Não;25458;Bicicleta;;NA;Condutor;Lesões Leves;41;Masculino;0;1;0;0;-3,71847277;-40,33287048;SR-CE;DEL16/4;UOP01/CE
14787;32994;24/02/2017;sexta-feira;21:00:00;BA;116;777,5;PLANALTO;Sim;Ingestão de Álcool;1;Colisão transversal;Com Vítimas Feridas;Plena Noite;Crescente;Céu Claro;Simples;Reta;Sim;25826;Bicicleta;;NA;Condutor;Lesões Leves;14;Masculino;0;1;0;0;-14,6708759;-40,47877159;SR-BA;DEL10/8;UOP02/BA
14910;32753;25/02/2017;sábado;07:40:00;CE;116;94,5;MORADA NOVA;Sim;Falta de Atenção à Condução;1;Colisão transversal;Sem Vítimas;Pleno dia;Decrescente;Céu Claro;Simples;Reta;Não;26443;Bicicleta;MONARK/;NA;Condutor;Ileso;78;Masculino;1;0;0;0;-4,51165868;-38,34967753;SR-CE;DEL16/3;UOP02/CE
15006;35197;25/02/2017;sábado;11:30:00;SC;280;54,4;GUARAMIRIM;Sim;Falta de Atenção à Condução;1;Tombamento;Com Vítimas Feridas;Pleno dia;Decrescente;Céu Claro;Simples;Reta;Sim;26212;Bicicleta;;NA;Condutor;Ileso;49;Masculino;1;0;0;0;-26,47608752;-48,9903168;SR-SC;DEL8/3;UOP03/SC
15081;32561;25/02/2017;sábado;14:50:00;RN;304;47,9;MOSSORO;Sim;Falta de Atenção à Condução;2;Queda de ocupante de veículo;Com Vítimas Fatais;Pleno dia;Crescente;Sol;Dupla;Reta;Sim;26260;Bicicleta;;NA;Condutor;Óbito;61;Masculino;0;0;0;1;-5,23025969;-37,32129693;SR-RN;DEL15/4;UOP01/RN
15081;32561;25/02/2017;sábado;14:50:00;RN;304;47,9;MOSSORO;Sim;Falta de Atenção à Condução;1;Colisão transversal;Com Vítimas Fatais;Pleno dia;Crescente;Sol;Dupla;Reta;Sim;26260;Bicicleta;;NA;Condutor;Óbito;61;Masculino;0;0;0;1;-5,23025969;-37,32129693;SR-RN;DEL15/4;UOP01/RN
15199;33726;25/02/2017;sábado;19:00:00;BA;110;392,8;SAO SEBASTIAO DO PASSE;Sim;Falta de Atenção à Condução;1;Colisão transversal;Com Vítimas Feridas;Plena Noite;Decrescente;Céu Claro;Simples;Não Informado;Não;27182;Bicicleta;;NA;Condutor;Não Informado;NA;Não Informado;0;0;0;0;-12,49624714;-38,48845482;SR-BA;DEL10/1;UOP01/BA
15222;37780;25/02/2017;sábado;18:00:00;CE;222;209;FORQUILHA;Sim;Falta de Atenção à Condução;1;Colisão frontal;Com Vítimas Feridas;Anoitecer;Decrescente;Céu Claro;Simples;Reta;Sim;26408;Bicicleta;;NA;Condutor;Lesões Leves;63;Feminino;0;1;0;0;-3,79821536;-40,26177853;SR-CE;DEL16/4;UOP01/CE
15377;33332;26/02/2017;domingo;11:30:00;SP;116;230;SAO PAULO;Sim;Desobediência às normas de trânsito pelo condutor;1;Colisão lateral;Com Vítimas Feridas;Pleno dia;Crescente;Sol;Múltipla;Reta;Sim;26871;Bicicleta;;NA;Condutor;Lesões Leves;76;Masculino;0;1;0;0;-23,5178;-46,5807;SR-SP;DEL6/1;UOP01/SP
15392;33125;26/02/2017;domingo;13:10:00;PE;101;70;RECIFE;Sim;Falta de Atenção à Condução;1;Colisão transversal;Com Vítimas Fatais;Pleno dia;Crescente;Sol;Dupla;Reta;Sim;26739;Bicicleta;;NA;Condutor;Óbito;39;Masculino;0;0;0;1;-8,070467;-34,939768;SR-PE;DEL11/1;UOP01/PE
15392;33125;26/02/2017;domingo;13:10:00;PE;101;70;RECIFE;Não;Velocidade Incompatível;1;Colisão transversal;Com Vítimas Fatais;Pleno dia;Crescente;Sol;Dupla;Reta;Sim;26739;Bicicleta;;NA;Condutor;Óbito;39;Masculino;0;0;0;1;-8,070467;-34,939768;SR-PE;DEL11/1;UOP01/PE
15437;33228;26/02/2017;domingo;16:00:00;RJ;116;181,8;NOVA IGUACU;Sim;Falta de Atenção do Pedestre;1;Colisão frontal;Com Vítimas Feridas;Pleno dia;Crescente;Nublado;Dupla;Reta;Sim;26800;Bicicleta;;NA;Condutor;Lesões Leves;35;Feminino;0;1;0;0;-22,73827905;-43,47786248;SR-RJ;DEL5/1;UOP02/RJ
15509;33314;26/02/2017;domingo;18:45:00;ES;101;262,9;SERRA;Sim;Ingestão de Álcool;1;Queda de ocupante de veículo;Com Vítimas Feridas;Anoitecer;Crescente;Céu Claro;Dupla;Reta;Sim;26847;Bicicleta;;NA;Condutor;Lesões Leves;36;Masculino;0;1;0;0;-20,1663;-40,2727;SR-ES;DEL12/2;UOP01/ES
15513;33279;26/02/2017;domingo;19:00:00;BA;324;357;CAPIM GROSSO;Sim;Restrição de Visibilidade;1;Atropelamento de Pedestre;Com Vítimas Feridas;Plena Noite;Decrescente;Céu Claro;Simples;Reta;Sim;26831;Bicicleta;;NA;Condutor;Lesões Leves;39;Masculino;0;1;0;0;-11,39075;-39,97979;SR-BA;DEL10/4;UOP02/BA
15513;33279;26/02/2017;domingo;19:00:00;BA;324;357;CAPIM GROSSO;Não;Ingestão de Álcool;1;Atropelamento de Pedestre;Com Vítimas Feridas;Plena Noite;Decrescente;Céu Claro;Simples;Reta;Sim;26831;Bicicleta;;NA;Condutor;Lesões Leves;39;Masculino;0;1;0;0;-11,39075;-39,97979;SR-BA;DEL10/4;UOP02/BA
15526;33498;26/02/2017;domingo;20:10:00;ES;101;444,9;MIMOSO DO SUL;Sim;Falta de Atenção à Condução;1;Colisão traseira;Com Vítimas Feridas;Plena Noite;Decrescente;Nublado;Simples;Curva;Não;27010;Bicicleta;;NA;Condutor;Lesões Leves;18;Masculino;0;1;0;0;-21,1105953;-41,26346827;SR-ES;DEL12/3;UOP02/ES
15551;33400;26/02/2017;domingo;22:10:00;SP;488;5,2;APARECIDA;Sim;Velocidade Incompatível;1;Colisão traseira;Com Vítimas Feridas;Plena Noite;Crescente;Nublado;Dupla;Reta;Sim;26943;Bicicleta;;NA;Condutor;Lesões Graves;50;Masculino;0;0;1;0;-22,86794808;-45,25641856;SR-SP;DEL6/8;UOP02/SP
15586;35936;26/02/2017;domingo;20:00:00;PA;10;326;SAO MIGUEL DO GUAMA;Sim;Desobediência às normas de trânsito pelo condutor;1;Colisão frontal;Com Vítimas Fatais;Plena Noite;Crescente;Céu Claro;Simples;Reta;Não;27041;Bicicleta;;NA;Condutor;Óbito;NA;Masculino;0;0;0;1;-1,5745267;-47,50466824;SR-PA;DEL19/1;UOP03/PA
15586;35937;26/02/2017;domingo;20:00:00;PA;10;326;SAO MIGUEL DO GUAMA;Sim;Desobediência às normas de trânsito pelo condutor;1;Colisão frontal;Com Vítimas Fatais;Plena Noite;Crescente;Céu Claro;Simples;Reta;Não;27041;Bicicleta;;NA;Passageiro;Lesões Graves;29;Feminino;0;0;1;0;-1,5745267;-47,50466824;SR-PA;DEL19/1;UOP03/PA