id;pesid;data_inversa;dia_semana;horario;uf;br;km;municipio;causa_principal;causa_acidente;ordem_tipo_acidente;tipo_acidente;classificacao_acidente;fase_dia;sentido_via;condicao_metereologica;tipo_pista;tracado_via;uso_solo;id_veiculo;tipo_veiculo;marca;ano_fabricacao_veiculo;tipo_envolvido;estado_fisico;idade;sexo;ilesos;feridos_leves;feridos_graves;mortos;latitude;longitude;regional;delegacia;uop
29253;62002;15/04/2017;sábado;23:29:00;SP;101;48,4;UBATUBA;Sim;Falta de Atenção à Condução;1;Colisão transversal;Com Vítimas Feridas;Plena Noite;Decrescente;Céu Claro;Simples;Ponte;Não;50669;Bicicleta;;NA;Condutor;Lesões Leves;18;Feminino;0;1;0;0;-23,4326773;-45,08445798;SR-SP;DEL6/7;UOP01/SP
29335;62409;16/04/2017;domingo;12:30:00;MG;354;752;ITAMONTE;Sim;Ingestão de Álcool;1;Colisão transversal;Com Vítimas Feridas;Pleno dia;Decrescente;Céu Claro;Simples;Curva;Sim;50983;Bicicleta;;NA;Condutor;Lesões Leves;65;Masculino;0;1;0;0;-22,26683696;-44,88318533;SR-MG;DEL4/9;UOP02/MG
29398;64856;16/04/2017;domingo;17:30:00;GO;70;21,8;COCALZINHO DE GOIAS;Sim;Ingestão de Álcool;1;Colisão transversal;Com Vítimas Feridas;Pleno dia;Crescente;Céu Claro;Simples;Reta;Sim;52749;Bicicleta;;NA;Condutor;Lesões Leves;29;Masculino;0;1;0;0;-15,73804599;-48,39072433;SR-DF;UOP06/DF;
29417;65210;16/04/2017;domingo;18:35:00;PE;101;50,5;ABREU E LIMA;Sim;Falta de Atenção à Condução;1;Colisão transversal;Com Vítimas Fatais;Plena Noite;Crescente;Nublado;Múltipla;Reta;Sim;52745;Bicicleta;;NA;Condutor;Lesões Leves;34;Masculino;0;1;0;0;-7,91044995;-34,90090002;SR-PE;DEL11/1;UOP02/PE
29476;64759;16/04/2017;domingo;19:20:00;MG;116;416;GOVERNADOR VALADARES;Sim;Desobediência às normas de trânsito pelo condutor;1;Colisão transversal;Com Vítimas Feridas;Anoitecer;Decrescente;Céu Claro;Simples;Retorno Regulamentado;Não;51230;Bicicleta;;NA;Condutor;Lesões Leves;21;Masculino;0;1;0;0;-18,8884;-41,946;SR-MG;DEL4/6;UOP01/MG
29481;62650;16/04/2017;domingo;18:20:00;MG;116;406,7;GOVERNADOR VALADARES;Sim;Ingestão de Álcool;1;Colisão traseira;Com Vítimas Feridas;Anoitecer;Decrescente;Céu Claro;Simples;Rotatória;Não;51195;Bicicleta;;NA;Condutor;Lesões Leves;56;Masculino;0;1;0;0;-18,82351807;-41,98607683;SR-MG;DEL4/6;UOP01/MG
29526;67546;16/04/2017;domingo;21:30:00;PR;277;24;MORRETES;Sim;Defeito na Via;1;Queda de ocupante de veículo;Com Vítimas Feridas;Plena Noite;Crescente;Chuva;Dupla;Reta;Não;54879;Bicicleta;;NA;Condutor;Lesões Leves;40;Masculino;0;1;0;0;-25,52899793;-48,74428325;SR-PR;DEL7/1;UOP07/PR
29552;64996;16/04/2017;domingo;19:00:00;SC;470;207,8;SAO CRISTOVAO DO SUL;Sim;Sinalização da via insuficiente ou inadequada;1;Colisão transversal;Com Vítimas Fatais;Plena Noite;Crescente;Chuva;Simples;Reta;Não;52828;Bicicleta;;NA;Condutor;Óbito;52;Masculino;0;0;0;1;-27,2644;-50,4421;SR-SC;DEL8/5;UOP03/SC
29598;65605;17/04/2017;segunda-feira;08:00:00;SC;470;3;NAVEGANTES;Sim;Falta de Atenção à Condução;2;Queda de ocupante de veículo;Com Vítimas Feridas;Pleno dia;Decrescente;Nublado;Simples;Reta;Sim;51938;Bicicleta;;NA;Condutor;Lesões Graves;35;Feminino;0;0;1;0;-26,899372;-48,65459;SR-SC;DEL8/4;UOP04/SC
29598;65605;17/04/2017;segunda-feira;08:00:00;SC;470;3;NAVEGANTES;Sim;Falta de Atenção à Condução;1;Colisão transversal;Com Vítimas Feridas;Pleno dia;Decrescente;Nublado;Simples;Reta;Sim;51938;Bicicleta;;NA;Condutor;Lesões Graves;35;Feminino;0;0;1;0;-26,899372;-48,65459;SR-SC;DEL8/4;UOP04/SC
29638;62996;17/04/2017;segunda-feira;09:35:00;GO;153;513,7;APARECIDA DE GOIANIA;Sim;Desobediência às normas de trânsito pelo condutor;1;Colisão transversal;Com Vítimas Feridas;Pleno dia;Crescente;Sol;Múltipla;Reta;Sim;51398;Bicicleta;;NA;Condutor;Lesões Leves;42;Masculino;0;1;0;0;-16,82285042;-49,2418248;SR-GO;DEL1/1;UOP03/GO
29657;63239;17/04/2017;segunda-feira;08:20:00;BA;101;507,5;ITABUNA;Sim;Falta de Atenção à Condução;1;Colisão com objeto em movimento;Com Vítimas Feridas;Pleno dia;Decrescente;Céu Claro;Simples;Interseção de vias;Sim;51551;Bicicleta;MONARK/;NA;Condutor;Lesões Leves;48;Masculino;0;1;0;0;-14,786015;-39,280605;SR-BA;DEL10/5;UOP01/BA
29679;63278;17/04/2017;segunda-feira;12:20:00;BA;116;11,3;VITORIA DA CONQUISTA;Sim;Falta de Atenção à Condução;1;Colisão transversal;Com Vítimas Feridas;Pleno dia;Decrescente;Céu Claro;Simples;Reta;Sim;51565;Bicicleta;;NA;Testemunha;Não Informado;NA;Não Informado;0;0;0;0;-14,87015;-40,871604;SR-BA;DEL10/8;UOP01/BA
29679;63276;17/04/2017;segunda-feira;12:20:00;BA;116;11,3;VITORIA DA CONQUISTA;Sim;Falta de Atenção à Condução;1;Colisão transversal;Com Vítimas Feridas;Pleno dia;Decrescente;Céu Claro;Simples;Reta;Sim;51565;Bicicleta;;NA;Condutor;Lesões Graves;22;Masculino;0;0;1;0;-14,87015;-40,871604;SR-BA;DEL10/8;UOP01/BA
29715;63228;17/04/2017;segunda-feira;15:50:00;SC;101;41,7;JOINVILLE;Sim;Falta de Atenção à Condução;1;Colisão frontal;Com Vítimas Feridas;Pleno dia;Decrescente;Chuva;Simples;Reta;Sim;51545;Bicicleta;;NA;Condutor;Lesões Graves;56;Masculino;0;0;1;0;-26,32178244;-48,86923599;SR-SC;DEL8/3;UOP01/SC
29754;63273;17/04/2017;segunda-feira;17:40:00;RS;116;244,9;SAO LEOPOLDO;Sim;Desobediência às normas de trânsito pelo condutor;1;Colisão transversal;Com Vítimas Feridas;Anoitecer;Decrescente;Nublado;Múltipla;Não Informado;Sim;51567;Bicicleta;;NA;Condutor;Lesões Leves;35;Masculino;0;1;0;0;-29,74490111;-51,15038574;SR-RS;DEL9/1;UOP02/RS
29754;63273;17/04/2017;segunda-feira;17:40:00;RS;116;244,9;SAO LEOPOLDO;Não;Sinalização da via insuficiente ou inadequada;1;Colisão transversal;Com Vítimas Feridas;Anoitecer;Decrescente;Nublado;Múltipla;Não Informado;Sim;51567;Bicicleta;;NA;Condutor;Lesões Leves;35;Masculino;0;1;0;0;-29,74490111;-51,15038574;SR-RS;DEL9/1;UOP02/RS
29754;63273;17/04/2017;segunda-feira;17:40:00;RS;116;244,9;SAO LEOPOLDO;Sim;Desobediência às normas de trânsito pelo condutor;2;Queda de ocupante de veículo;Com Vítimas Feridas;Anoitecer;Decrescente;Nublado;Múltipla;Não Informado;Sim;51567;Bicicleta;;NA;Condutor;Lesões Leves;35;Masculino;0;1;0;0;-29,74490111;-51,15038574;SR-RS;DEL9/1;UOP02/RS
29754;63273;17/04/2017;segunda-feira;17:40:00;RS;116;244,9;SAO LEOPOLDO;Não;Sinalização da via insuficiente ou inadequada;2;Queda de ocupante de veículo;Com Vítimas Feridas;Anoitecer;Decrescente;Nublado;Múltipla;Não Informado;Sim;51567;Bicicleta;;NA;Condutor;Lesões Leves;35;Masculino;0;1;0;0;-29,74490111;-51,15038574;SR-RS;DEL9/1;UOP02/RS
29760;63208;17/04/2017;segunda-feira;16:30:00;MG;459;11,7;CALDAS;Sim;Falta de Atenção à Condução;1;Colisão lateral;Com Vítimas Feridas;Pleno dia;Crescente;Céu Claro;Simples;Desvio Temporário;Sim;51529;Bicicleta;;NA;Condutor;Lesões Leves;25;Masculino;0;1;0;0;-21,829205;-46,449169;SR-MG;DEL4/13;UOP01/MG
29840;63440;17/04/2017;segunda-feira;20:50:00;MS;463;109,7;PONTA PORA;Sim;Deficiência ou não Acionamento do Sistema de Iluminação/Sinalização do Veículo;1;Colisão traseira;Com Vítimas Fatais;Plena Noite;Crescente;Céu Claro;Dupla;Curva;Sim;51728;Bicicleta;;NA;Condutor;Óbito;52;Feminino;0;0;0;1;-22,57663815;-55,6927228;SR-MS;DEL3/4;UOP03/MS
29921;63837;18/04/2017;terça-feira;10:30:00;SC;101;150;ITAPEMA;Sim;Desobediência às normas de trânsito pelo condutor;1;Colisão lateral;Com Vítimas Feridas;Pleno dia;Crescente;Céu Claro;Simples;Reta;Sim;51856;Bicicleta;;NA;Condutor;Lesões Leves;NA;Masculino;0;1;0;0;-27,11809845;-48,60960692;SR-SC;DEL8/4;UOP03/SC
29981;63742;18/04/2017;terça-feira;16:30:00;TO;153;669,5;GURUPI;Sim;Falta de Atenção à Condução;1;Colisão lateral;Com Vítimas Feridas;Pleno dia;Crescente;Nublado;Dupla;Reta;Sim;51953;Bicicleta;;NA;Condutor;Lesões Leves;34;Masculino;0;1;0;0;-11,68899961;-49,06974988;SR-TO;UOP01/TO;
30007;63964;18/04/2017;terça-feira;18:10:00;ES;101;335;GUARAPARI;Sim;Falta de Atenção à Condução;1;Colisão transversal;Com Vítimas Feridas;Plena Noite;Crescente;Céu Claro;Simples;Rotatória;Não;52007;Bicicleta;;NA;Condutor;Lesões Graves;69;Masculino;0;0;1;0;-20,6280956;-40,5294302;SR-ES;DEL12/3;UOP01/ES
30012;65655;18/04/2017;terça-feira;17:10:00;MS;262;6;TRES LAGOAS;Sim;Falta de Atenção à Condução;1;Colisão lateral;Com Vítimas Feridas;Anoitecer;Crescente;Céu Claro;Dupla;Reta;Sim;53387;Bicicleta;;NA;Condutor;Lesões Leves;60;Masculino;0;1;0;0;-20,78493953;-51,67451084;SR-MS;DEL3/7;UOP01/MS
30026;68595;18/04/2017;terça-feira;18:30:00;SC;280;29,5;ARAQUARI;Sim;Falta de Atenção do Pedestre;1;Atropelamento de Pedestre;Com Vítimas Feridas;Anoitecer;Crescente;Garoa/Chuvisco;Simples;Curva;Sim;55684;Bicicleta;;NA;Condutor;Lesões Leves;NA;Masculino;0;1;0;0;-26,41314563;-48,75779361;SR-SC;DEL8/3;UOP03/SC
30027;64005;18/04/2017;terça-feira;19:50:00;PB;230;328,9;QUIXABA;Sim;Falta de Atenção à Condução;1;Colisão lateral;Com Vítimas Feridas;Plena Noite;Crescente;Céu Claro;Simples;Reta;Não;52164;Bicicleta;;NA;Condutor;Lesões Graves;66;Masculino;0;0;1;0;-7,01106047;-37,21539044;SR-PB;DEL14/3;UOP01/PB
30035;66143;18/04/2017;terça-feira;17:50:00;MG;262;440,8;NOVA SERRANA;Sim;Deficiência ou não Acionamento do Sistema de Iluminação/Sinalização do Veículo;1;Colisão frontal;Com Vítimas Feridas;Anoitecer;Crescente;Céu Claro;Dupla;Reta;Sim;52031;Bicicleta;;NA;Condutor;Lesões Graves;60;Masculino;0;0;1;0;-19,87584184;-44,94819396;SR-MG;DEL4/8;UOP03/MG
30050;64160;18/04/2017;terça-feira;21:10:00;RJ;40;102;DUQUE DE CAXIAS;Sim;Falta de Atenção à Condução;1;Colisão lateral;Com Vítimas Feridas;Plena Noite;Decrescente;Céu Claro;Dupla;Reta;Sim;52257;Bicicleta;;NA;Condutor;Lesões Leves;23;Masculino;0;1;0;0;-22,6115;-43,2867;SR-RJ;DEL5/1;UOP01/RJ
30051;107118;18/04/2017;terça-feira;21:20:00;SC;101;137,2;BALNEARIO CAMBORIU;Sim;Animais na Pista;1;Colisão lateral;Com Vítimas Feridas;Plena Noite;Crescente;Chuva;Dupla;Reta;Sim;87842;Bicicleta;;NA;Condutor;Ileso;37;Masculino;1;0;0;0;-27,01731745;-48,61106132;SR-SC;DEL8/4;UOP03/SC
30125;68192;19/04/2017;quarta-feira;07:10:00;PI;343;8,2;PARNAIBA;Sim;Falta de Atenção à Condução;1;Colisão transversal;Com Vítimas Feridas;Pleno dia;Decrescente;Céu Claro;Simples;Interseção de vias;Sim;55376;Bicicleta;;NA;Condutor;Lesões Leves;50;Feminino;0;1;0;0;-2,9;-41,729;SR-PI;DEL17/5;UOP01/PI
30125;68192;19/04/2017;quarta-feira;07:10:00;PI;343;8,2;PARNAIBA;Não;Desobediência às normas de trânsito pelo condutor;1;Colisão transversal;Com Vítimas Feridas;Pleno dia;Decrescente;Céu Claro;Simples;Interseção de vias;Sim;55376;Bicicleta;;NA;Condutor;Lesões Leves;50;Feminino;0;1;0;0;-2,9;-41,729;SR-PI;DEL17/5;UOP01/PI
30154;64584;19/04/2017;quarta-feira;08:13:00;RR;174;506;BOA VISTA;Sim;Falta de Atenção à Condução;1;Colisão transversal;Com Vítimas Feridas;Pleno dia;Decrescente;Nublado;Simples;Viaduto;Sim;52580;Bicicleta;;NA;Condutor;Lesões Leves;59;Masculino;0;1;0;0;2,81726494;-60,69365859;SR-RR;UOP01/RR;
30154;64587;19/04/2017;quarta-feira;08:13:00;RR;174;506;BOA VISTA;Sim;Falta de Atenção à Condução;1;Colisão transversal;Com Vítimas Feridas;Pleno dia;Decrescente;Nublado;Simples;Viaduto;Sim;52580;Bicicleta;;NA;Testemunha;Não Informado;NA;Não Informado;0;0;0;0;2,81726494;-60,69365859;SR-RR;UOP01/RR;
30160;64263;19/04/2017;quarta-feira;10:20:00;RS;290;481,9;ROSARIO DO SUL;Sim;Falta de Atenção à Condução;2;Colisão lateral;Com Vítimas Feridas;Pleno dia;Decrescente;Garoa/Chuvisco;Simples;Desvio Temporário;Sim;52320;Bicicleta;;NA;Condutor;Lesões Leves;14;Masculino;0;1;0;0;-30,24183816;-54,93947804;SR-RS;DEL9/11;UOP02/RS
30160;64263;19/04/2017;quarta-feira;10:20:00;RS;290;481,9;ROSARIO DO SUL;Não;Desobediência às normas de trânsito pelo condutor;2;Colisão lateral;Com Vítimas Feridas;Pleno dia;Decrescente;Garoa/Chuvisco;Simples;Desvio Temporário;Sim;52320;Bicicleta;;NA;Condutor;Lesões Leves;14;Masculino;0;1;0;0;-30,24183816;-54,93947804;SR-RS;DEL9/11;UOP02/RS
30160;64263;19/04/2017;quarta-feira;10:20:00;RS;290;481,9;ROSARIO DO SUL;Sim;Falta de Atenção à Condução;1;Atropelamento de Pedestre;Com Vítimas Feridas;Pleno dia;Decrescente;Garoa/Chuvisco;Simples;Desvio Temporário;Sim;52320;Bicicleta;;NA;Condutor;Lesões Leves;14;Masculino;0;1;0;0;-30,24183816;-54,93947804;SR-RS;DEL9/11;UOP02/RS
30160;64263;19/04/2017;quarta-feira;10:20:00;RS;290;481,9;ROSARIO DO SUL;Não;Desobediência às normas de trânsito pelo condutor;1;Atropelamento de Pedestre;Com Vítimas Feridas;Pleno dia;Decrescente;Garoa/Chuvisco;Simples;Desvio Temporário;Sim;52320;Bicicleta;;NA;Condutor;Lesões Leves;14;Masculino;0;1;0;0;-30,24183816;-54,93947804;SR-RS;DEL9/11;UOP02/RS
30249;66377;19/04/2017;quarta-feira;17:05:00;CE;116;481;MILAGRES;Sim;Pista Escorregadia;1;Danos eventuais;Com Vítimas Feridas;Pleno dia;Crescente;Céu Claro;Simples;Reta;Sim;53997;Bicicleta;;NA;Condutor;Lesões Leves;58;Masculino;0;1;0;0;-7,30882547;-38,9331266;SR-CE;DEL16/5;UOP03/CE
30254;64576;19/04/2017;quarta-feira;17:10:00;RO;364;708,1;PORTO VELHO;Sim;Falta de Atenção à Condução;1;Atropelamento de Pedestre;Com Vítimas Feridas;Pleno dia;Decrescente;Nublado;Simples;Reta;Não;52572;Bicicleta;;NA;Condutor;Lesões Leves;38;Feminino;0;1;0;0;-8,78917074;-63,85242105;SR-RO;DEL21/1;UOP01/RO
30280;64547;19/04/2017;quarta-feira;20:30:00;PA;316;20;BENEVIDES;Sim;Restrição de Visibilidade;1;Colisão traseira;Com Vítimas Feridas;Plena Noite;Decrescente;Chuva;Dupla;Reta;Sim;52535;Bicicleta;;NA;Condutor;Lesões Leves;58;Masculino;0;1;0;0;-1,36397167;-48,26848924;SR-PA;DEL19/1;UOP01/PA
30284;64522;19/04/2017;quarta-feira;20:45:00;RJ;101;314;SAO GONCALO;Sim;Não guardar distância de segurança;1;Colisão traseira;Com Vítimas Feridas;Plena Noite;Decrescente;Céu Claro;Dupla;Reta;Sim;52533;Bicicleta;;NA;Condutor;Lesões Leves;28;Masculino;0;1;0;0;-22,790446;-43,0243382;SR-RJ;DEL5/2;UOP02/RJ
30426;64908;26/01/2017;quinta-feira;10:30:00;SC;101;336,3;TUBARAO;Sim;Desobediência às normas de trânsito pelo condutor;1;Colisão lateral;Com Vítimas Feridas;Pleno dia;Crescente;Sol;Dupla;Interseção de vias;Sim;52774;Bicicleta;;NA;Condutor;Lesões Leves;60;Masculino;0;1;0;0;-28,47635866;-49,0295688;SR-SC;DEL8/2;UOP01/SC
30526;67428;20/04/2017;quinta-feira;19:00:00;AL;316;97;SANTANA DO IPANEMA;Sim;Ingestão de Álcool;1;Colisão com objeto em movimento;Com Vítimas Feridas;Plena Noite;Crescente;Céu Claro;Simples;Reta;Sim;53080;Bicicleta;;NA;Condutor;Lesões Leves;22;Masculino;0;1;0;0;-9,38890659;-37,19713479;SR-AL;DEL13/3;UOP02/AL
30558;65891;20/04/2017;quinta-feira;19:20:00;SP;116;314;SAO LOURENCO DA SERRA;Sim;Falta de Atenção à Condução;2;Queda de ocupante de veículo;Com Vítimas Feridas;Plena Noite;Crescente;Nublado;Dupla;Reta;Não;53027;Bicicleta;;NA;Condutor;Lesões Graves;27;Masculino;0;0;1;0;-23,8932;-46,9844;SR-SP;DEL6/4;UOP02/SP
30558;65891;20/04/2017;quinta-feira;19:20:00;SP;116;314;SAO LOURENCO DA SERRA;Sim;Falta de Atenção à Condução;1;Colisão traseira;Com Vítimas Feridas;Plena Noite;Crescente;Nublado;Dupla;Reta;Não;53027;Bicicleta;;NA;Condutor;Lesões Graves;27;Masculino;0;0;1;0;-23,8932;-46,9844;SR-SP;DEL6/4;UOP02/SP
30608;67622;20/04/2017;quinta-feira;22:13:00;ES;101;66;SAO MATEUS;Sim;Falta de Atenção à Condução;1;Colisão lateral;Com Vítimas Feridas;Plena Noite;Decrescente;Céu Claro;Dupla;Reta;Sim;54350;Bicicleta;;NA;Condutor;Lesões Leves;65;Masculino;0;1;0;0;-18,7239;-39,8607;SR-ES;DEL12/4;UOP02/ES
30633;65426;20/04/2017;quinta-feira;23:30:00;SP;381;86,3;SAO PAULO;Sim;Falta de Atenção à Condução;1;Colisão traseira;Com Vítimas Fatais;Plena Noite;Crescente;Céu Claro;Dupla;Curva;Sim;53197;Bicicleta;;NA;Condutor;Óbito;42;Feminino;0;0;0;1;-23,46746823;-46,5695021;SR-SP;DEL6/3;UOP03/SP
30748;65557;21/04/2017;sexta-feira;09:50:00;ES;101;151;LINHARES;Sim;Falta de Atenção do Pedestre;1;Atropelamento de Pedestre;Com Vítimas Feridas;Pleno dia;Decrescente;Céu Claro;Simples;Reta;Não;53308;Bicicleta;;NA;Condutor;Ileso;27;Masculino;1;0;0;0;-19,42130322;-40,07596502;SR-ES;DEL12/4;UOP01/ES
30748;65559;21/04/2017;sexta-feira;09:50:00;ES;101;151;LINHARES;Sim;Falta de Atenção do Pedestre;1;Atropelamento de Pedestre;Com Vítimas Feridas;Pleno dia;Decrescente;Céu Claro;Simples;Reta;Não;53308;Bicicleta;;NA;Pedestre;Lesões Graves;35;Masculino;0;0;1;0;-19,42130322;-40,07596502;SR-ES;DEL12/4;UOP01/ES
30769;65958;21/04/2017;sexta-feira;11:35:00;DF;20;18,1;BRASILIA;Não;Desobediência às normas de trânsito pelo condutor;1;Colisão lateral;Com Vítimas Feridas;Pleno dia;Crescente;Céu Claro;Dupla;Não Informado;Não;53615;Bicicleta;;NA;Condutor;Lesões Leves;46;Masculino;0;1;0;0;-15,61635163;-47,70800382;SR-DF;UOP04/DF;
30769;65958;21/04/2017;sexta-feira;11:35:00;DF;20;18,1;BRASILIA;Sim;Falta de Atenção à Condução;1;Colisão lateral;Com Vítimas Feridas;Pleno dia;Crescente;Céu Claro;Dupla;Não Informado;Não;53615;Bicicleta;;NA;Condutor;Lesões Leves;46;Masculino;0;1;0;0;-15,61635163;-47,70800382;SR-DF;UOP04/DF;
30769;65958;21/04/2017;sexta-feira;11:35:00;DF;20;18,1;BRASILIA;Não;Desobediência às normas de trânsito pelo condutor;3;Colisão com objeto estático;Com Vítimas Feridas;Pleno dia;Crescente;Céu Claro;Dupla;Não Informado;Não;53615;Bicicleta;;NA;Condutor;Lesões Leves;46;Masculino;0;1;0;0;-15,61635163;-47,70800382;SR-DF;UOP04/DF;
30769;65958;21/04/2017;sexta-feira;11:35:00;DF;20;18,1;BRASILIA;Sim;Falta de Atenção à Condução;3;Colisão com objeto estático;Com Vítimas Feridas;Pleno dia;Crescente;Céu Claro;Dupla;Não Informado;Não;53615;Bicicleta;;NA;Condutor;Lesões Leves;46;Masculino;0;1;0;0;-15,61635163;-47,70800382;SR-DF;UOP04/DF;
30769;65958;21/04/2017;sexta-feira;11:35:00;DF;20;18,1;BRASILIA;Não;Desobediência às normas de trânsito pelo condutor;2;Colisão traseira;Com Vítimas Feridas;Pleno dia;Crescente;Céu Claro;Dupla;Não Informado;Não;53615;Bicicleta;;NA;Condutor;Lesões Leves;46;Masculino;0;1;0;0;-15,61635163;-47,70800382;SR-DF;UOP04/DF;
30769;65958;21/04/2017;sexta-feira;11:35:00;DF;20;18,1;BRASILIA;Sim;Falta de Atenção à Condução;2;Colisão traseira;Com Vítimas Feridas;Pleno dia;Crescente;Céu Claro;Dupla;Não Informado;Não;53615;Bicicleta;;NA;Condutor;Lesões Leves;46;Masculino;0;1;0;0;-15,61635163;-47,70800382;SR-DF;UOP04/DF;
30776;66043;21/04/2017;sexta-feira;12:00:00;SC;280;48,1;GUARAMIRIM;Sim;Falta de Atenção à Condução;1;Colisão transversal;Com Vítimas Feridas;Pleno dia;Decrescente;Céu Claro;Simples;Reta;Sim;53392;Bicicleta;;NA;Condutor;Lesões Leves;18;Masculino;0;1;0;0;-26,4754068;-48,9884252;SR-SC;DEL8/3;UOP03/SC
30865;65808;09/04/2017;domingo;08:50:00;AL;316;155,8;PALMEIRA DOS INDIOS;Sim;Falta de Atenção à Condução;2;Colisão com objeto em movimento;Com Vítimas Fatais;Pleno dia;Decrescente;Chuva;Simples;Reta;Sim;53520;Bicicleta;;NA;Testemunha;Não Informado;NA;Não Informado;0;0;0;0;-9,42290958;-36,62725389;SR-AL;DEL13/3;UOP01/AL
30865;65808;09/04/2017;domingo;08:50:00;AL;316;155,8;PALMEIRA DOS INDIOS;Sim;Falta de Atenção à Condução;1;Colisão transversal;Com Vítimas Fatais;Pleno dia;Decrescente;Chuva;Simples;Reta;Sim;53520;Bicicleta;;NA;Testemunha;Não Informado;NA;Não Informado;0;0;0;0;-9,42290958;-36,62725389;SR-AL;DEL13/3;UOP01/AL
30865;65809;09/04/2017;domingo;08:50:00;AL;316;155,8;PALMEIRA DOS INDIOS;Sim;Falta de Atenção à Condução;2;Colisão com objeto em movimento;Com Vítimas Fatais;Pleno dia;Decrescente;Chuva;Simples;Reta;Sim;53520;Bicicleta;;NA;Condutor;Óbito;35;Masculino;0;0;0;1;-9,42290958;-36,62725389;SR-AL;DEL13/3;UOP01/AL
30865;65809;09/04/2017;domingo;08:50:00;AL;316;155,8;PALMEIRA DOS INDIOS;Sim;Falta de Atenção à Condução;1;Colisão transversal;Com Vítimas Fatais;Pleno dia;Decrescente;Chuva;Simples;Reta;Sim;53520;Bicicleta;;NA;Condutor;Óbito;35;Masculino;0;0;0;1;-9,42290958;-36,62725389;SR-AL;DEL13/3;UOP01/AL
30873;65857;21/04/2017;sexta-feira;17:30:00;PB;230;39;SANTA RITA;Sim;Restrição de Visibilidade;2;Tombamento;Com Vítimas Feridas;Plena Noite;Decrescente;Céu Claro;Dupla;Não Informado;Não;53551;Bicicleta;;NA;Condutor;Lesões Leves;14;Masculino;0;1;0;0;-7,1381;-34,9707;SR-PB;DEL14/1;UOP00/PB
30873;65857;21/04/2017;sexta-feira;17:30:00;PB;230;39;SANTA RITA;Sim;Restrição de Visibilidade;1;Colisão traseira;Com Vítimas Feridas;Plena Noite;Decrescente;Céu Claro;Dupla;Não Informado;Não;53551;Bicicleta;;NA;Condutor;Lesões Leves;14;Masculino;0;1;0;0;-7,1381;-34,9707;SR-PB;DEL14/1;UOP00/PB
30882;65831;13/04/2017;quinta-feira;16:40:00;RS;290;71,6;GRAVATAI;Sim;Falta de Atenção à Condução;1;Colisão transversal;Com Vítimas Feridas;Pleno dia;Decrescente;Sol;Dupla;Reta;Sim;53539;Bicicleta;;NA;Condutor;Lesões Graves;29;Masculino;0;0;1;0;-29,95219912;-50,97169412;SR-RS;DEL9/3;UOP02/RS
30911;66786;21/04/2017;sexta-feira;20:00:00;RJ;116;71;TERESOPOLIS;Sim;Falta de Atenção à Condução;1;Colisão transversal;Com Vítimas Feridas;Plena Noite;Crescente;Nublado;Simples;Reta;Sim;53702;Bicicleta;;NA;Testemunha;Não Informado;NA;Não Informado;0;0;0;0;-22,3521263;-42,94148;SR-RJ;DEL5/4;UOP01/RJ
30911;66784;21/04/2017;sexta-feira;20:00:00;RJ;116;71;TERESOPOLIS;Sim;Falta de Atenção à Condução;1;Colisão transversal;Com Vítimas Feridas;Plena Noite;Crescente;Nublado;Simples;Reta;Sim;53702;Bicicleta;;NA;Condutor;Lesões Graves;36;Masculino;0;0;1;0;-22,3521263;-42,94148;SR-RJ;DEL5/4;UOP01/RJ
30948;68853;21/04/2017;sexta-feira;22:45:00;SC;101;97,7;BALNEARIO PICARRAS;Sim;Falta de Atenção à Condução;1;Colisão frontal;Com Vítimas Feridas;Plena Noite;Decrescente;Chuva;Dupla;Reta;Não;53690;Bicicleta;;NA;Condutor;Lesões Graves;29;Masculino;0;0;1;0;-26,73826152;-48,69885206;SR-SC;DEL8/3;UOP02/SC
30953;68142;21/04/2017;sexta-feira;23:10:00;SC;470;4,1;NAVEGANTES;Sim;Ingestão de Álcool;2;Queda de ocupante de veículo;Com Vítimas Feridas;Plena Noite;Decrescente;Nublado;Simples;Reta;Sim;53699;Bicicleta;;NA;Condutor;Lesões Graves;33;Masculino;0;0;1;0;-26,899372;-48,65459;SR-SC;DEL8/4;UOP04/SC
30953;68142;21/04/2017;sexta-feira;23:10:00;SC;470;4,1;NAVEGANTES;Sim;Ingestão de Álcool;1;Colisão transversal;Com Vítimas Feridas;Plena Noite;Decrescente;Nublado;Simples;Reta;Sim;53699;Bicicleta;;NA;Condutor;Lesões Graves;33;Masculino;0;0;1;0;-26,899372;-48,65459;SR-SC;DEL8/4;UOP04/SC