id;pesid;data_inversa;dia_semana;horario;uf;br;km;municipio;causa_principal;causa_acidente;ordem_tipo_acidente;tipo_acidente;classificacao_acidente;fase_dia;sentido_via;condicao_metereologica;tipo_pista;tracado_via;uso_solo;id_veiculo;tipo_veiculo;marca;ano_fabricacao_veiculo;tipo_envolvido;estado_fisico;idade;sexo;ilesos;feridos_leves;feridos_graves;mortos;latitude;longitude;regional;delegacia;uop
36788;78965;13/05/2017;sábado;08:50:00;SP;116;283,9;EMBU DAS ARTES;Sim;Falta de Atenção à Condução;1;Colisão traseira;Com Vítimas Feridas;Pleno dia;Decrescente;Céu Claro;Dupla;Reta;Sim;64254;Bicicleta;;NA;Condutor;Lesões Leves;54;Masculino;0;1;0;0;-23,699406;-46,86628;SR-SP;DEL6/4;UOP01/SP
36835;78988;13/05/2017;sábado;12:50:00;RJ;101;276;TANGUA;Sim;Falta de Atenção à Condução;1;Colisão transversal;Com Vítimas Feridas;Pleno dia;Crescente;Céu Claro;Dupla;Reta;Sim;64287;Bicicleta;;NA;Condutor;Lesões Leves;NA;Masculino;0;1;0;0;-22,73790799;-42,73857594;SR-RJ;DEL5/2;UOP03/RJ
36835;78991;13/05/2017;sábado;12:50:00;RJ;101;276;TANGUA;Sim;Falta de Atenção à Condução;1;Colisão transversal;Com Vítimas Feridas;Pleno dia;Crescente;Céu Claro;Dupla;Reta;Sim;64287;Bicicleta;;NA;Passageiro;Lesões Leves;NA;Feminino;0;1;0;0;-22,73790799;-42,73857594;SR-RJ;DEL5/2;UOP03/RJ
36892;79075;13/05/2017;sábado;16:39:00;MG;262;575;CORREGO DANTA;Sim;Ingestão de Álcool;1;Queda de ocupante de veículo;Com Vítimas Feridas;Pleno dia;Crescente;Céu Claro;Simples;Reta;Não;64372;Bicicleta;;NA;Condutor;Lesões Leves;55;Masculino;0;1;0;0;-19,6782;-46,0433;SR-MG;DEL4/8;UOP02/MG
36909;79481;13/05/2017;sábado;18:00:00;MG;40;343;FELIXLANDIA;Sim;Falta de Atenção à Condução;1;Colisão transversal;Com Vítimas Fatais;Plena Noite;Crescente;Céu Claro;Simples;Reta;Não;64746;Bicicleta;;NA;Condutor;Óbito;41;Masculino;0;0;0;1;-18,6921;-44,981;SR-MG;DEL4/2;UOP01/MG
36945;79212;13/05/2017;sábado;16:20:00;MA;316;102,1;SANTA LUZIA DO PARUA;Sim;Falta de Atenção à Condução;1;Colisão com objeto em movimento;Com Vítimas Feridas;Pleno dia;Crescente;Sol;Simples;Reta;Sim;64495;Bicicleta;;NA;Condutor;Lesões Leves;32;Masculino;0;1;0;0;-2,4373825;-45,80399322;SR-MA;DEL18/2;UOP03/MA
36950;81328;13/05/2017;sábado;20:15:00;PE;101;67,9;RECIFE;Sim;Ingestão de Álcool;1;Colisão frontal;Com Vítimas Feridas;Plena Noite;Crescente;Céu Claro;Múltipla;Reta;Sim;66321;Bicicleta;;NA;Testemunha;Não Informado;NA;Não Informado;0;0;0;0;-8,049398;-34,945785;SR-PE;DEL11/1;UOP01/PE
36950;81324;13/05/2017;sábado;20:15:00;PE;101;67,9;RECIFE;Sim;Ingestão de Álcool;1;Colisão frontal;Com Vítimas Feridas;Plena Noite;Crescente;Céu Claro;Múltipla;Reta;Sim;66321;Bicicleta;;NA;Condutor;Lesões Leves;31;Masculino;0;1;0;0;-8,049398;-34,945785;SR-PE;DEL11/1;UOP01/PE
36975;80092;13/05/2017;sábado;20:45:00;RO;364;198,5;PIMENTA BUENO;Sim;Ingestão de Álcool;1;Colisão frontal;Com Vítimas Feridas;Plena Noite;Decrescente;Céu Claro;Simples;Reta;Sim;65314;Bicicleta;;NA;Condutor;Lesões Leves;49;Masculino;0;1;0;0;-11,66594992;-61,19139999;SR-RO;DEL21/2;UOP02/RO
36984;80193;13/05/2017;sábado;21:20:00;PR;369;176;ROLANDIA;Sim;Desobediência às normas de trânsito pelo condutor;1;Colisão transversal;Com Vítimas Feridas;Plena Noite;Crescente;Céu Claro;Dupla;Reta;Sim;65401;Bicicleta;;NA;Condutor;Lesões Leves;15;Feminino;0;1;0;0;-23,32676959;-51,38824202;SR-PR;DEL7/7;UOP01/PR
36984;80194;13/05/2017;sábado;21:20:00;PR;369;176;ROLANDIA;Sim;Desobediência às normas de trânsito pelo condutor;1;Colisão transversal;Com Vítimas Feridas;Plena Noite;Crescente;Céu Claro;Dupla;Reta;Sim;65403;Bicicleta;;NA;Condutor;Lesões Leves;19;Masculino;0;1;0;0;-23,32676959;-51,38824202;SR-PR;DEL7/7;UOP01/PR
37110;79733;14/05/2017;domingo;09:45:00;RJ;101;526,5;ANGRA DOS REIS;Sim;Desobediência às normas de trânsito pelo condutor;1;Colisão traseira;Com Vítimas Feridas;Pleno dia;Crescente;Sol;Simples;Curva;Não;64930;Bicicleta;;NA;Condutor;Lesões Leves;35;Masculino;0;1;0;0;-23,02417136;-44,52220201;SR-RJ;DEL5/3;UOP03/RJ
37110;79734;14/05/2017;domingo;09:45:00;RJ;101;526,5;ANGRA DOS REIS;Sim;Desobediência às normas de trânsito pelo condutor;1;Colisão traseira;Com Vítimas Feridas;Pleno dia;Crescente;Sol;Simples;Curva;Não;64931;Bicicleta;;NA;Condutor;Lesões Graves;43;Masculino;0;0;1;0;-23,02417136;-44,52220201;SR-RJ;DEL5/3;UOP03/RJ
37311;79994;14/05/2017;domingo;19:40:00;RS;470;281,5;MONTENEGRO;Sim;Falta de Atenção à Condução;1;Colisão lateral;Com Vítimas Feridas;Plena Noite;Decrescente;Céu Claro;Simples;Reta;Não;65206;Bicicleta;;NA;Condutor;Lesões Graves;64;Masculino;0;0;1;0;-29,57123251;-51,48537219;SR-RS;DEL9/4;UOP02/RS
37316;79850;14/05/2017;domingo;18:20:00;RS;290;308,6;CACAPAVA DO SUL;Sim;Ingestão de Álcool;1;Colisão frontal;Com Vítimas Feridas;Plena Noite;Crescente;Céu Claro;Simples;Reta;Sim;65058;Bicicleta;;NA;Condutor;Lesões Leves;54;Masculino;0;1;0;0;-30,33472238;-53,29049257;SR-RS;DEL9/9;UOP02/RS
37379;80522;15/05/2017;segunda-feira;06:50:00;RN;304;47,4;MOSSORO;Sim;Falta de Atenção à Condução;1;Colisão transversal;Com Vítimas Feridas;Pleno dia;Decrescente;Céu Claro;Dupla;Reta;Sim;65249;Bicicleta;;NA;Passageiro;Lesões Graves;12;Masculino;0;0;1;0;-5,22709717;-37,3231101;SR-RN;DEL15/4;UOP01/RN
37379;80201;15/05/2017;segunda-feira;06:50:00;RN;304;47,4;MOSSORO;Sim;Falta de Atenção à Condução;1;Colisão transversal;Com Vítimas Feridas;Pleno dia;Decrescente;Céu Claro;Dupla;Reta;Sim;65249;Bicicleta;;NA;Condutor;Lesões Graves;57;Masculino;0;0;1;0;-5,22709717;-37,3231101;SR-RN;DEL15/4;UOP01/RN
37446;80160;15/05/2017;segunda-feira;10:00:00;PR;369;153;LONDRINA;Sim;Desobediência às normas de trânsito pelo condutor;1;Colisão lateral;Com Vítimas Feridas;Pleno dia;Decrescente;Céu Claro;Simples;Reta;Sim;65370;Bicicleta;;NA;Condutor;Lesões Graves;69;Masculino;0;0;1;0;-23,29291423;-51,14520723;SR-PR;DEL7/7;UOP01/PR
37448;82744;15/05/2017;segunda-feira;10:30:00;MG;40;712;BARBACENA;Sim;Falta de Atenção à Condução;1;Colisão lateral;Com Vítimas Feridas;Pleno dia;Crescente;Céu Claro;Dupla;Curva;Não;67414;Bicicleta;;NA;Condutor;Lesões Leves;65;Masculino;0;1;0;0;-21,256;-43,6621;SR-MG;DEL4/5;UOP01/MG
37514;80488;15/05/2017;segunda-feira;13:15:00;RO;174;15,5;VILHENA;Sim;Falta de Atenção à Condução;1;Queda de ocupante de veículo;Com Vítimas Feridas;Pleno dia;Crescente;Sol;Simples;Reta;Sim;65660;Bicicleta;;NA;Condutor;Não Informado;NA;Não Informado;0;0;0;0;-12,72830048;-60,12900009;SR-RO;DEL21/4;UOP01/RO
37515;81437;15/05/2017;segunda-feira;14:20:00;BA;418;89;NOVA VICOSA;Sim;Falta de Atenção à Condução;1;Colisão lateral;Com Vítimas Feridas;Pleno dia;Crescente;Céu Claro;Simples;Reta;Sim;66348;Bicicleta;;NA;Condutor;Lesões Leves;33;Feminino;0;1;0;0;-17,8822;-39,8577;SR-BA;DEL10/9;UOP03/BA
37579;80377;15/05/2017;segunda-feira;19:00:00;SP;116;405,9;MIRACATU;Sim;Ingestão de Álcool;1;Colisão transversal;Com Vítimas Feridas;Plena Noite;Crescente;Céu Claro;Dupla;Reta;Não;65553;Bicicleta;;NA;Condutor;Lesões Graves;17;Masculino;0;0;1;0;-24,32452845;-47,55454136;SR-SP;DEL6/4;UOP03/SP
37594;80470;15/05/2017;segunda-feira;21:15:00;RJ;101;490;ANGRA DOS REIS;Sim;Ingestão de Álcool;1;Colisão frontal;Com Vítimas Feridas;Plena Noite;Decrescente;Nublado;Simples;Reta;Não;65637;Bicicleta;;NA;Condutor;Lesões Graves;NA;Masculino;0;0;1;0;-23,00715;-44,318436;SR-RJ;DEL5/3;UOP02/RJ
37594;80470;15/05/2017;segunda-feira;21:15:00;RJ;101;490;ANGRA DOS REIS;Não;Falta de Atenção à Condução;1;Colisão frontal;Com Vítimas Feridas;Plena Noite;Decrescente;Nublado;Simples;Reta;Não;65637;Bicicleta;;NA;Condutor;Lesões Graves;NA;Masculino;0;0;1;0;-23,00715;-44,318436;SR-RJ;DEL5/3;UOP02/RJ
37599;80584;15/05/2017;segunda-feira;19:30:00;MG;267;156;LIMA DUARTE;Sim;Restrição de Visibilidade;1;Colisão frontal;Com Vítimas Feridas;Plena Noite;Crescente;Céu Claro;Simples;Reta;Não;65733;Bicicleta;;NA;Condutor;Lesões Graves;31;Masculino;0;0;1;0;-21,8189;-43,7485;SR-MG;DEL4/5;UOP01/MG
37599;80582;15/05/2017;segunda-feira;19:30:00;MG;267;156;LIMA DUARTE;Sim;Restrição de Visibilidade;1;Colisão frontal;Com Vítimas Feridas;Plena Noite;Crescente;Céu Claro;Simples;Reta;Não;65732;Bicicleta;;NA;Condutor;Lesões Graves;53;Masculino;0;0;1;0;-21,8189;-43,7485;SR-MG;DEL4/5;UOP01/MG
37637;82743;16/05/2017;terça-feira;02:50:00;PR;467;117;CASCAVEL;Sim;Falta de Atenção à Condução;1;Colisão lateral;Com Vítimas Feridas;Plena Noite;Decrescente;Céu Claro;Simples;Curva;Sim;67418;Bicicleta;;NA;Condutor;Lesões Leves;57;Masculino;0;1;0;0;-24,96408303;-53,40562731;SR-PR;DEL7/4;UOP01/PR
37639;82620;16/05/2017;terça-feira;06:45:00;RJ;116;129;MAGE;Sim;Falta de Atenção à Condução;1;Colisão lateral;Com Vítimas Feridas;Pleno dia;Decrescente;Nublado;Dupla;Reta;Sim;67304;Bicicleta;;NA;Condutor;Lesões Leves;65;Masculino;0;1;0;0;-22,6537;-43,1456;SR-RJ;DEL5/4;UOP02/RJ
37837;81134;16/05/2017;terça-feira;18:30:00;BA;418;83;NOVA VICOSA;Sim;Falta de Atenção do Pedestre;1;Colisão frontal;Com Vítimas Feridas;Plena Noite;Crescente;Nublado;Simples;Reta;Sim;66177;Bicicleta;;NA;Condutor;Lesões Leves;55;Masculino;0;1;0;0;-17,8947;-39,3722;SR-BA;DEL10/9;UOP03/BA
37837;81134;16/05/2017;terça-feira;18:30:00;BA;418;83;NOVA VICOSA;Não;Ingestão de Álcool;1;Colisão frontal;Com Vítimas Feridas;Plena Noite;Crescente;Nublado;Simples;Reta;Sim;66177;Bicicleta;;NA;Condutor;Lesões Leves;55;Masculino;0;1;0;0;-17,8947;-39,3722;SR-BA;DEL10/9;UOP03/BA
38074;84026;17/05/2017;quarta-feira;18:30:00;MG;381;889,7;CAMBUI;Sim;Desobediência às normas de trânsito pelo condutor;3;Colisão frontal;Com Vítimas Feridas;Plena Noite;Crescente;Nublado;Dupla;Reta;Não;68461;Bicicleta;;NA;Condutor;Lesões Leves;35;Masculino;0;1;0;0;-22,53669865;-46,03617397;SR-MG;DEL4/10;UOP03/MG
38074;84026;17/05/2017;quarta-feira;18:30:00;MG;381;889,7;CAMBUI;Não;Deficiência ou não Acionamento do Sistema de Iluminação/Sinalização do Veículo;3;Colisão frontal;Com Vítimas Feridas;Plena Noite;Crescente;Nublado;Dupla;Reta;Não;68461;Bicicleta;;NA;Condutor;Lesões Leves;35;Masculino;0;1;0;0;-22,53669865;-46,03617397;SR-MG;DEL4/10;UOP03/MG
38074;84026;17/05/2017;quarta-feira;18:30:00;MG;381;889,7;CAMBUI;Não;Falta de Atenção à Condução;3;Colisão frontal;Com Vítimas Feridas;Plena Noite;Crescente;Nublado;Dupla;Reta;Não;68461;Bicicleta;;NA;Condutor;Lesões Leves;35;Masculino;0;1;0;0;-22,53669865;-46,03617397;SR-MG;DEL4/10;UOP03/MG
38074;84026;17/05/2017;quarta-feira;18:30:00;MG;381;889,7;CAMBUI;Sim;Desobediência às normas de trânsito pelo condutor;2;Tombamento;Com Vítimas Feridas;Plena Noite;Crescente;Nublado;Dupla;Reta;Não;68461;Bicicleta;;NA;Condutor;Lesões Leves;35;Masculino;0;1;0;0;-22,53669865;-46,03617397;SR-MG;DEL4/10;UOP03/MG
38074;84026;17/05/2017;quarta-feira;18:30:00;MG;381;889,7;CAMBUI;Não;Deficiência ou não Acionamento do Sistema de Iluminação/Sinalização do Veículo;2;Tombamento;Com Vítimas Feridas;Plena Noite;Crescente;Nublado;Dupla;Reta;Não;68461;Bicicleta;;NA;Condutor;Lesões Leves;35;Masculino;0;1;0;0;-22,53669865;-46,03617397;SR-MG;DEL4/10;UOP03/MG
38074;84026;17/05/2017;quarta-feira;18:30:00;MG;381;889,7;CAMBUI;Não;Falta de Atenção à Condução;2;Tombamento;Com Vítimas Feridas;Plena Noite;Crescente;Nublado;Dupla;Reta;Não;68461;Bicicleta;;NA;Condutor;Lesões Leves;35;Masculino;0;1;0;0;-22,53669865;-46,03617397;SR-MG;DEL4/10;UOP03/MG
38074;84026;17/05/2017;quarta-feira;18:30:00;MG;381;889,7;CAMBUI;Sim;Desobediência às normas de trânsito pelo condutor;1;Colisão com objeto em movimento;Com Vítimas Feridas;Plena Noite;Crescente;Nublado;Dupla;Reta;Não;68461;Bicicleta;;NA;Condutor;Lesões Leves;35;Masculino;0;1;0;0;-22,53669865;-46,03617397;SR-MG;DEL4/10;UOP03/MG
38074;84026;17/05/2017;quarta-feira;18:30:00;MG;381;889,7;CAMBUI;Não;Deficiência ou não Acionamento do Sistema de Iluminação/Sinalização do Veículo;1;Colisão com objeto em movimento;Com Vítimas Feridas;Plena Noite;Crescente;Nublado;Dupla;Reta;Não;68461;Bicicleta;;NA;Condutor;Lesões Leves;35;Masculino;0;1;0;0;-22,53669865;-46,03617397;SR-MG;DEL4/10;UOP03/MG
38074;84026;17/05/2017;quarta-feira;18:30:00;MG;381;889,7;CAMBUI;Não;Falta de Atenção à Condução;1;Colisão com objeto em movimento;Com Vítimas Feridas;Plena Noite;Crescente;Nublado;Dupla;Reta;Não;68461;Bicicleta;;NA;Condutor;Lesões Leves;35;Masculino;0;1;0;0;-22,53669865;-46,03617397;SR-MG;DEL4/10;UOP03/MG
38099;81688;17/05/2017;quarta-feira;18:10:00;SP;116;444,7;REGISTRO;Sim;Falta de Atenção à Condução;2;Tombamento;Com Vítimas Feridas;Plena Noite;Decrescente;Nublado;Múltipla;Reta;Sim;66573;Bicicleta;;NA;Condutor;Lesões Leves;30;Masculino;0;1;0;0;-24,49517498;-47,83990585;SR-SP;DEL6/5;UOP01/SP
38099;81688;17/05/2017;quarta-feira;18:10:00;SP;116;444,7;REGISTRO;Sim;Falta de Atenção à Condução;1;Colisão transversal;Com Vítimas Feridas;Plena Noite;Decrescente;Nublado;Múltipla;Reta;Sim;66573;Bicicleta;;NA;Condutor;Lesões Leves;30;Masculino;0;1;0;0;-24,49517498;-47,83990585;SR-SP;DEL6/5;UOP01/SP
38110;81672;17/05/2017;quarta-feira;17:20:00;MT;364;402;CUIABA;Sim;Desobediência às normas de trânsito pelo condutor;1;Colisão transversal;Com Vítimas Feridas;Anoitecer;Crescente;Céu Claro;Simples;Reta;Sim;66557;Bicicleta;;NA;Condutor;Lesões Leves;26;Masculino;0;1;0;0;-15,65937284;-55,97658634;SR-MT;DEL2/1;UOP01/MT
38133;81985;17/05/2017;quarta-feira;20:25:00;RS;392;26,6;RIO GRANDE;Sim;Falta de Atenção à Condução;1;Colisão transversal;Com Vítimas Feridas;Plena Noite;Crescente;Céu Claro;Múltipla;Reta;Sim;66565;Bicicleta;;NA;Condutor;Lesões Graves;60;Masculino;0;0;1;0;-32,07370942;-52,26113138;SR-RS;DEL9/7;UOP02/RS
38189;81848;18/05/2017;quinta-feira;06:20:00;PI;343;321,2;TERESINA;Sim;Falta de Atenção à Condução;1;Tombamento;Com Vítimas Fatais;Pleno dia;Decrescente;Céu Claro;Simples;Reta;Não;66720;Bicicleta;MONARK/;NA;Condutor;Óbito;38;Masculino;0;0;0;1;-5,0446853;-42,7662325;SR-PI;DEL17/1;UOP01/PI
38401;84764;18/05/2017;quinta-feira;22:15:00;AC;364;128;RIO BRANCO;Sim;Falta de Atenção à Condução;1;Colisão traseira;Com Vítimas Feridas;Plena Noite;Crescente;Céu Claro;Simples;Reta;Não;68105;Bicicleta;;NA;Condutor;Lesões Leves;30;Masculino;0;1;0;0;-10,02635896;-67,83490598;SR-AC;UOP01/AC;
38435;84616;19/05/2017;sexta-feira;05:40:00;MG;267;304;CAXAMBU;Sim;Restrição de Visibilidade;1;Colisão com objeto em movimento;Com Vítimas Feridas;Plena Noite;Crescente;Garoa/Chuvisco;Simples;Curva;Não;68961;Bicicleta;;NA;Condutor;Lesões Leves;79;Masculino;0;1;0;0;-21,9684637;-44,93338734;SR-MG;DEL5/4;UOP01/MG
38505;82473;02/01/2017;segunda-feira;12:30:00;SP;101;45,4;UBATUBA;Sim;Desobediência às normas de trânsito pelo condutor;1;Colisão transversal;Com Vítimas Feridas;Pleno dia;Crescente;Céu Claro;Simples;Reta;Sim;67164;Bicicleta;;NA;Condutor;Lesões Leves;19;Masculino;0;1;0;0;-23,421948;-45,07230967;SR-SP;DEL6/7;UOP01/SP
38510;82513;19/05/2017;sexta-feira;09:00:00;RS;116;263,4;CANOAS;Sim;Falta de Atenção à Condução;1;Colisão transversal;Com Vítimas Feridas;Pleno dia;Decrescente;Céu Claro;Simples;Reta;Sim;67197;Bicicleta;;NA;Condutor;Lesões Leves;22;Masculino;0;1;0;0;-29,90385108;-51,17661238;SR-RS;DEL9/1;UOP01/RS
38586;82656;19/05/2017;sexta-feira;12:55:00;MG;40;41,7;PARACATU;Sim;Falta de Atenção à Condução;3;Queda de ocupante de veículo;Com Vítimas Feridas;Pleno dia;Crescente;Nublado;Simples;Curva;Sim;67333;Bicicleta;;NA;Condutor;Lesões Leves;19;Feminino;0;1;0;0;-17,21686822;-46,86862187;SR-MG;DEL4/14;UOP01/MG
38586;82656;19/05/2017;sexta-feira;12:55:00;MG;40;41,7;PARACATU;Sim;Falta de Atenção à Condução;2;Tombamento;Com Vítimas Feridas;Pleno dia;Crescente;Nublado;Simples;Curva;Sim;67333;Bicicleta;;NA;Condutor;Lesões Leves;19;Feminino;0;1;0;0;-17,21686822;-46,86862187;SR-MG;DEL4/14;UOP01/MG
38586;82656;19/05/2017;sexta-feira;12:55:00;MG;40;41,7;PARACATU;Sim;Falta de Atenção à Condução;1;Colisão transversal;Com Vítimas Feridas;Pleno dia;Crescente;Nublado;Simples;Curva;Sim;67333;Bicicleta;;NA;Condutor;Lesões Leves;19;Feminino;0;1;0;0;-17,21686822;-46,86862187;SR-MG;DEL4/14;UOP01/MG
38681;82797;19/05/2017;sexta-feira;15:20:00;MG;116;277;TEOFILO OTONI;Sim;Falta de Atenção à Condução;1;Colisão transversal;Com Vítimas Feridas;Pleno dia;Crescente;Nublado;Simples;Reta;Sim;67462;Bicicleta;;NA;Condutor;Lesões Leves;38;Feminino;0;1;0;0;-17,8595;-41,5153;SR-MG;DEL4/11;UOP01/MG
38805;83042;19/05/2017;sexta-feira;20:00:00;MG;40;46,4;PARACATU;Sim;Ingestão de Álcool;1;Colisão lateral;Com Vítimas Feridas;Plena Noite;Crescente;Nublado;Simples;Não Informado;Sim;67691;Bicicleta;;NA;Condutor;Lesões Leves;40;Masculino;0;1;0;0;-17,2401176;-46,83360958;SR-MG;DEL4/14;UOP01/MG
39002;88150;20/05/2017;sábado;11:15:00;SC;101;197;BIGUACU;Sim;Falta de Atenção à Condução;1;Tombamento;Sem Vítimas;Pleno dia;Crescente;Nublado;Dupla;Não Informado;Sim;68198;Bicicleta;;NA;Condutor;Ileso;38;Masculino;1;0;0;0;-27,52060546;-48,63763314;SR-SC;DEL8/1;UOP01/SC
39037;83497;11/04/2017;terça-feira;10:10:00;BA;101;716;EUNAPOLIS;Sim;Desobediência às normas de trânsito pelo condutor;2;Queda de ocupante de veículo;Com Vítimas Feridas;Pleno dia;Decrescente;Sol;Múltipla;Não Informado;Sim;68028;Bicicleta;;NA;Condutor;Lesões Graves;66;Masculino;0;0;1;0;-16,3555;-39,5795;SR-BA;DEL10/9;UOP01/BA
39037;83497;11/04/2017;terça-feira;10:10:00;BA;101;716;EUNAPOLIS;Sim;Desobediência às normas de trânsito pelo condutor;1;Colisão transversal;Com Vítimas Feridas;Pleno dia;Decrescente;Sol;Múltipla;Não Informado;Sim;68028;Bicicleta;;NA;Condutor;Lesões Graves;66;Masculino;0;0;1;0;-16,3555;-39,5795;SR-BA;DEL10/9;UOP01/BA
39052;83651;20/05/2017;sábado;14:50:00;PE;101;69;RECIFE;Sim;Falta de Atenção à Condução;1;Colisão lateral;Com Vítimas Feridas;Pleno dia;Crescente;Céu Claro;Dupla;Reta;Sim;68118;Bicicleta;;NA;Condutor;Lesões Leves;30;Masculino;0;1;0;0;-8,056688;-34,946588;SR-PE;DEL11/1;UOP01/PE
39124;83793;20/05/2017;sábado;18:40:00;RS;101;23,2;TRES CACHOEIRAS;Sim;Falta de Atenção à Condução;1;Colisão transversal;Com Vítimas Fatais;Plena Noite;Crescente;Nublado;Simples;Reta;Sim;68254;Bicicleta;;NA;Condutor;Óbito;78;Masculino;0;0;0;1;-29,4486977;-49,91447747;SR-RS;DEL9/3;UOP03/RS
39124;83793;20/05/2017;sábado;18:40:00;RS;101;23,2;TRES CACHOEIRAS;Não;Falta de Atenção do Pedestre;1;Colisão transversal;Com Vítimas Fatais;Plena Noite;Crescente;Nublado;Simples;Reta;Sim;68254;Bicicleta;;NA;Condutor;Óbito;78;Masculino;0;0;0;1;-29,4486977;-49,91447747;SR-RS;DEL9/3;UOP03/RS
39124;83793;20/05/2017;sábado;18:40:00;RS;101;23,2;TRES CACHOEIRAS;Não;Velocidade Incompatível;1;Colisão transversal;Com Vítimas Fatais;Plena Noite;Crescente;Nublado;Simples;Reta;Sim;68254;Bicicleta;;NA;Condutor;Óbito;78;Masculino;0;0;0;1;-29,4486977;-49,91447747;SR-RS;DEL9/3;UOP03/RS
39147;83782;20/05/2017;sábado;20:35:00;MG;262;801,5;UBERABA;Sim;Ingestão de Álcool;1;Queda de ocupante de veículo;Com Vítimas Feridas;Plena Noite;Crescente;Nublado;Dupla;Reta;Não;68240;Bicicleta;;NA;Condutor;Lesões Leves;44;Masculino;0;1;0;0;-19,77034984;-47,90369897;SR-MG;DEL4/15;UOP01/MG
39380;86748;21/05/2017;domingo;06:30:00;PI;407;423;PICOS;Sim;Falta de Atenção à Condução;1;Colisão transversal;Com Vítimas Feridas;Pleno dia;Crescente;Sol;Simples;Reta;Sim;69757;Bicicleta;;NA;Condutor;Lesões Leves;57;Masculino;0;1;0;0;-7,08087866;-41,43253814;SR-PI;DEL17/4;UOP01/PI
39503;86335;21/05/2017;domingo;17:30:00;ES;101;253,1;SERRA;Sim;Desobediência às normas de trânsito pelo condutor;1;Colisão lateral;Com Vítimas Feridas;Anoitecer;Decrescente;Chuva;Simples;Reta;Não;70490;Bicicleta;;NA;Condutor;Lesões Leves;34;Masculino;0;1;0;0;-20,10796656;-40,32940507;SR-ES;DEL12/2;UOP01/ES
39561;84980;22/05/2017;segunda-feira;03:20:00;PE;232;6;RECIFE;Sim;Fenômenos da Natureza;1;Atropelamento de Pedestre;Com Vítimas Feridas;Plena Noite;Decrescente;Chuva;Dupla;Reta;Sim;69310;Bicicleta;;NA;Condutor;Lesões Graves;18;Masculino;0;0;1;0;-8,06987573;-34,9501783;SR-PE;DEL11/1;UOP01/PE
39561;84980;22/05/2017;segunda-feira;03:20:00;PE;232;6;RECIFE;Não;Falta de Atenção à Condução;1;Atropelamento de Pedestre;Com Vítimas Feridas;Plena Noite;Decrescente;Chuva;Dupla;Reta;Sim;69310;Bicicleta;;NA;Condutor;Lesões Graves;18;Masculino;0;0;1;0;-8,06987573;-34,9501783;SR-PE;DEL11/1;UOP01/PE
39660;84798;22/05/2017;segunda-feira;11:10:00;PA;316;16;MARITUBA;Sim;Falta de Atenção à Condução;1;Colisão lateral;Com Vítimas Fatais;Pleno dia;Decrescente;Céu Claro;Dupla;Reta;Sim;69145;Bicicleta;;NA;Condutor;Óbito;NA;Masculino;0;0;0;1;-1,3649;-48,304;SR-PA;DEL19/1;UOP01/PA
39687;86872;22/05/2017;segunda-feira;14:10:00;SE;235;6;NOSSA SENHORA DO SOCORRO;Sim;Falta de Atenção à Condução;2;Queda de ocupante de veículo;Com Vítimas Feridas;Pleno dia;Decrescente;Nublado;Dupla;Reta;Não;70882;Bicicleta;;NA;Condutor;Lesões Leves;23;Masculino;0;1;0;0;-10,90394716;-37,12864903;SR-SE;DEL20/1;UOP01/SE
39687;86872;22/05/2017;segunda-feira;14:10:00;SE;235;6;NOSSA SENHORA DO SOCORRO;Sim;Falta de Atenção à Condução;1;Colisão lateral;Com Vítimas Feridas;Pleno dia;Decrescente;Nublado;Dupla;Reta;Não;70882;Bicicleta;;NA;Condutor;Lesões Leves;23;Masculino;0;1;0;0;-10,90394716;-37,12864903;SR-SE;DEL20/1;UOP01/SE
39743;85976;22/05/2017;segunda-feira;17:30:00;BA;110;11,9;PAULO AFONSO;Sim;Falta de Atenção à Condução;1;Colisão traseira;Com Vítimas Feridas;Anoitecer;Crescente;Céu Claro;Simples;Reta;Não;69648;Bicicleta;;NA;Condutor;Lesões Graves;59;Masculino;0;0;1;0;-9,52579051;-38,21995008;SR-BA;DEL10/7;UOP01/BA
39779;84975;22/05/2017;segunda-feira;18:50:00;MG;365;446,2;GUIMARANIA;Sim;Falta de Atenção à Condução;1;Colisão traseira;Com Vítimas Feridas;Plena Noite;Crescente;Céu Claro;Simples;Desvio Temporário;Não;69303;Bicicleta;;NA;Condutor;Lesões Leves;57;Masculino;0;1;0;0;-18,8105039;-46,7707783;SR-MG;DEL4/10;UOP01/MG
39814;90567;22/05/2017;segunda-feira;23:45:00;TO;153;667;GURUPI;Sim;Falta de Atenção à Condução;1;Tombamento;Com Vítimas Feridas;Plena Noite;Crescente;Ignorado;Simples;Desvio Temporário;Sim;69317;Bicicleta;MONARK/;NA;Condutor;Lesões Leves;41;Masculino;0;1;0;0;-11,69661751;-49,07249451;SR-TO;UOP01/TO;