id;pesid;data_inversa;dia_semana;horario;uf;br;km;municipio;causa_principal;causa_acidente;ordem_tipo_acidente;tipo_acidente;classificacao_acidente;fase_dia;sentido_via;condicao_metereologica;tipo_pista;tracado_via;uso_solo;id_veiculo;tipo_veiculo;marca;ano_fabricacao_veiculo;tipo_envolvido;estado_fisico;idade;sexo;ilesos;feridos_leves;feridos_graves;mortos;latitude;longitude;regional;delegacia;uop
40029;87623;23/05/2017;terça-feira;17:45:00;PI;316;8,4;TERESINA;Sim;Falta de Atenção à Condução;1;Tombamento;Com Vítimas Feridas;Anoitecer;Crescente;Sol;Simples;Reta;Não;71528;Bicicleta;;NA;Condutor;Ileso;NA;Não Informado;1;0;0;0;-5,17304089;-42,76655973;SR-PI;DEL17/1;UOP02/PI
40039;85687;23/05/2017;terça-feira;19:15:00;AC;364;122;RIO BRANCO;Sim;Desobediência às normas de trânsito pelo condutor;1;Colisão frontal;Com Vítimas Feridas;Plena Noite;Decrescente;Nublado;Dupla;Reta;Sim;69870;Bicicleta;;NA;Passageiro;Lesões Leves;19;Feminino;0;1;0;0;-10,0119;-67,7726;SR-AC;UOP01/AC;
40039;85686;23/05/2017;terça-feira;19:15:00;AC;364;122;RIO BRANCO;Sim;Desobediência às normas de trânsito pelo condutor;1;Colisão frontal;Com Vítimas Feridas;Plena Noite;Decrescente;Nublado;Dupla;Reta;Sim;69870;Bicicleta;;NA;Condutor;Ileso;21;Masculino;1;0;0;0;-10,0119;-67,7726;SR-AC;UOP01/AC;
40042;85573;23/05/2017;terça-feira;17:30:00;SC;101;202,4;SAO JOSE;Sim;Falta de Atenção à Condução;1;Queda de ocupante de veículo;Com Vítimas Feridas;Anoitecer;Crescente;Garoa/Chuvisco;Múltipla;Reta;Sim;69772;Bicicleta;;NA;Condutor;Lesões Leves;81;Masculino;0;1;0;0;-27,56025474;-48,61724293;SR-SC;DEL8/1;UOP01/SC
40138;85815;24/05/2017;quarta-feira;08:20:00;CE;222;2,6;SOBRAL;Sim;Falta de Atenção à Condução;1;Colisão transversal;Com Vítimas Feridas;Pleno dia;Decrescente;Céu Claro;Dupla;Reta;Sim;69953;Bicicleta;;NA;Condutor;Lesões Leves;26;Masculino;0;1;0;0;-3,69141402;-40,34149647;SR-CE;DEL16/4;UOP01/CE
40149;88402;24/05/2017;quarta-feira;08:50:00;PA;316;8,5;ANANINDEUA;Sim;Falta de Atenção à Condução;1;Colisão transversal;Com Vítimas Feridas;Pleno dia;Decrescente;Céu Claro;Dupla;Retorno Regulamentado;Sim;72234;Bicicleta;;NA;Condutor;Lesões Graves;55;Masculino;0;0;1;0;-1,36655247;-48,37072134;SR-PA;DEL19/1;UOP01/PA
40157;86003;16/05/2017;terça-feira;22:00:00;SC;282;16,5;PALHOCA;Sim;Falta de Atenção à Condução;1;Colisão transversal;Com Vítimas Feridas;Plena Noite;Crescente;Ignorado;Simples;Reta;Não;70159;Bicicleta;;NA;Condutor;Lesões Leves;54;Feminino;0;1;0;0;-27,6665;-48,6887;SR-SC;DEL8/1;UOP02/SC
40191;85929;24/05/2017;quarta-feira;14:30:00;BA;407;7,7;JUAZEIRO;Sim;Ingestão de Álcool;1;Colisão transversal;Com Vítimas Feridas;Pleno dia;Crescente;Céu Claro;Simples;Reta;Sim;70103;Bicicleta;;NA;Condutor;Lesões Leves;31;Masculino;0;1;0;0;-9,46727515;-40,48122346;SR-PE;DEL11/6;UOP01/PE
40230;86028;24/05/2017;quarta-feira;17:40:00;TO;153;144,3;ARAGUAINA;Sim;Falta de Atenção à Condução;1;Colisão com objeto em movimento;Com Vítimas Feridas;Anoitecer;Crescente;Nublado;Dupla;Ponte;Sim;70184;Bicicleta;;NA;Condutor;Lesões Leves;56;Masculino;0;1;0;0;-7,20911798;-48,2424742;SR-TO;UOP04/TO;
40247;88443;24/05/2017;quarta-feira;18:30:00;SC;101;336,3;TUBARAO;Sim;Desobediência às normas de trânsito pelo condutor;1;Colisão transversal;Com Vítimas Feridas;Plena Noite;Decrescente;Nublado;Dupla;Não Informado;Sim;72279;Bicicleta;;NA;Condutor;Lesões Leves;52;Masculino;0;1;0;0;-28,47576422;-49,02828908;SR-SC;DEL8/2;UOP01/SC
40372;86315;09/05/2017;terça-feira;23:59:00;MG;365;615,1;UBERLANDIA;Sim;Falta de Atenção do Pedestre;1;Atropelamento de Pedestre;Com Vítimas Feridas;Plena Noite;Decrescente;Céu Claro;Dupla;Curva;Sim;70445;Bicicleta;;NA;Condutor;Lesões Graves;25;Masculino;0;0;1;0;-18,90916907;-48,22509348;SR-MG;DEL4/15;UOP01/MG
40399;86565;25/05/2017;quinta-feira;14:10:00;RJ;40;109;DUQUE DE CAXIAS;Sim;Desobediência às normas de trânsito pelo condutor;2;Atropelamento de Pedestre;Com Vítimas Feridas;Pleno dia;Decrescente;Céu Claro;Múltipla;Curva;Sim;70668;Bicicleta;;NA;Condutor;Lesões Leves;40;Masculino;0;1;0;0;-22,67291197;-43,28483999;SR-RJ;DEL5/1;UOP01/RJ
40399;86565;25/05/2017;quinta-feira;14:10:00;RJ;40;109;DUQUE DE CAXIAS;Sim;Desobediência às normas de trânsito pelo condutor;1;Colisão com objeto em movimento;Com Vítimas Feridas;Pleno dia;Decrescente;Céu Claro;Múltipla;Curva;Sim;70668;Bicicleta;;NA;Condutor;Lesões Leves;40;Masculino;0;1;0;0;-22,67291197;-43,28483999;SR-RJ;DEL5/1;UOP01/RJ
40421;88775;25/05/2017;quinta-feira;11:50:00;MG;116;654,7;SAO FRANCISCO DO GLORIA;Sim;Falta de Atenção à Condução;1;Colisão lateral;Com Vítimas Feridas;Pleno dia;Decrescente;Céu Claro;Simples;Curva;Não;72671;Bicicleta;;NA;Condutor;Lesões Leves;77;Masculino;0;1;0;0;-20,75173964;-42,2942546;SR-MG;DEL4/7;UOP03/MG
40447;86412;25/05/2017;quinta-feira;09:50:00;PR;277;71;SAO JOSE DOS PINHAIS;Sim;Animais na Pista;2;Queda de ocupante de veículo;Com Vítimas Feridas;Pleno dia;Decrescente;Sol;Dupla;Reta;Não;70555;Bicicleta;;NA;Testemunha;Não Informado;NA;Não Informado;0;0;0;0;-25,5307;-49,1958;SR-PR;DEL7/1;UOP01/PR
40447;86412;25/05/2017;quinta-feira;09:50:00;PR;277;71;SAO JOSE DOS PINHAIS;Sim;Animais na Pista;1;Atropelamento de Animal;Com Vítimas Feridas;Pleno dia;Decrescente;Sol;Dupla;Reta;Não;70555;Bicicleta;;NA;Testemunha;Não Informado;NA;Não Informado;0;0;0;0;-25,5307;-49,1958;SR-PR;DEL7/1;UOP01/PR
40447;86405;25/05/2017;quinta-feira;09:50:00;PR;277;71;SAO JOSE DOS PINHAIS;Sim;Animais na Pista;2;Queda de ocupante de veículo;Com Vítimas Feridas;Pleno dia;Decrescente;Sol;Dupla;Reta;Não;70555;Bicicleta;;NA;Condutor;Lesões Graves;29;Feminino;0;0;1;0;-25,5307;-49,1958;SR-PR;DEL7/1;UOP01/PR
40447;86405;25/05/2017;quinta-feira;09:50:00;PR;277;71;SAO JOSE DOS PINHAIS;Sim;Animais na Pista;1;Atropelamento de Animal;Com Vítimas Feridas;Pleno dia;Decrescente;Sol;Dupla;Reta;Não;70555;Bicicleta;;NA;Condutor;Lesões Graves;29;Feminino;0;0;1;0;-25,5307;-49,1958;SR-PR;DEL7/1;UOP01/PR
40485;86862;25/05/2017;quinta-feira;18:40:00;SC;101;360;SANGAO;Sim;Restrição de Visibilidade;1;Colisão frontal;Com Vítimas Feridas;Plena Noite;Decrescente;Ignorado;Simples;Reta;Não;70871;Bicicleta;;NA;Condutor;Lesões Graves;30;Feminino;0;0;1;0;-28,6529;-49,1068;SR-SC;DEL8/2;UOP01/SC
40485;86858;25/05/2017;quinta-feira;18:40:00;SC;101;360;SANGAO;Sim;Restrição de Visibilidade;1;Colisão frontal;Com Vítimas Feridas;Plena Noite;Decrescente;Ignorado;Simples;Reta;Não;70870;Bicicleta;;NA;Condutor;Lesões Graves;19;Feminino;0;0;1;0;-28,6529;-49,1068;SR-SC;DEL8/2;UOP01/SC
40521;89204;25/05/2017;quinta-feira;18:40:00;RO;364;713;PORTO VELHO;Sim;Falta de Atenção à Condução;1;Colisão transversal;Com Vítimas Feridas;Plena Noite;Crescente;Céu Claro;Dupla;Reta;Não;73093;Bicicleta;;NA;Condutor;Lesões Graves;42;Masculino;0;0;1;0;-8,77366374;-63,88553828;SR-RO;DEL21/1;UOP01/RO
40558;88677;25/05/2017;quinta-feira;07:40:00;MT;364;263;SAO PEDRO DA CIPA;Sim;Falta de Atenção à Condução;1;Colisão com objeto em movimento;Com Vítimas Feridas;Pleno dia;Crescente;Céu Claro;Simples;Reta;Não;72532;Bicicleta;;NA;Condutor;Lesões Graves;40;Masculino;0;0;1;0;-16,01678629;-54,90667999;SR-MT;DEL2/1;UOP02/MT
40595;88509;26/05/2017;sexta-feira;07:05:00;RS;153;60;ERECHIM;Sim;Desobediência às normas de trânsito pelo condutor;1;Colisão lateral;Com Vítimas Feridas;Amanhecer;Crescente;Céu Claro;Simples;Interseção de vias;Sim;70898;Bicicleta;MONARK/;NA;Condutor;Lesões Leves;64;Masculino;0;1;0;0;-27,65601541;-52,27556974;SR-RS;DEL9/8;UOP02/RS
40648;86984;18/05/2017;quinta-feira;08:45:00;MG;135;373;MONTES CLAROS;Sim;Falta de Atenção à Condução;1;Queda de ocupante de veículo;Com Vítimas Feridas;Pleno dia;Decrescente;Céu Claro;Simples;Curva;Não;70973;Bicicleta;;NA;Condutor;Lesões Graves;48;Masculino;0;0;1;0;-16,8026;-43,8457;SR-MG;DEL4/12;UOP01/MG
40681;87316;26/05/2017;sexta-feira;15:18:00;GO;153;513,7;APARECIDA DE GOIANIA;Sim;Desobediência às normas de trânsito pelo condutor;1;Colisão transversal;Com Vítimas Feridas;Pleno dia;Decrescente;Sol;Simples;Reta;Sim;71053;Bicicleta;;NA;Passageiro;Lesões Leves;8;Masculino;0;1;0;0;-16,82359223;-49,24148709;SR-GO;DEL1/1;UOP03/GO
40681;87315;26/05/2017;sexta-feira;15:18:00;GO;153;513,7;APARECIDA DE GOIANIA;Sim;Desobediência às normas de trânsito pelo condutor;1;Colisão transversal;Com Vítimas Feridas;Pleno dia;Decrescente;Sol;Simples;Reta;Sim;71053;Bicicleta;;NA;Condutor;Lesões Graves;36;Feminino;0;0;1;0;-16,82359223;-49,24148709;SR-GO;DEL1/1;UOP03/GO
40690;87116;26/05/2017;sexta-feira;16:00:00;MG;381;854,3;POUSO ALEGRE;Sim;Falta de Atenção à Condução;1;Colisão lateral;Com Vítimas Feridas;Pleno dia;Decrescente;Sol;Dupla;Não Informado;Sim;71077;Bicicleta;;NA;Condutor;Lesões Leves;63;Masculino;0;1;0;0;-22,27364885;-45,89323997;SR-MG;DEL4/10;UOP01/MG
40781;88349;26/05/2017;sexta-feira;18:50:00;MG;116;137,7;PONTO DOS VOLANTES;Sim;Falta de Atenção à Condução;1;Colisão lateral;Com Vítimas Feridas;Anoitecer;Crescente;Céu Claro;Simples;Curva;Sim;72177;Bicicleta;;NA;Condutor;Lesões Graves;26;Masculino;0;0;1;0;-16,75570805;-41,50031145;SR-MG;DEL4/11;UOP02/MG
40784;87307;26/05/2017;sexta-feira;21:40:00;SC;101;6,7;GARUVA;Sim;Falta de Atenção à Condução;1;Colisão lateral;Com Vítimas Feridas;Plena Noite;Decrescente;Nublado;Dupla;Reta;Sim;71233;Bicicleta;;NA;Condutor;Lesões Leves;22;Masculino;0;1;0;0;-26,04621878;-48,84857118;SR-SC;DEL8/3;UOP01/SC
40794;87305;26/05/2017;sexta-feira;22:35:00;SC;101;137;BALNEARIO CAMBORIU;Sim;Falta de Atenção à Condução;1;Colisão frontal;Com Vítimas Feridas;Plena Noite;Crescente;Chuva;Simples;Reta;Sim;71227;Bicicleta;;NA;Condutor;Lesões Leves;27;Feminino;0;1;0;0;-27,0157;-48,6119;SR-SC;DEL8/4;UOP03/SC
40867;87456;27/05/2017;sábado;03:42:00;GO;20;179,8;ALVORADA DO NORTE;Sim;Sinalização da via insuficiente ou inadequada;1;Colisão traseira;Com Vítimas Fatais;Plena Noite;Decrescente;Céu Claro;Simples;Reta;Sim;71392;Bicicleta;;NA;Condutor;Óbito;35;Masculino;0;0;0;1;-14,47929625;-46,49347007;SR-DF;UOP05/DF;
40893;87415;23/01/2017;segunda-feira;20:50:00;SC;101;196,9;BIGUACU;Sim;Falta de Atenção à Condução;1;Colisão lateral;Com Vítimas Feridas;Plena Noite;Crescente;Nublado;Dupla;Não Informado;Sim;71363;Bicicleta;;NA;Condutor;Lesões Leves;45;Masculino;0;1;0;0;-27,51847613;-48,63857676;SR-SC;DEL8/1;UOP01/SC
40965;89697;27/05/2017;sábado;13:40:00;PI;343;305,5;ALTOS;Sim;Falta de Atenção à Condução;1;Colisão transversal;Com Vítimas Feridas;Pleno dia;Decrescente;Sol;Simples;Reta;Sim;73558;Bicicleta;;NA;Condutor;Lesões Graves;87;Masculino;0;0;1;0;-5,03778728;-42,44812489;SR-PI;DEL17/1;UOP01/PI
40965;89697;27/05/2017;sábado;13:40:00;PI;343;305,5;ALTOS;Não;Ingestão de Álcool;1;Colisão transversal;Com Vítimas Feridas;Pleno dia;Decrescente;Sol;Simples;Reta;Sim;73558;Bicicleta;;NA;Condutor;Lesões Graves;87;Masculino;0;0;1;0;-5,03778728;-42,44812489;SR-PI;DEL17/1;UOP01/PI
41020;87822;27/05/2017;sábado;17:50:00;RN;226;63;SERRA CAIADA;Sim;Ingestão de Álcool;1;Colisão traseira;Com Vítimas Fatais;Plena Noite;Crescente;Céu Claro;Simples;Reta;Não;71707;Bicicleta;;NA;Condutor;Óbito;63;Masculino;0;0;0;1;-6,065018;-35,681141;SR-RN;DEL15/1;UOP02/RN
41044;89622;27/05/2017;sábado;18:00:00;PI;407;423,1;PICOS;Sim;Desobediência às normas de trânsito pelo condutor;1;Atropelamento de Pedestre;Com Vítimas Feridas;Plena Noite;Crescente;Céu Claro;Simples;Reta;Sim;73494;Bicicleta;;NA;Condutor;Lesões Leves;35;Masculino;0;1;0;0;-7,08265768;-41,43030556;SR-PI;DEL17/4;UOP01/PI
41059;89255;27/05/2017;sábado;19:00:00;CE;222;18;CAUCAIA;Sim;Falta de Atenção à Condução;1;Colisão lateral;Com Vítimas Feridas;Plena Noite;Crescente;Céu Claro;Simples;Reta;Não;71628;Bicicleta;;NA;Condutor;Lesões Leves;NA;Masculino;0;1;0;0;-3,73062599;-38,72846455;SR-CE;DEL16/1;UOP01/CE
41294;88111;28/05/2017;domingo;09:23:00;PR;277;111;CAMPO LARGO;Sim;Pista Escorregadia;1;Queda de ocupante de veículo;Com Vítimas Feridas;Pleno dia;Decrescente;Nublado;Dupla;Desvio Temporário;Não;71989;Bicicleta;;NA;Condutor;Lesões Leves;60;Masculino;0;1;0;0;-25,44691734;-49,47330236;SR-PR;DEL7/1;UOP05/PR
41401;88371;28/05/2017;domingo;19:10:00;RO;364;193,9;PIMENTA BUENO;Sim;Falta de Atenção à Condução;1;Atropelamento de Pedestre;Com Vítimas Feridas;Plena Noite;Decrescente;Nublado;Simples;Reta;Sim;72202;Bicicleta;;NA;Passageiro;Lesões Leves;5;Masculino;0;1;0;0;-11,70096173;-61,17029157;SR-RO;DEL21/2;UOP02/RO
41401;88368;28/05/2017;domingo;19:10:00;RO;364;193,9;PIMENTA BUENO;Sim;Falta de Atenção à Condução;1;Atropelamento de Pedestre;Com Vítimas Feridas;Plena Noite;Decrescente;Nublado;Simples;Reta;Sim;72202;Bicicleta;;NA;Condutor;Ileso;40;Masculino;1;0;0;0;-11,70096173;-61,17029157;SR-RO;DEL21/2;UOP02/RO
41419;91552;28/05/2017;domingo;21:06:00;SC;282;17;PALHOCA;Sim;Falta de Atenção à Condução;1;Colisão transversal;Com Vítimas Feridas;Plena Noite;Crescente;Chuva;Simples;Reta;Não;72160;Bicicleta;;NA;Condutor;Lesões Graves;24;Masculino;0;0;1;0;-27,6665;-48,6887;SR-SC;DEL8/1;UOP02/SC
41493;90337;29/05/2017;segunda-feira;05:45:00;GO;60;96,2;ANAPOLIS;Sim;Falta de Atenção à Condução;1;Colisão frontal;Com Vítimas Feridas;Amanhecer;Crescente;Céu Claro;Dupla;Interseção de vias;Sim;72366;Bicicleta;;NA;Condutor;Lesões Leves;28;Masculino;0;1;0;0;-16,3761137;-48,9470154;SR-GO;DEL1/2;UOP01/GO
41579;88719;20/05/2017;sábado;13:00:00;ES;101;186,6;ARACRUZ;Sim;Falta de Atenção à Condução;1;Queda de ocupante de veículo;Com Vítimas Feridas;Pleno dia;Crescente;Nublado;Simples;Reta;Não;72433;Bicicleta;;NA;Condutor;Lesões Leves;53;Masculino;0;1;0;0;-19,66779629;-40,25399208;SR-ES;DEL12/4;UOP01/ES
41597;88753;29/05/2017;segunda-feira;16:10:00;ES;101;146,7;LINHARES;Sim;Falta de Atenção à Condução;1;Colisão transversal;Com Vítimas Feridas;Pleno dia;Decrescente;Céu Claro;Múltipla;Interseção de vias;Sim;72488;Bicicleta;;NA;Condutor;Lesões Leves;59;Masculino;0;1;0;0;-19,39790726;-40,06340155;SR-ES;DEL12/4;UOP01/ES
41614;90488;29/05/2017;segunda-feira;14:20:00;SC;280;81,8;CORUPA;Sim;Falta de Atenção à Condução;2;Queda de ocupante de veículo;Com Vítimas Feridas;Pleno dia;Decrescente;Céu Claro;Simples;Rotatória;Sim;72493;Bicicleta;;NA;Condutor;Lesões Leves;49;Masculino;0;1;0;0;-26,43564255;-49,24525827;SR-SC;DEL8/6;UOP03/SC
41614;90488;29/05/2017;segunda-feira;14:20:00;SC;280;81,8;CORUPA;Sim;Falta de Atenção à Condução;1;Colisão transversal;Com Vítimas Feridas;Pleno dia;Decrescente;Céu Claro;Simples;Rotatória;Sim;72493;Bicicleta;;NA;Condutor;Lesões Leves;49;Masculino;0;1;0;0;-26,43564255;-49,24525827;SR-SC;DEL8/6;UOP03/SC
41621;89174;29/05/2017;segunda-feira;18:10:00;PR;369;57;BANDEIRANTES;Sim;Falta de Atenção à Condução;2;Queda de ocupante de veículo;Com Vítimas Feridas;Anoitecer;Crescente;Céu Claro;Simples;Não Informado;Sim;73073;Bicicleta;;NA;Condutor;Lesões Leves;55;Feminino;0;1;0;0;-23,118417;-50,37605789;SR-PR;DEL7/7;UOP06/PR
41621;89174;29/05/2017;segunda-feira;18:10:00;PR;369;57;BANDEIRANTES;Sim;Falta de Atenção à Condução;1;Colisão transversal;Com Vítimas Feridas;Anoitecer;Crescente;Céu Claro;Simples;Não Informado;Sim;73073;Bicicleta;;NA;Condutor;Lesões Leves;55;Feminino;0;1;0;0;-23,118417;-50,37605789;SR-PR;DEL7/7;UOP06/PR
41653;89889;29/05/2017;segunda-feira;18:41:00;RR;401;6;CANTA;Sim;Falta de Atenção à Condução;1;Colisão lateral;Com Vítimas Feridas;Plena Noite;Crescente;Céu Claro;Simples;Reta;Não;73713;Bicicleta;;NA;Condutor;Lesões Leves;NA;Masculino;0;1;0;0;2,79322364;-60,64032286;SR-RR;UOP01/RR;
41664;92039;29/05/2017;segunda-feira;08:20:00;ES;101;269,7;SERRA;Sim;Falta de Atenção à Condução;2;Colisão traseira;Com Vítimas Feridas;Pleno dia;Crescente;Nublado;Dupla;Reta;Sim;72556;Bicicleta;;NA;Condutor;Lesões Leves;57;Masculino;0;1;0;0;-20,22978254;-40,28102583;SR-ES;DEL12/2;UOP01/ES
41664;92039;29/05/2017;segunda-feira;08:20:00;ES;101;269,7;SERRA;Sim;Falta de Atenção à Condução;1;Colisão transversal;Com Vítimas Feridas;Pleno dia;Crescente;Nublado;Dupla;Reta;Sim;72556;Bicicleta;;NA;Condutor;Lesões Leves;57;Masculino;0;1;0;0;-20,22978254;-40,28102583;SR-ES;DEL12/2;UOP01/ES
41670;91090;29/05/2017;segunda-feira;19:50:00;BA;116;14,9;VITORIA DA CONQUISTA;Sim;Falta de Atenção à Condução;1;Colisão transversal;Com Vítimas Feridas;Plena Noite;Crescente;Nublado;Simples;Reta;Sim;72640;Bicicleta;;NA;Condutor;Lesões Leves;39;Masculino;0;1;0;0;-14,8970944;-40,85916817;SR-PE;DEL11/5;UOP03/PE
41684;90636;29/05/2017;segunda-feira;21:15:00;DF;20;10,7;BRASILIA;Sim;Falta de Atenção à Condução;1;Colisão traseira;Com Vítimas Feridas;Plena Noite;Decrescente;Céu Claro;Dupla;Não Informado;Sim;74299;Bicicleta;;NA;Condutor;Lesões Graves;31;Masculino;0;0;1;0;-15,64782253;-47,76857899;SR-DF;UOP04/DF;
41684;90634;29/05/2017;segunda-feira;21:15:00;DF;20;10,7;BRASILIA;Sim;Falta de Atenção à Condução;1;Colisão traseira;Com Vítimas Feridas;Plena Noite;Decrescente;Céu Claro;Dupla;Não Informado;Sim;74294;Bicicleta;;NA;Condutor;Lesões Leves;27;Masculino;0;1;0;0;-15,64782253;-47,76857899;SR-DF;UOP04/DF;
41736;88997;30/05/2017;terça-feira;08:40:00;PR;116;124;CURITIBA;Sim;Ingestão de Álcool;1;Colisão traseira;Sem Vítimas;Pleno dia;Decrescente;Nublado;Dupla;Reta;Não;72898;Bicicleta;;NA;Condutor;Ileso;54;Masculino;1;0;0;0;-25,62;-49,3166;SR-PR;DEL7/1;UOP03/PR
41792;89105;30/05/2017;terça-feira;13:30:00;RN;101;94,8;NATAL;Sim;Desobediência às normas de trânsito pelo condutor;1;Colisão frontal;Com Vítimas Feridas;Pleno dia;Crescente;Chuva;Múltipla;Interseção de vias;Sim;72828;Bicicleta;;NA;Condutor;Lesões Leves;43;Masculino;0;1;0;0;-5,83776179;-35,21115984;SR-RN;DEL15/1;UOP01/RN
41852;89030;30/05/2017;terça-feira;18:15:00;RS;116;526,6;PELOTAS;Sim;Não guardar distância de segurança;1;Colisão traseira;Com Vítimas Feridas;Plena Noite;Crescente;Nublado;Simples;Reta;Não;72934;Bicicleta;IMP/LMS SUNDOWN CLUB;NA;Condutor;Lesões Leves;48;Masculino;0;1;0;0;-31,68817747;-52,34921758;SR-RS;DEL9/7;UOP01/RS
41867;90903;30/05/2017;terça-feira;19:54:00;RO;364;346,8;JI-PARANA;Sim;Falta de Atenção à Condução;1;Colisão frontal;Com Vítimas Feridas;Plena Noite;Crescente;Céu Claro;Dupla;Reta;Sim;74497;Bicicleta;;NA;Condutor;Lesões Leves;NA;Feminino;0;1;0;0;-10,8409;-62,0056;SR-RO;DEL21/2;UOP01/RO
41901;90546;30/05/2017;terça-feira;20:50:00;PE;407;127,5;PETROLINA;Sim;Ingestão de Álcool;2;Queda de ocupante de veículo;Com Vítimas Feridas;Plena Noite;Crescente;Ignorado;Simples;Reta;Sim;74231;Bicicleta;;NA;Condutor;Lesões Leves;26;Masculino;0;1;0;0;-9,39221442;-40,51656693;SR-PE;DEL11/6;UOP01/PE
41901;90546;30/05/2017;terça-feira;20:50:00;PE;407;127,5;PETROLINA;Sim;Ingestão de Álcool;1;Colisão lateral;Com Vítimas Feridas;Plena Noite;Crescente;Ignorado;Simples;Reta;Sim;74231;Bicicleta;;NA;Condutor;Lesões Leves;26;Masculino;0;1;0;0;-9,39221442;-40,51656693;SR-PE;DEL11/6;UOP01/PE
41904;90545;30/05/2017;terça-feira;19:20:00;ES;101;295,7;CARIACICA;Sim;Falta de Atenção à Condução;1;Colisão com objeto em movimento;Com Vítimas Feridas;Plena Noite;Decrescente;Céu Claro;Múltipla;Interseção de vias;Sim;72977;Bicicleta;;NA;Condutor;Lesões Graves;25;Masculino;0;0;1;0;-20,33989888;-40,40374786;SR-ES;DEL12/1;UOP01/ES
42071;89436;31/05/2017;quarta-feira;14:30:00;ES;101;212,6;IBIRACU;Sim;Desobediência às normas de trânsito pelo condutor;1;Colisão transversal;Com Vítimas Feridas;Pleno dia;Crescente;Sol;Simples;Curva;Sim;73309;Bicicleta;;NA;Condutor;Lesões Leves;83;Masculino;0;1;0;0;-19,81859701;-40,36772579;SR-ES;DEL12/2;UOP01/ES
42135;89661;31/05/2017;quarta-feira;22:40:00;ES;101;125,9;SOORETAMA;Sim;Falta de Atenção do Pedestre;2;Colisão lateral;Com Vítimas Feridas;Plena Noite;Crescente;Nublado;Múltipla;Reta;Sim;73468;Bicicleta;;NA;Condutor;Lesões Leves;16;Feminino;0;1;0;0;-19,21700345;-40,09402072;SR-ES;DEL12/4;UOP01/ES
42135;89661;31/05/2017;quarta-feira;22:40:00;ES;101;125,9;SOORETAMA;Não;Falta de Atenção à Condução;2;Colisão lateral;Com Vítimas Feridas;Plena Noite;Crescente;Nublado;Múltipla;Reta;Sim;73468;Bicicleta;;NA;Condutor;Lesões Leves;16;Feminino;0;1;0;0;-19,21700345;-40,09402072;SR-ES;DEL12/4;UOP01/ES
42135;89661;31/05/2017;quarta-feira;22:40:00;ES;101;125,9;SOORETAMA;Sim;Falta de Atenção do Pedestre;1;Tombamento;Com Vítimas Feridas;Plena Noite;Crescente;Nublado;Múltipla;Reta;Sim;73468;Bicicleta;;NA;Condutor;Lesões Leves;16;Feminino;0;1;0;0;-19,21700345;-40,09402072;SR-ES;DEL12/4;UOP01/ES
42135;89661;31/05/2017;quarta-feira;22:40:00;ES;101;125,9;SOORETAMA;Não;Falta de Atenção à Condução;1;Tombamento;Com Vítimas Feridas;Plena Noite;Crescente;Nublado;Múltipla;Reta;Sim;73468;Bicicleta;;NA;Condutor;Lesões Leves;16;Feminino;0;1;0;0;-19,21700345;-40,09402072;SR-ES;DEL12/4;UOP01/ES
42135;89663;31/05/2017;quarta-feira;22:40:00;ES;101;125,9;SOORETAMA;Sim;Falta de Atenção do Pedestre;2;Colisão lateral;Com Vítimas Feridas;Plena Noite;Crescente;Nublado;Múltipla;Reta;Sim;73468;Bicicleta;;NA;Passageiro;Ileso;17;Feminino;1;0;0;0;-19,21700345;-40,09402072;SR-ES;DEL12/4;UOP01/ES
42135;89663;31/05/2017;quarta-feira;22:40:00;ES;101;125,9;SOORETAMA;Não;Falta de Atenção à Condução;2;Colisão lateral;Com Vítimas Feridas;Plena Noite;Crescente;Nublado;Múltipla;Reta;Sim;73468;Bicicleta;;NA;Passageiro;Ileso;17;Feminino;1;0;0;0;-19,21700345;-40,09402072;SR-ES;DEL12/4;UOP01/ES
42135;89663;31/05/2017;quarta-feira;22:40:00;ES;101;125,9;SOORETAMA;Sim;Falta de Atenção do Pedestre;1;Tombamento;Com Vítimas Feridas;Plena Noite;Crescente;Nublado;Múltipla;Reta;Sim;73468;Bicicleta;;NA;Passageiro;Ileso;17;Feminino;1;0;0;0;-19,21700345;-40,09402072;SR-ES;DEL12/4;UOP01/ES
42135;89663;31/05/2017;quarta-feira;22:40:00;ES;101;125,9;SOORETAMA;Não;Falta de Atenção à Condução;1;Tombamento;Com Vítimas Feridas;Plena Noite;Crescente;Nublado;Múltipla;Reta;Sim;73468;Bicicleta;;NA;Passageiro;Ileso;17;Feminino;1;0;0;0;-19,21700345;-40,09402072;SR-ES;DEL12/4;UOP01/ES
42196;92091;01/06/2017;quinta-feira;07:50:00;PE;428;185,5;PETROLINA;Sim;Falta de Atenção à Condução;1;Colisão com objeto em movimento;Com Vítimas Feridas;Pleno dia;Decrescente;Céu Claro;Simples;Reta;Sim;75434;Bicicleta;;NA;Condutor;Ileso;36;Masculino;1;0;0;0;-9,35413856;-40,47752626;SR-PE;DEL11/6;UOP01/PE
42201;90321;01/06/2017;quinta-feira;07:50:00;BA;415;48;ITABUNA;Sim;Ultrapassagem Indevida;1;Colisão transversal;Com Vítimas Feridas;Pleno dia;Crescente;Céu Claro;Simples;Reta;Não;74082;Bicicleta;;NA;Condutor;Lesões Leves;46;Feminino;0;1;0;0;-14,786015;-39,280605;SR-BA;DEL10/5;UOP01/BA