id;pesid;data_inversa;dia_semana;horario;uf;br;km;municipio;causa_principal;causa_acidente;ordem_tipo_acidente;tipo_acidente;classificacao_acidente;fase_dia;sentido_via;condicao_metereologica;tipo_pista;tracado_via;uso_solo;id_veiculo;tipo_veiculo;marca;ano_fabricacao_veiculo;tipo_envolvido;estado_fisico;idade;sexo;ilesos;feridos_leves;feridos_graves;mortos;latitude;longitude;regional;delegacia;uop
42298;89916;20/05/2017;sábado;18:30:00;SE;101;88,7;NOSSA SENHORA DO SOCORRO;Sim;Ingestão de Álcool;1;Colisão transversal;Com Vítimas Feridas;Plena Noite;Crescente;Céu Claro;Dupla;Não Informado;Sim;73739;Bicicleta;;NA;Condutor;Lesões Graves;26;Masculino;0;0;1;0;-10,8689;-37,1347;SR-SE;DEL20/1;UOP01/SE
42356;92330;01/06/2017;quinta-feira;18:45:00;CE;222;312;TIANGUA;Sim;Falta de Atenção à Condução;1;Colisão transversal;Com Vítimas Feridas;Plena Noite;Decrescente;Céu Claro;Simples;Reta;Sim;73928;Bicicleta;;NA;Condutor;Lesões Graves;39;Masculino;0;0;1;0;-3,72377941;-40,99678603;SR-CE;DEL16/4;UOP02/CE
42483;90722;02/06/2017;sexta-feira;08:20:00;DF;60;24,1;BRASILIA;Sim;Defeito na Via;1;Queda de ocupante de veículo;Com Vítimas Feridas;Pleno dia;Decrescente;Sol;Dupla;Curva;Não;74367;Bicicleta;;NA;Condutor;Lesões Leves;52;Feminino;0;1;0;0;-15,99266425;-48,23255983;SR-DF;UOP03/DF;
42612;90992;02/06/2017;sexta-feira;16:00:00;PI;230;193,3;OEIRAS;Sim;Falta de Atenção à Condução;1;Colisão traseira;Com Vítimas Fatais;Pleno dia;Decrescente;Céu Claro;Simples;Reta;Não;74609;Bicicleta;;NA;Condutor;Óbito;46;Masculino;0;0;0;1;-6,99637986;-42,10782975;SR-PI;DEL17/4;UOP01/PI
42775;93798;03/06/2017;sábado;03:45:00;TO;153;393;RIO DOS BOIS;Sim;Restrição de Visibilidade;1;Atropelamento de Pedestre;Com Vítimas Feridas;Plena Noite;Decrescente;Céu Claro;Simples;Reta;Sim;76855;Bicicleta;;NA;Condutor;Lesões Graves;NA;Masculino;0;0;1;0;-9,34989579;-48,5406661;SR-TO;UOP03/TO;
42856;91550;03/06/2017;sábado;11:00:00;SP;381;80,3;SAO PAULO;Sim;Falta de Atenção à Condução;1;Colisão lateral;Com Vítimas Fatais;Pleno dia;Crescente;Céu Claro;Dupla;Reta;Sim;74977;Bicicleta;;NA;Condutor;Óbito;NA;Masculino;0;0;0;1;-23,41901019;-46,57936513;SR-SP;DEL6/3;UOP03/SP
42856;91551;03/06/2017;sábado;11:00:00;SP;381;80,3;SAO PAULO;Sim;Falta de Atenção à Condução;1;Colisão lateral;Com Vítimas Fatais;Pleno dia;Crescente;Céu Claro;Dupla;Reta;Sim;74977;Bicicleta;;NA;Testemunha;Não Informado;NA;Não Informado;0;0;0;0;-23,41901019;-46,57936513;SR-SP;DEL6/3;UOP03/SP
42890;91686;03/06/2017;sábado;13:40:00;GO;40;12,4;LUZIANIA;Sim;Falta de Atenção à Condução;1;Colisão transversal;Com Vítimas Feridas;Pleno dia;Crescente;Céu Claro;Dupla;Reta;Sim;74945;Bicicleta;;NA;Condutor;Lesões Graves;66;Masculino;0;0;1;0;-16,145123;-47,945382;SR-DF;UOP01/DF;
42956;91651;03/06/2017;sábado;18:30:00;BA;116;24;VITORIA DA CONQUISTA;Sim;Falta de Atenção à Condução;1;Colisão traseira;Com Vítimas Fatais;Anoitecer;Decrescente;Nevoeiro/Neblina;Simples;Desvio Temporário;Não;75119;Bicicleta;;NA;Condutor;Óbito;32;Masculino;0;0;0;1;-14,8666;-40,7998;SR-PE;DEL11/5;UOP03/PE
42966;93080;03/06/2017;sábado;18:30:00;MG;40;814,2;SIMAO PEREIRA;Sim;Falta de Atenção à Condução;1;Colisão traseira;Com Vítimas Fatais;Plena Noite;Decrescente;Céu Claro;Dupla;Reta;Não;76321;Bicicleta;;NA;Condutor;Óbito;36;Masculino;0;0;0;1;-21,91039902;-43,31731927;SR-MG;DEL4/5;UOP01/MG
43063;93191;04/06/2017;domingo;03:50:00;RJ;493;14;GUAPIMIRIM;Sim;Sinalização da via insuficiente ou inadequada;1;Atropelamento de Pedestre;Com Vítimas Fatais;Plena Noite;Crescente;Céu Claro;Simples;Reta;Não;76409;Bicicleta;;NA;Condutor;Óbito;NA;Masculino;0;0;0;1;-22,67037267;-42,9828427;SR-RJ;DEL5/4;UOP02/RJ
43078;93418;04/06/2017;domingo;06:15:00;ES;101;298;VIANA;Sim;Falta de Atenção à Condução;1;Colisão transversal;Com Vítimas Feridas;Pleno dia;Crescente;Céu Claro;Múltipla;Interseção de vias;Sim;76588;Bicicleta;;NA;Condutor;Lesões Leves;44;Feminino;0;1;0;0;-20,35329804;-40,41543424;SR-ES;DEL12/1;UOP01/ES
43100;91844;04/06/2017;domingo;06:30:00;PA;316;145;CAPANEMA;Sim;Condutor Dormindo;1;Colisão frontal;Com Vítimas Fatais;Pleno dia;Crescente;Céu Claro;Simples;Não Informado;Não;75256;Bicicleta;;NA;Condutor;Óbito;NA;Masculino;0;0;0;1;-1,2324;-47,2182;SR-PA;DEL19/1;UOP03/PA
43172;91971;04/06/2017;domingo;12:30:00;RJ;116;293;PORTO REAL;Sim;Falta de Atenção à Condução;1;Colisão traseira;Com Vítimas Feridas;Pleno dia;Crescente;Sol;Dupla;Retorno Regulamentado;Não;75364;Bicicleta;;NA;Condutor;Lesões Leves;48;Masculino;0;1;0;0;-22,44996225;-44,32696134;SR-RJ;DEL5/7;UOP03/RJ
43175;92063;04/06/2017;domingo;07:40:00;BA;116;828,1;VITORIA DA CONQUISTA;Sim;Falta de Atenção à Condução;1;Colisão transversal;Com Vítimas Feridas;Pleno dia;Crescente;Sol;Simples;Reta;Sim;75406;Bicicleta;;NA;Condutor;Lesões Leves;24;Masculino;0;1;0;0;-14,89633328;-40,86588174;SR-BA;DEL10/8;UOP01/BA
43188;93333;04/06/2017;domingo;15:10:00;PB;230;33;BAYEUX;Sim;Ingestão de Álcool;1;Colisão frontal;Com Vítimas Feridas;Pleno dia;Decrescente;Céu Claro;Dupla;Interseção de vias;Sim;76530;Bicicleta;;NA;Condutor;Lesões Leves;36;Masculino;0;1;0;0;-7,1366;-34,9264;SR-PB;DEL14/1;UOP00/PB
43231;97010;04/06/2017;domingo;18:00:00;CE;116;40;HORIZONTE;Sim;Falta de Atenção à Condução;2;Queda de ocupante de veículo;Com Vítimas Feridas;Plena Noite;Crescente;Céu Claro;Dupla;Reta;Sim;77631;Bicicleta;;NA;Condutor;Lesões Leves;54;Masculino;0;1;0;0;-4,107714;-38,495212;SR-CE;DEL16/1;UOP02/CE
43231;97010;04/06/2017;domingo;18:00:00;CE;116;40;HORIZONTE;Não;Ingestão de Álcool;2;Queda de ocupante de veículo;Com Vítimas Feridas;Plena Noite;Crescente;Céu Claro;Dupla;Reta;Sim;77631;Bicicleta;;NA;Condutor;Lesões Leves;54;Masculino;0;1;0;0;-4,107714;-38,495212;SR-CE;DEL16/1;UOP02/CE
43231;97010;04/06/2017;domingo;18:00:00;CE;116;40;HORIZONTE;Sim;Falta de Atenção à Condução;1;Colisão com objeto em movimento;Com Vítimas Feridas;Plena Noite;Crescente;Céu Claro;Dupla;Reta;Sim;77631;Bicicleta;;NA;Condutor;Lesões Leves;54;Masculino;0;1;0;0;-4,107714;-38,495212;SR-CE;DEL16/1;UOP02/CE
43231;97010;04/06/2017;domingo;18:00:00;CE;116;40;HORIZONTE;Não;Ingestão de Álcool;1;Colisão com objeto em movimento;Com Vítimas Feridas;Plena Noite;Crescente;Céu Claro;Dupla;Reta;Sim;77631;Bicicleta;;NA;Condutor;Lesões Leves;54;Masculino;0;1;0;0;-4,107714;-38,495212;SR-CE;DEL16/1;UOP02/CE
43263;95629;04/06/2017;domingo;19:25:00;SC;280;52,3;GUARAMIRIM;Sim;Falta de Atenção à Condução;1;Colisão transversal;Com Vítimas Feridas;Plena Noite;Crescente;Garoa/Chuvisco;Simples;Interseção de vias;Sim;75471;Bicicleta;;NA;Condutor;Lesões Graves;22;Masculino;0;0;1;0;-26,4753933;-48,988385;SR-SC;DEL8/3;UOP03/SC
43305;93386;04/06/2017;domingo;17:20:00;MS;419;251;ANASTACIO;Sim;Falta de Atenção à Condução;1;Tombamento;Com Vítimas Feridas;Anoitecer;Decrescente;Céu Claro;Simples;Reta;Não;75517;Bicicleta;CALOI/MONDO;NA;Condutor;Ileso;NA;Masculino;1;0;0;0;-20,556;-55,838;SR-MS;DEL3/3;UOP01/MS
43305;92165;04/06/2017;domingo;17:20:00;MS;419;251;ANASTACIO;Sim;Falta de Atenção à Condução;1;Tombamento;Com Vítimas Feridas;Anoitecer;Decrescente;Céu Claro;Simples;Reta;Não;75517;Bicicleta;CALOI/MONDO;NA;Pedestre;Lesões Leves;36;Feminino;0;1;0;0;-20,556;-55,838;SR-MS;DEL3/3;UOP01/MS
43316;92202;04/06/2017;domingo;21:30:00;RJ;40;5,8;COMENDADOR LEVY GASPARIAN;Sim;Falta de Atenção à Condução;1;Colisão transversal;Com Vítimas Fatais;Plena Noite;Decrescente;Céu Claro;Dupla;Retorno Regulamentado;Não;75570;Bicicleta;;NA;Condutor;Óbito;25;Masculino;0;0;0;1;-22,02428336;-43,23760629;SR-RJ;DEL5/6;UOP01/RJ
43382;92486;05/06/2017;segunda-feira;06:00:00;ES;101;263,9;SERRA;Sim;Desobediência às normas de trânsito pelo condutor;2;Queda de ocupante de veículo;Com Vítimas Feridas;Pleno dia;Crescente;Céu Claro;Dupla;Reta;Sim;75792;Bicicleta;;NA;Condutor;Lesões Leves;25;Masculino;0;1;0;0;-20,17329352;-40,26738435;SR-ES;DEL12/2;UOP01/ES
43382;92486;05/06/2017;segunda-feira;06:00:00;ES;101;263,9;SERRA;Sim;Desobediência às normas de trânsito pelo condutor;1;Colisão transversal;Com Vítimas Feridas;Pleno dia;Crescente;Céu Claro;Dupla;Reta;Sim;75792;Bicicleta;;NA;Condutor;Lesões Leves;25;Masculino;0;1;0;0;-20,17329352;-40,26738435;SR-ES;DEL12/2;UOP01/ES
43470;95144;05/06/2017;segunda-feira;12:50:00;SC;101;391,8;CRICIUMA;Sim;Falta de Atenção à Condução;1;Colisão transversal;Com Vítimas Feridas;Pleno dia;Crescente;Nublado;Simples;Reta;Sim;75933;Bicicleta;MONARK/;NA;Condutor;Lesões Graves;NA;Masculino;0;0;1;0;-28,80466374;-49,37131673;SR-SC;DEL8/2;UOP02/SC
43535;92580;05/06/2017;segunda-feira;16:15:00;CE;116;15,5;FORTALEZA;Sim;Falta de Atenção à Condução;1;Colisão lateral;Com Vítimas Feridas;Pleno dia;Crescente;Céu Claro;Dupla;Reta;Sim;75929;Bicicleta;;NA;Condutor;Lesões Leves;60;Masculino;0;1;0;0;-3,88615161;-38,50165019;SR-CE;DEL16/1;UOP02/CE
43567;94833;05/06/2017;segunda-feira;18:35:00;RN;226;39,8;MACAIBA;Sim;Ingestão de Álcool;1;Colisão transversal;Com Vítimas Feridas;Anoitecer;Decrescente;Céu Claro;Simples;Reta;Não;76036;Bicicleta;;NA;Condutor;Lesões Leves;30;Masculino;0;1;0;0;-5,93301489;-35,54529101;SR-RN;DEL15/1;UOP02/RN
43567;94833;05/06/2017;segunda-feira;18:35:00;RN;226;39,8;MACAIBA;Não;Falta de Atenção à Condução;1;Colisão transversal;Com Vítimas Feridas;Anoitecer;Decrescente;Céu Claro;Simples;Reta;Não;76036;Bicicleta;;NA;Condutor;Lesões Leves;30;Masculino;0;1;0;0;-5,93301489;-35,54529101;SR-RN;DEL15/1;UOP02/RN
43599;92727;05/06/2017;segunda-feira;18:20:00;ES;101;66;SAO MATEUS;Sim;Desobediência às normas de trânsito pelo condutor;1;Colisão transversal;Com Vítimas Feridas;Plena Noite;Decrescente;Céu Claro;Dupla;Reta;Sim;76040;Bicicleta;MONARK/;NA;Condutor;Lesões Leves;31;Feminino;0;1;0;0;-18,71861354;-39,86951619;SR-ES;DEL12/4;UOP02/ES
43604;95534;05/06/2017;segunda-feira;20:20:00;RS;116;301,8;GUAIBA;Sim;Falta de Atenção à Condução;1;Colisão transversal;Com Vítimas Feridas;Plena Noite;Crescente;Nublado;Simples;Não Informado;Sim;78370;Bicicleta;;NA;Condutor;Lesões Graves;44;Masculino;0;0;1;0;-30,13472646;-51,35589045;SR-RS;DEL9/2;UOP01/RS
43689;92977;06/06/2017;terça-feira;07:05:00;SE;235;50,8;ITABAIANA;Sim;Não guardar distância de segurança;1;Colisão traseira;Com Vítimas Feridas;Pleno dia;Crescente;Nublado;Dupla;Reta;Sim;76230;Bicicleta;;NA;Condutor;Ileso;49;Masculino;1;0;0;0;-10,70102772;-37,43038237;SR-SE;DEL20/1;UOP02/SE
43759;93296;06/06/2017;terça-feira;12:30:00;RJ;40;105;DUQUE DE CAXIAS;Sim;Falta de Atenção à Condução;1;Colisão transversal;Com Vítimas Feridas;Pleno dia;Decrescente;Nublado;Múltipla;Reta;Sim;76495;Bicicleta;;NA;Condutor;Lesões Graves;50;Masculino;0;0;1;0;-22,64104108;-43,28341842;SR-RJ;DEL5/1;UOP01/RJ
43830;95723;06/06/2017;terça-feira;17:45:00;PI;343;347,5;TERESINA;Sim;Desobediência às normas de trânsito pelo condutor;1;Colisão transversal;Com Vítimas Feridas;Anoitecer;Crescente;Céu Claro;Múltipla;Reta;Sim;76686;Bicicleta;MONARK/;NA;Testemunha;Não Informado;NA;Não Informado;0;0;0;0;-5,08119266;-42,77350366;SR-PI;DEL17/1;UOP01/PI
43830;93537;06/06/2017;terça-feira;17:45:00;PI;343;347,5;TERESINA;Sim;Desobediência às normas de trânsito pelo condutor;1;Colisão transversal;Com Vítimas Feridas;Anoitecer;Crescente;Céu Claro;Múltipla;Reta;Sim;76686;Bicicleta;MONARK/;NA;Condutor;Lesões Graves;39;Masculino;0;0;1;0;-5,08119266;-42,77350366;SR-PI;DEL17/1;UOP01/PI
43892;96917;06/06/2017;terça-feira;22:00:00;PA;316;8,5;ANANINDEUA;Sim;Ingestão de Álcool;1;Colisão transversal;Com Vítimas Feridas;Plena Noite;Decrescente;Céu Claro;Dupla;Reta;Sim;79402;Bicicleta;;NA;Condutor;Lesões Leves;49;Masculino;0;1;0;0;-1,3667501;-48,37110049;SR-PA;DEL19/1;UOP01/PA
43900;93566;06/06/2017;terça-feira;23:00:00;RN;110;45,9;MOSSORO;Sim;Falta de Atenção à Condução;1;Colisão transversal;Com Vítimas Feridas;Plena Noite;Decrescente;Céu Claro;Simples;Reta;Sim;76701;Bicicleta;;NA;Condutor;Lesões Graves;62;Masculino;0;0;1;0;-5,19463985;-37,31403979;SR-RN;DEL15/4;UOP01/RN
43939;93742;07/06/2017;quarta-feira;06:30:00;PR;376;202;MANDAGUARI;Sim;Falta de Atenção à Condução;1;Queda de ocupante de veículo;Com Vítimas Feridas;Amanhecer;Crescente;Céu Claro;Dupla;Reta;Não;76799;Bicicleta;;NA;Condutor;Lesões Graves;59;Feminino;0;0;1;0;-23,50994255;-51,7193305;SR-PR;DEL7/7;UOP04/PR
44128;94121;07/06/2017;quarta-feira;20:40:00;MS;267;476;GUIA LOPES DA LAGUNA;Não;Ingestão de Álcool;1;Colisão frontal;Com Vítimas Feridas;Plena Noite;Decrescente;Ignorado;Dupla;Reta;Sim;77147;Bicicleta;;NA;Testemunha;Não Informado;NA;Não Informado;0;0;0;0;-21,449082;-56,104969;SR-MS;DEL3/5;UOP01/MS
44128;94121;07/06/2017;quarta-feira;20:40:00;MS;267;476;GUIA LOPES DA LAGUNA;Sim;Desobediência às normas de trânsito pelo condutor;1;Colisão frontal;Com Vítimas Feridas;Plena Noite;Decrescente;Ignorado;Dupla;Reta;Sim;77147;Bicicleta;;NA;Testemunha;Não Informado;NA;Não Informado;0;0;0;0;-21,449082;-56,104969;SR-MS;DEL3/5;UOP01/MS
44128;94128;07/06/2017;quarta-feira;20:40:00;MS;267;476;GUIA LOPES DA LAGUNA;Não;Ingestão de Álcool;1;Colisão frontal;Com Vítimas Feridas;Plena Noite;Decrescente;Ignorado;Dupla;Reta;Sim;77147;Bicicleta;;NA;Condutor;Lesões Graves;54;Masculino;0;0;1;0;-21,449082;-56,104969;SR-MS;DEL3/5;UOP01/MS
44128;94128;07/06/2017;quarta-feira;20:40:00;MS;267;476;GUIA LOPES DA LAGUNA;Sim;Desobediência às normas de trânsito pelo condutor;1;Colisão frontal;Com Vítimas Feridas;Plena Noite;Decrescente;Ignorado;Dupla;Reta;Sim;77147;Bicicleta;;NA;Condutor;Lesões Graves;54;Masculino;0;0;1;0;-21,449082;-56,104969;SR-MS;DEL3/5;UOP01/MS
44254;96593;08/06/2017;quinta-feira;13:20:00;SP;116;161,3;JACAREI;Sim;Falta de Atenção à Condução;1;Atropelamento de Pedestre;Com Vítimas Feridas;Pleno dia;Decrescente;Céu Claro;Dupla;Curva;Não;79345;Bicicleta;;NA;Condutor;Lesões Leves;44;Masculino;0;1;0;0;-23,27850765;-45,97600936;SR-SP;DEL6/2;UOP01/SP
44265;94544;08/06/2017;quinta-feira;14:15:00;RJ;393;280,6;BARRA DO PIRAI;Sim;Falta de Atenção à Condução;1;Queda de ocupante de veículo;Com Vítimas Feridas;Pleno dia;Decrescente;Sol;Simples;Curva;Sim;77448;Bicicleta;;NA;Condutor;Lesões Leves;14;Masculino;0;1;0;0;-22,474911;-44,05228;SR-RJ;DEL5/5;UOP02/RJ
44270;94450;08/06/2017;quinta-feira;15:00:00;PE;101;63,7;RECIFE;Sim;Falta de Atenção à Condução;1;Colisão lateral;Com Vítimas Feridas;Pleno dia;Crescente;Céu Claro;Dupla;Reta;Sim;77382;Bicicleta;;NA;Condutor;Lesões Leves;45;Masculino;0;1;0;0;-8,028894;-34,943198;SR-PE;DEL11/1;UOP01/PE
44344;94650;08/06/2017;quinta-feira;19:16:00;SC;280;52,2;GUARAMIRIM;Sim;Falta de Atenção à Condução;1;Colisão transversal;Com Vítimas Fatais;Plena Noite;Crescente;Nublado;Simples;Reta;Sim;77538;Bicicleta;;NA;Condutor;Óbito;89;Masculino;0;0;0;1;-26,47153823;-48,97198409;SR-SC;DEL8/3;UOP03/SC
44349;96864;08/06/2017;quinta-feira;20:30:00;CE;222;4,3;CAUCAIA;Sim;Falta de Atenção à Condução;1;Colisão transversal;Com Vítimas Feridas;Plena Noite;Decrescente;Céu Claro;Múltipla;Reta;Sim;77551;Bicicleta;;NA;Condutor;Lesões Leves;19;Feminino;0;1;0;0;-3,73315001;-38,70755988;SR-CE;DEL16/1;UOP01/CE
44508;95022;09/06/2017;sexta-feira;11:25:00;GO;40;8;VALPARAISO DE GOIAS;Sim;Defeito Mecânico no Veículo;2;Queda de ocupante de veículo;Com Vítimas Feridas;Pleno dia;Crescente;Céu Claro;Dupla;Reta;Sim;77884;Bicicleta;;NA;Condutor;Lesões Leves;15;Masculino;0;1;0;0;-16,0511544;-47,98152208;SR-DF;UOP01/DF;
44508;95022;09/06/2017;sexta-feira;11:25:00;GO;40;8;VALPARAISO DE GOIAS;Sim;Defeito Mecânico no Veículo;1;Colisão transversal;Com Vítimas Feridas;Pleno dia;Crescente;Céu Claro;Dupla;Reta;Sim;77884;Bicicleta;;NA;Condutor;Lesões Leves;15;Masculino;0;1;0;0;-16,0511544;-47,98152208;SR-DF;UOP01/DF;
44644;95325;09/06/2017;sexta-feira;18:30:00;RS;293;250,2;DOM PEDRITO;Sim;Desobediência às normas de trânsito pelo condutor;1;Colisão transversal;Com Vítimas Feridas;Plena Noite;Decrescente;Nublado;Simples;Reta;Sim;78211;Bicicleta;;NA;Condutor;Ileso;NA;Não Informado;1;0;0;0;-30,97236577;-54,65343654;SR-RS;DEL9/11;UOP01/RS
44644;95325;09/06/2017;sexta-feira;18:30:00;RS;293;250,2;DOM PEDRITO;Não;Falta de Atenção à Condução;1;Colisão transversal;Com Vítimas Feridas;Plena Noite;Decrescente;Nublado;Simples;Reta;Sim;78211;Bicicleta;;NA;Condutor;Ileso;NA;Não Informado;1;0;0;0;-30,97236577;-54,65343654;SR-RS;DEL9/11;UOP01/RS
44810;95649;10/06/2017;sábado;09:50:00;PE;428;173,8;PETROLINA;Sim;Falta de Atenção à Condução;1;Colisão transversal;Com Vítimas Feridas;Pleno dia;Crescente;Sol;Simples;Reta;Não;78481;Bicicleta;;NA;Condutor;Lesões Leves;84;Masculino;0;1;0;0;-9,2611093;-40,42979568;SR-PE;DEL11/6;UOP01/PE
44931;95948;10/06/2017;sábado;17:40:00;PR;116;18;CURITIBA;Sim;Ingestão de Álcool;1;Colisão traseira;Com Vítimas Feridas;Plena Noite;Crescente;Céu Claro;Dupla;Interseção de vias;Sim;78816;Bicicleta;;NA;Condutor;Lesões Graves;28;Masculino;0;0;1;0;-25,38891519;-49,20126468;SR-PR;DEL7/1;UOP02/PR
44961;98241;10/06/2017;sábado;19:05:00;PR;272;367;CAMPO MOURAO;Sim;Falta de Atenção à Condução;1;Colisão transversal;Com Vítimas Feridas;Plena Noite;Crescente;Céu Claro;Dupla;Reta;Sim;80627;Bicicleta;;NA;Condutor;Lesões Graves;20;Masculino;0;0;1;0;-24,05850485;-52,41932273;SR-PR;DEL7/4;UOP05/PR
44985;98278;10/06/2017;sábado;19:00:00;RO;364;198;PIMENTA BUENO;Sim;Falta de Atenção à Condução;1;Colisão lateral;Com Vítimas Feridas;Plena Noite;Crescente;Céu Claro;Dupla;Reta;Sim;78744;Bicicleta;;NA;Condutor;Lesões Leves;36;Masculino;0;1;0;0;-11,67;-61,1917;SR-RO;DEL21/2;UOP02/RO
45010;95855;10/06/2017;sábado;18:45:00;MG;50;168;UBERABA;Sim;Restrição de Visibilidade;1;Colisão traseira;Com Vítimas Fatais;Plena Noite;Decrescente;Céu Claro;Dupla;Ponte;Não;78718;Bicicleta;;NA;Condutor;Óbito;33;Masculino;0;0;0;1;-19,7176;-47,9804;SR-MG;DEL4/15;UOP01/MG
45120;97924;11/06/2017;domingo;07:45:00;PR;277;100,5;CURITIBA;Sim;Falta de Atenção à Condução;1;Queda de ocupante de veículo;Com Vítimas Feridas;Pleno dia;Decrescente;Céu Claro;Dupla;Reta;Não;78913;Bicicleta;;NA;Condutor;Lesões Leves;38;Feminino;0;1;0;0;-25,43288835;-49,37112093;SR-PR;DEL7/1;UOP05/PR
45145;96532;11/06/2017;domingo;11:00:00;GO;153;686,3;ITUMBIARA;Sim;Mal Súbito;1;Queda de ocupante de veículo;Com Vítimas Feridas;Pleno dia;Crescente;Céu Claro;Dupla;Reta;Não;79297;Bicicleta;;NA;Condutor;Lesões Leves;65;Masculino;0;1;0;0;-18,27145797;-49,24510656;SR-GO;DEL1/3;UOP02/GO
45181;96247;11/06/2017;domingo;14:20:00;SP;101;48,2;UBATUBA;Sim;Falta de Atenção à Condução;1;Colisão transversal;Com Vítimas Feridas;Pleno dia;Crescente;Céu Claro;Simples;Reta;Sim;79034;Bicicleta;;NA;Condutor;Lesões Leves;49;Masculino;0;1;0;0;-23,44089297;-45,08709937;SR-SP;DEL6/7;UOP01/SP
45280;96430;11/06/2017;domingo;20:15:00;PA;316;21,2;BENEVIDES;Sim;Ingestão de Álcool;1;Colisão transversal;Com Vítimas Fatais;Plena Noite;Decrescente;Nublado;Dupla;Não Informado;Não;79214;Bicicleta;;NA;Condutor;Óbito;54;Masculino;0;0;0;1;-1,35719957;-48,25994611;SR-PA;DEL19/1;UOP01/PA
45308;96426;11/06/2017;domingo;21:40:00;SC;101;118;ITAJAI;Sim;Desobediência às normas de trânsito pelo condutor;1;Queda de ocupante de veículo;Com Vítimas Feridas;Plena Noite;Crescente;Céu Claro;Dupla;Reta;Sim;79209;Bicicleta;;NA;Condutor;Lesões Graves;34;Masculino;0;0;1;0;-26,89590366;-48,7191081;SR-SC;DEL8/4;UOP04/SC
45405;96644;12/06/2017;segunda-feira;08:00:00;PA;316;8;ANANINDEUA;Sim;Falta de Atenção à Condução;1;Colisão transversal;Com Vítimas Feridas;Pleno dia;Decrescente;Nublado;Dupla;Reta;Sim;79380;Bicicleta;IMP/MONARK;1990;Condutor;Lesões Leves;47;Masculino;0;1;0;0;-1,36725501;-48,37448716;SR-PA;DEL19/1;UOP01/PA
45428;96708;11/05/2017;quinta-feira;18:40:00;PR;277;1;PARANAGUA;Sim;Falta de Atenção à Condução;1;Colisão traseira;Com Vítimas Feridas;Plena Noite;Crescente;Céu Claro;Dupla;Reta;Sim;79452;Bicicleta;;NA;Condutor;Lesões Graves;47;Masculino;0;0;1;0;-25,5205;-48,5095;SR-PR;DEL7/1;UOP07/PR
45437;102077;12/06/2017;segunda-feira;12:20:00;ES;101;271;SERRA;Sim;Falta de Atenção à Condução;1;Colisão lateral;Com Vítimas Feridas;Pleno dia;Crescente;Sol;Simples;Reta;Sim;83732;Bicicleta;;NA;Condutor;Lesões Leves;21;Masculino;0;1;0;0;-20,22585351;-40,27101338;SR-ES;DEL12/2;UOP01/ES
45478;96937;12/06/2017;segunda-feira;14:30:00;SE;235;0;ARACAJU;Sim;Falta de Atenção à Condução;1;Colisão com objeto em movimento;Com Vítimas Feridas;Pleno dia;Decrescente;Céu Claro;Dupla;Rotatória;Sim;79611;Bicicleta;MONARK/;NA;Condutor;Lesões Leves;72;Masculino;0;1;0;0;-10,9102155;-37,07531154;SR-SE;DEL20/1;UOP01/SE
45537;127777;12/06/2017;segunda-feira;17:10:00;PA;316;9,6;MARITUBA;Sim;Pista Escorregadia;1;Colisão transversal;Com Vítimas Feridas;Pleno dia;Crescente;Céu Claro;Dupla;Interseção de vias;Sim;79808;Bicicleta;;NA;Condutor;Lesões Leves;NA;Masculino;0;1;0;0;-1,36588747;-48,36153209;SR-PA;DEL19/1;UOP01/PA
45585;97151;12/06/2017;segunda-feira;20:15:00;RS;116;528,6;CAPAO DO LEAO;Sim;Falta de Atenção à Condução;1;Colisão traseira;Com Vítimas Feridas;Plena Noite;Crescente;Céu Claro;Simples;Reta;Não;79806;Bicicleta;;NA;Condutor;Lesões Leves;56;Masculino;0;1;0;0;-31,75324046;-52,42508411;SR-RS;DEL9/7;UOP01/RS
45604;97657;12/06/2017;segunda-feira;18:35:00;MG;381;497;BETIM;Sim;Falta de Atenção à Condução;1;Colisão frontal;Com Vítimas Feridas;Plena Noite;Crescente;Nublado;Dupla;Rotatória;Sim;80215;Bicicleta;;NA;Testemunha;Não Informado;NA;Não Informado;0;0;0;0;-19,979;-44,2003;SR-MG;DEL4/1;UOP03/MG
45604;97656;12/06/2017;segunda-feira;18:35:00;MG;381;497;BETIM;Sim;Falta de Atenção à Condução;1;Colisão frontal;Com Vítimas Feridas;Plena Noite;Crescente;Nublado;Dupla;Rotatória;Sim;80215;Bicicleta;;NA;Condutor;Lesões Graves;21;Masculino;0;0;1;0;-19,979;-44,2003;SR-MG;DEL4/1;UOP03/MG
45649;99222;13/06/2017;terça-feira;06:40:00;SC;101;155,9;PORTO BELO;Sim;Falta de Atenção à Condução;1;Colisão lateral;Com Vítimas Feridas;Amanhecer;Decrescente;Nublado;Simples;Reta;Sim;79919;Bicicleta;;NA;Condutor;Lesões Leves;32;Feminino;0;1;0;0;-27,17069566;-48,61165936;SR-SC;DEL8/4;UOP03/SC