id;pesid;data_inversa;dia_semana;horario;uf;br;km;municipio;causa_principal;causa_acidente;ordem_tipo_acidente;tipo_acidente;classificacao_acidente;fase_dia;sentido_via;condicao_metereologica;tipo_pista;tracado_via;uso_solo;id_veiculo;tipo_veiculo;marca;ano_fabricacao_veiculo;tipo_envolvido;estado_fisico;idade;sexo;ilesos;feridos_leves;feridos_graves;mortos;latitude;longitude;regional;delegacia;uop
47592;103219;19/06/2017;segunda-feira;21:45:00;MT;163;822,1;SINOP;Não;Falta de Atenção à Condução;1;Atropelamento de Pedestre;Com Vítimas Feridas;Plena Noite;Decrescente;Céu Claro;Simples;Reta;Sim;84702;Bicicleta;;NA;Passageiro;Lesões Leves;7;Masculino;0;1;0;0;-11,98045023;-55,517;SR-MT;DEL2/6;UOP01/MT
47636;101848;17/04/2017;segunda-feira;07:30:00;ES;101;258,4;SERRA;Sim;Falta de Atenção à Condução;1;Atropelamento de Pedestre;Com Vítimas Feridas;Pleno dia;Crescente;Ignorado;Dupla;Viaduto;Sim;83392;Bicicleta;;NA;Condutor;Lesões Graves;56;Masculino;0;0;1;0;-20,13415392;-40,29325902;SR-ES;DEL12/2;UOP01/ES
47664;101713;09/03/2017;quinta-feira;17:50:00;CE;116;16,5;EUSEBIO;Sim;Ingestão de Álcool;1;Colisão transversal;Com Vítimas Feridas;Anoitecer;Decrescente;Céu Claro;Dupla;Reta;Sim;83436;Bicicleta;;NA;Condutor;Lesões Graves;40;Masculino;0;0;1;0;-3,89170572;-38,50216091;SR-CE;DEL16/1;UOP02/CE
47666;104273;20/06/2017;terça-feira;09:50:00;SC;280;57,6;GUARAMIRIM;Sim;Falta de Atenção à Condução;1;Colisão transversal;Com Vítimas Feridas;Pleno dia;Decrescente;Nublado;Simples;Rotatória;Sim;83490;Bicicleta;;NA;Condutor;Lesões Leves;23;Feminino;0;1;0;0;-26,47437137;-49,02015656;SR-SC;DEL8/3;UOP03/SC
47717;103727;20/06/2017;terça-feira;13:18:00;MS;163;280,2;DOURADOS;Sim;Desobediência às normas de trânsito pelo condutor;1;Colisão frontal;Com Vítimas Feridas;Pleno dia;Decrescente;Sol;Dupla;Interseção de vias;Sim;83947;Bicicleta;;NA;Condutor;Lesões Leves;57;Feminino;0;1;0;0;-22,13627325;-54,61748958;SR-MS;DEL3/4;UOP01/MS
47717;103727;20/06/2017;terça-feira;13:18:00;MS;163;280,2;DOURADOS;Não;Falta de Atenção à Condução;1;Colisão frontal;Com Vítimas Feridas;Pleno dia;Decrescente;Sol;Dupla;Interseção de vias;Sim;83947;Bicicleta;;NA;Condutor;Lesões Leves;57;Feminino;0;1;0;0;-22,13627325;-54,61748958;SR-MS;DEL3/4;UOP01/MS
47742;101905;20/06/2017;terça-feira;15:45:00;ES;262;35;DOMINGOS MARTINS;Sim;Falta de Atenção à Condução;1;Colisão com objeto em movimento;Com Vítimas Feridas;Pleno dia;Decrescente;Céu Claro;Simples;Desvio Temporário;Não;83572;Bicicleta;;NA;Testemunha;Não Informado;NA;Não Informado;0;0;0;0;-20,37579836;-40,59272021;SR-ES;DEL12/1;UOP01/ES
47742;101908;20/06/2017;terça-feira;15:45:00;ES;262;35;DOMINGOS MARTINS;Sim;Falta de Atenção à Condução;1;Colisão com objeto em movimento;Com Vítimas Feridas;Pleno dia;Decrescente;Céu Claro;Simples;Desvio Temporário;Não;83572;Bicicleta;;NA;Testemunha;Não Informado;NA;Não Informado;0;0;0;0;-20,37579836;-40,59272021;SR-ES;DEL12/1;UOP01/ES
47742;101900;20/06/2017;terça-feira;15:45:00;ES;262;35;DOMINGOS MARTINS;Sim;Falta de Atenção à Condução;1;Colisão com objeto em movimento;Com Vítimas Feridas;Pleno dia;Decrescente;Céu Claro;Simples;Desvio Temporário;Não;83572;Bicicleta;;NA;Condutor;Lesões Leves;54;Masculino;0;1;0;0;-20,37579836;-40,59272021;SR-ES;DEL12/1;UOP01/ES
47794;102074;20/06/2017;terça-feira;18:00:00;RJ;465;10;SEROPEDICA;Sim;Falta de Atenção à Condução;3;Colisão frontal;Com Vítimas Fatais;Plena Noite;Decrescente;Chuva;Simples;Desvio Temporário;Sim;83716;Bicicleta;;NA;Condutor;Óbito;28;Masculino;0;0;0;1;-22,7414;-43,7053;SR-RJ;DEL5/1;UOP03/RJ
47794;102074;20/06/2017;terça-feira;18:00:00;RJ;465;10;SEROPEDICA;Sim;Falta de Atenção à Condução;2;Queda de ocupante de veículo;Com Vítimas Fatais;Plena Noite;Decrescente;Chuva;Simples;Desvio Temporário;Sim;83716;Bicicleta;;NA;Condutor;Óbito;28;Masculino;0;0;0;1;-22,7414;-43,7053;SR-RJ;DEL5/1;UOP03/RJ
47794;102074;20/06/2017;terça-feira;18:00:00;RJ;465;10;SEROPEDICA;Sim;Falta de Atenção à Condução;1;Colisão lateral;Com Vítimas Fatais;Plena Noite;Decrescente;Chuva;Simples;Desvio Temporário;Sim;83716;Bicicleta;;NA;Condutor;Óbito;28;Masculino;0;0;0;1;-22,7414;-43,7053;SR-RJ;DEL5/1;UOP03/RJ
47817;103932;20/06/2017;terça-feira;18:00:00;PI;343;342;TERESINA;Sim;Falta de Atenção à Condução;1;Colisão transversal;Com Vítimas Feridas;Anoitecer;Decrescente;Céu Claro;Simples;Rotatória;Sim;85339;Bicicleta;MONARK/;NA;Condutor;Lesões Graves;60;Masculino;0;0;1;0;-5,08284375;-42,75038386;SR-PI;DEL17/1;UOP01/PI
47913;103246;21/06/2017;quarta-feira;09:00:00;PA;316;22;BENEVIDES;Sim;Falta de Atenção do Pedestre;1;Colisão lateral;Com Vítimas Feridas;Pleno dia;Crescente;Céu Claro;Dupla;Reta;Não;84711;Bicicleta;;NA;Condutor;Ileso;54;Masculino;1;0;0;0;-1,35114626;-48,25520396;SR-PA;DEL19/1;UOP01/PA
47983;102500;21/06/2017;quarta-feira;21:40:00;SC;101;217,7;PALHOCA;Sim;Falta de Atenção à Condução;1;Colisão traseira;Com Vítimas Feridas;Plena Noite;Crescente;Nublado;Dupla;Reta;Sim;84061;Bicicleta;;NA;Condutor;Lesões Graves;54;Masculino;0;0;1;0;-27,688449;-48,66549607;SR-SC;DEL8/1;UOP02/SC
47983;102501;21/06/2017;quarta-feira;21:40:00;SC;101;217,7;PALHOCA;Sim;Falta de Atenção à Condução;1;Colisão traseira;Com Vítimas Feridas;Plena Noite;Crescente;Nublado;Dupla;Reta;Sim;84061;Bicicleta;;NA;Testemunha;Não Informado;NA;Não Informado;0;0;0;0;-27,688449;-48,66549607;SR-SC;DEL8/1;UOP02/SC
47998;102453;21/06/2017;quarta-feira;18:25:00;MS;267;29,8;BATAGUASSU;Sim;Falta de Atenção à Condução;1;Colisão transversal;Com Vítimas Feridas;Plena Noite;Decrescente;Céu Claro;Dupla;Reta;Sim;84018;Bicicleta;;NA;Condutor;Lesões Graves;46;Masculino;0;0;1;0;-21,71996059;-52,42317438;SR-MS;DEL3/7;UOP01/MS
48077;102548;24/05/2017;quarta-feira;18:30:00;MG;40;625;CONSELHEIRO LAFAIETE;Sim;Falta de Atenção à Condução;2;Queda de ocupante de veículo;Com Vítimas Feridas;Plena Noite;Decrescente;Ignorado;Simples;Curva;Não;84110;Bicicleta;CALOI/MONDO;NA;Condutor;Lesões Leves;33;Masculino;0;1;0;0;-20,6294;-43,81;SR-MG;DEL4/5;UOP02/MG
48077;102548;24/05/2017;quarta-feira;18:30:00;MG;40;625;CONSELHEIRO LAFAIETE;Sim;Falta de Atenção à Condução;1;Colisão lateral;Com Vítimas Feridas;Plena Noite;Decrescente;Ignorado;Simples;Curva;Não;84110;Bicicleta;CALOI/MONDO;NA;Condutor;Lesões Leves;33;Masculino;0;1;0;0;-20,6294;-43,81;SR-MG;DEL4/5;UOP02/MG
48141;115469;22/06/2017;quinta-feira;10:30:00;RO;364;238;CACOAL;Sim;Falta de Atenção à Condução;1;Colisão transversal;Com Vítimas Feridas;Pleno dia;Decrescente;Sol;Simples;Interseção de vias;Sim;94792;Bicicleta;IMP/MONARK;NA;Condutor;Lesões Leves;18;Masculino;0;1;0;0;-11,43881125;-61,45480958;SR-RO;DEL21/2;UOP02/RO
48207;105559;22/06/2017;quinta-feira;18:10:00;ES;101;267;SERRA;Sim;Desobediência às normas de trânsito pelo condutor;1;Colisão transversal;Com Vítimas Feridas;Anoitecer;Crescente;Nublado;Múltipla;Reta;Sim;86432;Bicicleta;;NA;Condutor;Lesões Leves;23;Masculino;0;1;0;0;-20,1852531;-40,2532444;SR-ES;DEL12/2;UOP01/ES
48231;105196;22/06/2017;quinta-feira;13:45:00;RO;364;711;PORTO VELHO;Sim;Falta de Atenção à Condução;1;Atropelamento de Pedestre;Com Vítimas Feridas;Pleno dia;Crescente;Sol;Dupla;Reta;Não;84352;Bicicleta;CALOI/MONDO;NA;Condutor;Lesões Leves;17;Masculino;0;1;0;0;-8,7791403;-63,86964083;SR-RO;DEL21/1;UOP01/RO
48232;102854;22/06/2017;quinta-feira;15:55:00;RO;364;19;VILHENA;Sim;Falta de Atenção do Pedestre;1;Colisão lateral;Com Vítimas Feridas;Pleno dia;Decrescente;Céu Claro;Simples;Não Informado;Não;84396;Bicicleta;;NA;Condutor;Lesões Leves;13;Feminino;0;1;0;0;-12,7278;-60,182;SR-RO;DEL21/4;UOP01/RO
48239;105142;22/06/2017;quinta-feira;19:00:00;RS;470;239;CARLOS BARBOSA;Sim;Desobediência às normas de trânsito pelo condutor;1;Colisão lateral;Com Vítimas Feridas;Plena Noite;Decrescente;Céu Claro;Simples;Reta;Não;84707;Bicicleta;;NA;Condutor;Lesões Leves;59;Masculino;0;1;0;0;-29,33495295;-51,50130898;SR-RS;DEL9/6;UOP01/RS
48261;102938;23/06/2017;sexta-feira;01:40:00;PE;232;6;RECIFE;Sim;Restrição de Visibilidade;1;Colisão lateral;Com Vítimas Fatais;Plena Noite;Crescente;Chuva;Dupla;Reta;Sim;84458;Bicicleta;;NA;Condutor;Óbito;NA;Não Informado;0;0;0;1;-8,07080839;-34,95336771;SR-PE;DEL11/1;UOP01/PE
48294;105026;22/06/2017;quinta-feira;18:00:00;PR;476;132;CURITIBA;Sim;Falta de Atenção à Condução;1;Colisão lateral;Sem Vítimas;Anoitecer;Decrescente;Nublado;Múltipla;Não Informado;Sim;86267;Bicicleta;;NA;Condutor;Ileso;26;Masculino;1;0;0;0;-25,4605;-49,2504;SR-PR;DEL7/1;UOP06/PR
48298;105218;23/06/2017;sexta-feira;06:00:00;PR;163;286;MARECHAL CANDIDO RONDON;Sim;Falta de Atenção à Condução;1;Colisão lateral;Com Vítimas Feridas;Amanhecer;Decrescente;Céu Claro;Simples;Reta;Sim;84791;Bicicleta;;NA;Condutor;Lesões Graves;65;Masculino;0;0;1;0;-24,5399;-54,047;SR-PR;DEL7/6;UOP04/PR
48348;103121;23/06/2017;sexta-feira;08:49:00;ES;101;266,6;SERRA;Sim;Falta de Atenção à Condução;1;Colisão lateral;Com Vítimas Feridas;Pleno dia;Crescente;Céu Claro;Múltipla;Reta;Sim;84614;Bicicleta;;NA;Condutor;Lesões Graves;33;Feminino;0;0;1;0;-20,2085;-40,2696;SR-ES;DEL12/2;UOP01/ES
48349;105809;23/06/2017;sexta-feira;08:30:00;PR;158;3;CAMPO MOURAO;Sim;Falta de Atenção à Condução;1;Colisão transversal;Com Vítimas Feridas;Pleno dia;Crescente;Céu Claro;Simples;Reta;Sim;86796;Bicicleta;MONARK/;NA;Condutor;Lesões Leves;25;Masculino;0;1;0;0;-24,02037977;-52,36375272;SR-PR;DEL7/4;UOP05/PR
48368;103376;23/06/2017;sexta-feira;07:30:00;CE;222;315;TIANGUA;Sim;Falta de Atenção à Condução;1;Colisão traseira;Com Vítimas Feridas;Pleno dia;Decrescente;Céu Claro;Simples;Reta;Sim;84822;Bicicleta;;NA;Condutor;Lesões Graves;7;Masculino;0;0;1;0;-3,7395;-41,0057;SR-CE;DEL16/4;UOP02/CE
48409;103211;23/06/2017;sexta-feira;13:10:00;MG;116;702;MURIAE;Sim;Desobediência às normas de trânsito pelo condutor;1;Colisão com objeto em movimento;Com Vítimas Feridas;Pleno dia;Crescente;Céu Claro;Simples;Reta;Sim;84695;Bicicleta;;NA;Condutor;Lesões Leves;18;Masculino;0;1;0;0;-21,127269;-42,38341123;SR-MG;DEL4/7;UOP02/MG
48427;103324;23/06/2017;sexta-feira;14:30:00;MG;262;802;UBERABA;Sim;Não guardar distância de segurança;1;Colisão lateral;Com Vítimas Fatais;Pleno dia;Crescente;Céu Claro;Dupla;Reta;Sim;84794;Bicicleta;;NA;Condutor;Óbito;18;Masculino;0;0;0;1;-19,7711;-47,9084;SR-MG;DEL4/15;UOP01/MG
48473;105742;23/06/2017;sexta-feira;16:50:00;ES;101;264,5;SERRA;Sim;Falta de Atenção à Condução;3;Queda de ocupante de veículo;Com Vítimas Feridas;Pleno dia;Decrescente;Chuva;Simples;Curva;Sim;86749;Bicicleta;;NA;Condutor;Lesões Leves;50;Masculino;0;1;0;0;-20,18185947;-40,26536196;SR-ES;DEL12/2;UOP01/ES
48473;105742;23/06/2017;sexta-feira;16:50:00;ES;101;264,5;SERRA;Sim;Falta de Atenção à Condução;2;Colisão lateral;Com Vítimas Feridas;Pleno dia;Decrescente;Chuva;Simples;Curva;Sim;86749;Bicicleta;;NA;Condutor;Lesões Leves;50;Masculino;0;1;0;0;-20,18185947;-40,26536196;SR-ES;DEL12/2;UOP01/ES
48473;105742;23/06/2017;sexta-feira;16:50:00;ES;101;264,5;SERRA;Sim;Falta de Atenção à Condução;1;Colisão traseira;Com Vítimas Feridas;Pleno dia;Decrescente;Chuva;Simples;Curva;Sim;86749;Bicicleta;;NA;Condutor;Lesões Leves;50;Masculino;0;1;0;0;-20,18185947;-40,26536196;SR-ES;DEL12/2;UOP01/ES
48507;106106;23/06/2017;sexta-feira;18:10:00;RJ;116;326,9;ITATIAIA;Sim;Falta de Atenção à Condução;1;Queda de ocupante de veículo;Com Vítimas Feridas;Plena Noite;Crescente;Céu Claro;Dupla;Ponte;Sim;86860;Bicicleta;;NA;Condutor;Lesões Graves;NA;Masculino;0;0;1;0;-22,49720853;-44,64320183;SR-RJ;DEL5/7;UOP03/RJ
48516;103574;23/06/2017;sexta-feira;19:00:00;MT;158;644;NOVA XAVANTINA;Sim;Não guardar distância de segurança;2;Saída de leito carroçável;Com Vítimas Fatais;Plena Noite;Decrescente;Céu Claro;Simples;Não Informado;Não;85012;Bicicleta;;NA;Condutor;Óbito;43;Masculino;0;0;0;1;-14,5937;-52,3603;SR-MT;DEL2/8;UOP02/MT
48516;103574;23/06/2017;sexta-feira;19:00:00;MT;158;644;NOVA XAVANTINA;Sim;Não guardar distância de segurança;1;Colisão lateral;Com Vítimas Fatais;Plena Noite;Decrescente;Céu Claro;Simples;Não Informado;Não;85012;Bicicleta;;NA;Condutor;Óbito;43;Masculino;0;0;0;1;-14,5937;-52,3603;SR-MT;DEL2/8;UOP02/MT
48581;105754;23/06/2017;sexta-feira;20:30:00;MG;116;536,5;SANTA RITA DE MINAS;Sim;Falta de Atenção à Condução;1;Colisão transversal;Com Vítimas Feridas;Plena Noite;Crescente;Nublado;Simples;Reta;Não;86760;Bicicleta;MONARK/;NA;Condutor;Lesões Graves;31;Masculino;0;0;1;0;-19,86204632;-42,13610065;SR-MG;DEL4/6;UOP02/MG
48747;103847;20/06/2017;terça-feira;20:20:00;BA;116;422,9;FEIRA DE SANTANA;Sim;Falta de Atenção à Condução;1;Colisão transversal;Com Vítimas Feridas;Plena Noite;Crescente;Céu Claro;Simples;Reta;Sim;85297;Bicicleta;;NA;Condutor;Lesões Leves;55;Masculino;0;1;0;0;-12,267113;-38,966988;SR-BA;DEL10/2;UOP01/BA
48750;103853;24/06/2017;sábado;12:00:00;RS;116;182,1;NOVA PETROPOLIS;Sim;Falta de Atenção à Condução;1;Queda de ocupante de veículo;Com Vítimas Feridas;Pleno dia;Decrescente;Céu Claro;Simples;Curva;Não;85306;Bicicleta;;NA;Testemunha;Não Informado;NA;Não Informado;0;0;0;0;-29,3832;-51,1185;SR-RS;DEL9/5;UOP02/RS
48750;103852;24/06/2017;sábado;12:00:00;RS;116;182,1;NOVA PETROPOLIS;Sim;Falta de Atenção à Condução;1;Queda de ocupante de veículo;Com Vítimas Feridas;Pleno dia;Decrescente;Céu Claro;Simples;Curva;Não;85306;Bicicleta;;NA;Condutor;Lesões Leves;27;Feminino;0;1;0;0;-29,3832;-51,1185;SR-RS;DEL9/5;UOP02/RS
48818;106994;24/06/2017;sábado;17:05:00;SP;101;48,2;UBATUBA;Sim;Falta de Atenção à Condução;1;Colisão transversal;Com Vítimas Feridas;Anoitecer;Crescente;Nublado;Simples;Curva;Sim;87737;Bicicleta;;NA;Condutor;Lesões Leves;17;Masculino;0;1;0;0;-23,44086254;-45,08714497;SR-SP;DEL6/7;UOP01/SP
48825;106636;24/06/2017;sábado;17:20:00;GO;153;614,2;MORRINHOS;Não;Velocidade Incompatível;1;Colisão transversal;Com Vítimas Feridas;Pleno dia;Decrescente;Céu Claro;Dupla;Reta;Não;85465;Bicicleta;;NA;Condutor;Lesões Leves;55;Masculino;0;1;0;0;-17,66275677;-49,16720867;SR-GO;DEL1/3;UOP01/GO
48825;106636;24/06/2017;sábado;17:20:00;GO;153;614,2;MORRINHOS;Sim;Falta de Atenção à Condução;1;Colisão transversal;Com Vítimas Feridas;Pleno dia;Decrescente;Céu Claro;Dupla;Reta;Não;85465;Bicicleta;;NA;Condutor;Lesões Leves;55;Masculino;0;1;0;0;-17,66275677;-49,16720867;SR-GO;DEL1/3;UOP01/GO
48858;104093;24/06/2017;sábado;18:15:00;SC;282;504,8;XANXERE;Sim;Falta de Atenção à Condução;1;Colisão com objeto em movimento;Com Vítimas Feridas;Anoitecer;Crescente;Céu Claro;Múltipla;Viaduto;Sim;85503;Bicicleta;;NA;Condutor;Lesões Leves;40;Masculino;0;1;0;0;-26,88556942;-52,41446793;SR-SC;DEL8/8;UOP01/SC
48858;104093;24/06/2017;sábado;18:15:00;SC;282;504,8;XANXERE;Não;Ingestão de Álcool;1;Colisão com objeto em movimento;Com Vítimas Feridas;Anoitecer;Crescente;Céu Claro;Múltipla;Viaduto;Sim;85503;Bicicleta;;NA;Condutor;Lesões Leves;40;Masculino;0;1;0;0;-26,88556942;-52,41446793;SR-SC;DEL8/8;UOP01/SC
48859;106708;24/06/2017;sábado;19:00:00;RS;287;235,1;SANTA MARIA;Sim;Falta de Atenção à Condução;1;Colisão transversal;Com Vítimas Feridas;Plena Noite;Crescente;Céu Claro;Simples;Reta;Não;85731;Bicicleta;;NA;Condutor;Lesões Leves;14;Masculino;0;1;0;0;-29,70551787;-53,72746289;SR-RS;DEL9/9;UOP01/RS
48901;110837;24/06/2017;sábado;20:15:00;RN;406;148;CEARA-MIRIM;Sim;Ingestão de Álcool;1;Colisão transversal;Com Vítimas Feridas;Plena Noite;Decrescente;Céu Claro;Simples;Reta;Sim;85561;Bicicleta;;NA;Condutor;Lesões Graves;NA;Masculino;0;0;1;0;-5,64864537;-35,44038981;SR-RN;DEL15/2;UOP01/RN
48918;104205;24/06/2017;sábado;22:00:00;CE;116;20,3;EUSEBIO;Sim;Falta de Atenção à Condução;1;Colisão transversal;Com Vítimas Feridas;Plena Noite;Decrescente;Céu Claro;Dupla;Reta;Sim;85620;Bicicleta;MONARK/;NA;Condutor;Lesões Graves;32;Masculino;0;0;1;0;-3,92603841;-38,50786597;SR-CE;DEL16/1;UOP02/CE
48951;106527;24/06/2017;sábado;22:10:00;CE;222;16;CAUCAIA;Sim;Falta de Atenção à Condução;2;Queda de ocupante de veículo;Com Vítimas Feridas;Plena Noite;Crescente;Nublado;Simples;Reta;Não;85646;Bicicleta;;NA;Condutor;Lesões Leves;42;Masculino;0;1;0;0;-3,7564;-38,7054;SR-CE;DEL16/1;UOP01/CE
48951;106527;24/06/2017;sábado;22:10:00;CE;222;16;CAUCAIA;Sim;Falta de Atenção à Condução;1;Atropelamento de Animal;Com Vítimas Feridas;Plena Noite;Crescente;Nublado;Simples;Reta;Não;85646;Bicicleta;;NA;Condutor;Lesões Leves;42;Masculino;0;1;0;0;-3,7564;-38,7054;SR-CE;DEL16/1;UOP01/CE
48959;106363;24/06/2017;sábado;22:40:00;CE;222;21;CAUCAIA;Sim;Falta de Atenção à Condução;2;Colisão traseira;Com Vítimas Feridas;Plena Noite;Decrescente;Nublado;Simples;Reta;Não;85655;Bicicleta;;NA;Condutor;Lesões Leves;32;Masculino;0;1;0;0;-3,7358;-38,7455;SR-CE;DEL16/1;UOP01/CE
48959;106363;24/06/2017;sábado;22:40:00;CE;222;21;CAUCAIA;Sim;Falta de Atenção à Condução;1;Colisão frontal;Com Vítimas Feridas;Plena Noite;Decrescente;Nublado;Simples;Reta;Não;85655;Bicicleta;;NA;Condutor;Lesões Leves;32;Masculino;0;1;0;0;-3,7358;-38,7455;SR-CE;DEL16/1;UOP01/CE
48959;106359;24/06/2017;sábado;22:40:00;CE;222;21;CAUCAIA;Sim;Falta de Atenção à Condução;2;Colisão traseira;Com Vítimas Feridas;Plena Noite;Decrescente;Nublado;Simples;Reta;Não;85654;Bicicleta;;NA;Condutor;Lesões Leves;47;Masculino;0;1;0;0;-3,7358;-38,7455;SR-CE;DEL16/1;UOP01/CE
48959;106359;24/06/2017;sábado;22:40:00;CE;222;21;CAUCAIA;Sim;Falta de Atenção à Condução;1;Colisão frontal;Com Vítimas Feridas;Plena Noite;Decrescente;Nublado;Simples;Reta;Não;85654;Bicicleta;;NA;Condutor;Lesões Leves;47;Masculino;0;1;0;0;-3,7358;-38,7455;SR-CE;DEL16/1;UOP01/CE
49079;104541;25/06/2017;domingo;12:30:00;SE;101;118,3;ITAPORANGA DAJUDA;Sim;Falta de Atenção à Condução;1;Colisão transversal;Com Vítimas Feridas;Pleno dia;Crescente;Nublado;Dupla;Não Informado;Não;85892;Bicicleta;;NA;Condutor;Lesões Graves;NA;Masculino;0;0;1;0;-11,02235421;-37,32577085;SR-SE;DEL20/2;UOP01/SE
49079;104541;25/06/2017;domingo;12:30:00;SE;101;118,3;ITAPORANGA DAJUDA;Não;Velocidade Incompatível;1;Colisão transversal;Com Vítimas Feridas;Pleno dia;Crescente;Nublado;Dupla;Não Informado;Não;85892;Bicicleta;;NA;Condutor;Lesões Graves;NA;Masculino;0;0;1;0;-11,02235421;-37,32577085;SR-SE;DEL20/2;UOP01/SE
49088;104555;25/06/2017;domingo;13:10:00;BA;101;591,6;CAMACAN;Sim;Falta de Atenção à Condução;1;Colisão frontal;Com Vítimas Feridas;Pleno dia;Crescente;Céu Claro;Simples;Reta;Não;85881;Bicicleta;;NA;Condutor;Lesões Leves;NA;Masculino;0;1;0;0;-15,436526;-39,446425;SR-BA;DEL10/5;UOP02/BA
49088;104556;25/06/2017;domingo;13:10:00;BA;101;591,6;CAMACAN;Sim;Falta de Atenção à Condução;1;Colisão frontal;Com Vítimas Feridas;Pleno dia;Crescente;Céu Claro;Simples;Reta;Não;85881;Bicicleta;;NA;Passageiro;Lesões Leves;26;Feminino;0;1;0;0;-15,436526;-39,446425;SR-BA;DEL10/5;UOP02/BA
49196;104922;25/06/2017;domingo;19:30:00;AC;364;116;RIO BRANCO;Sim;Falta de Atenção à Condução;1;Colisão transversal;Com Vítimas Feridas;Plena Noite;Crescente;Céu Claro;Simples;Reta;Não;86203;Bicicleta;;NA;Condutor;Lesões Graves;37;Masculino;0;0;1;0;-10,013;-67,718;SR-AC;UOP01/AC;
49267;104972;26/06/2017;segunda-feira;06:40:00;SC;470;51;BLUMENAU;Sim;Falta de Atenção à Condução;1;Colisão lateral;Com Vítimas Feridas;Amanhecer;Crescente;Céu Claro;Simples;Reta;Não;86242;Bicicleta;;NA;Condutor;Lesões Graves;44;Masculino;0;0;1;0;-26,861574;-49,07013;SR-SC;DEL8/4;UOP01/SC
49288;105004;22/06/2017;quinta-feira;20:00:00;MG;262;802,1;UBERABA;Sim;Falta de Atenção à Condução;1;Colisão transversal;Com Vítimas Feridas;Plena Noite;Decrescente;Céu Claro;Dupla;Reta;Sim;86265;Bicicleta;;NA;Condutor;Lesões Graves;32;Masculino;0;0;1;0;-19,77139976;-47,90923933;SR-MG;DEL4/15;UOP01/MG
49288;105004;22/06/2017;quinta-feira;20:00:00;MG;262;802,1;UBERABA;Sim;Falta de Atenção à Condução;2;Queda de ocupante de veículo;Com Vítimas Feridas;Plena Noite;Decrescente;Céu Claro;Dupla;Reta;Sim;86265;Bicicleta;;NA;Condutor;Lesões Graves;32;Masculino;0;0;1;0;-19,77139976;-47,90923933;SR-MG;DEL4/15;UOP01/MG
49288;105005;22/06/2017;quinta-feira;20:00:00;MG;262;802,1;UBERABA;Sim;Falta de Atenção à Condução;1;Colisão transversal;Com Vítimas Feridas;Plena Noite;Decrescente;Céu Claro;Dupla;Reta;Sim;86266;Bicicleta;;NA;Condutor;Lesões Leves;18;Masculino;0;1;0;0;-19,77139976;-47,90923933;SR-MG;DEL4/15;UOP01/MG
49288;105005;22/06/2017;quinta-feira;20:00:00;MG;262;802,1;UBERABA;Sim;Falta de Atenção à Condução;2;Queda de ocupante de veículo;Com Vítimas Feridas;Plena Noite;Decrescente;Céu Claro;Dupla;Reta;Sim;86266;Bicicleta;;NA;Condutor;Lesões Leves;18;Masculino;0;1;0;0;-19,77139976;-47,90923933;SR-MG;DEL4/15;UOP01/MG
49289;107229;26/06/2017;segunda-feira;07:40:00;RJ;116;139;DUQUE DE CAXIAS;Sim;Objeto estático sobre o leito carroçável;1;Colisão com objeto estático;Com Vítimas Feridas;Pleno dia;Decrescente;Céu Claro;Dupla;Reta;Sim;87967;Bicicleta;;NA;Condutor;Lesões Leves;56;Masculino;0;1;0;0;-22,655171;-43,243696;SR-RJ;DEL5/4;UOP02/RJ
49302;107198;26/06/2017;segunda-feira;06:50:00;MG;262;802,7;UBERABA;Sim;Restrição de Visibilidade;1;Colisão transversal;Com Vítimas Fatais;Pleno dia;Decrescente;Céu Claro;Dupla;Curva;Não;87942;Bicicleta;MONARK/;NA;Condutor;Óbito;55;Masculino;0;0;0;1;-19,77319888;-47,91427687;SR-MG;DEL4/15;UOP01/MG
49354;105298;26/06/2017;segunda-feira;11:10:00;RO;364;342;JI-PARANA;Sim;Desobediência às normas de trânsito pelo condutor;1;Colisão transversal;Com Vítimas Feridas;Pleno dia;Crescente;Céu Claro;Simples;Reta;Sim;86454;Bicicleta;;NA;Condutor;Lesões Leves;74;Masculino;0;1;0;0;-10,8853;-61,9353;SR-RO;DEL21/2;UOP01/RO
49406;105402;26/06/2017;segunda-feira;16:20:00;ES;101;67;SAO MATEUS;Sim;Falta de Atenção à Condução;1;Colisão frontal;Com Vítimas Feridas;Pleno dia;Decrescente;Céu Claro;Múltipla;Interseção de vias;Sim;86541;Bicicleta;;NA;Condutor;Lesões Leves;13;Masculino;0;1;0;0;-18,736;-39,8608;SR-ES;DEL12/4;UOP02/ES
49600;106054;27/06/2017;terça-feira;13:25:00;RS;471;150,3;SANTA CRUZ DO SUL;Sim;Falta de Atenção à Condução;1;Colisão transversal;Com Vítimas Feridas;Pleno dia;Decrescente;Sol;Simples;Interseção de vias;Sim;86990;Bicicleta;;NA;Condutor;Lesões Leves;57;Feminino;0;1;0;0;-29,7790115;-52,41560251;SR-RS;DEL9/2;UOP03/RS