id;pesid;data_inversa;dia_semana;horario;uf;br;km;municipio;causa_principal;causa_acidente;ordem_tipo_acidente;tipo_acidente;classificacao_acidente;fase_dia;sentido_via;condicao_metereologica;tipo_pista;tracado_via;uso_solo;id_veiculo;tipo_veiculo;marca;ano_fabricacao_veiculo;tipo_envolvido;estado_fisico;idade;sexo;ilesos;feridos_leves;feridos_graves;mortos;latitude;longitude;regional;delegacia;uop
49623;109140;27/06/2017;terça-feira;16:10:00;PA;316;152;CAPANEMA;Sim;Falta de Atenção à Condução;1;Colisão lateral;Com Vítimas Feridas;Pleno dia;Crescente;Céu Claro;Simples;Curva;Sim;86907;Bicicleta;;NA;Testemunha;Não Informado;NA;Não Informado;0;0;0;0;-1,226;-47,1659;SR-PA;DEL19/1;UOP04/PA
49623;109137;27/06/2017;terça-feira;16:10:00;PA;316;152;CAPANEMA;Sim;Falta de Atenção à Condução;1;Colisão lateral;Com Vítimas Feridas;Pleno dia;Crescente;Céu Claro;Simples;Curva;Sim;86907;Bicicleta;;NA;Condutor;Lesões Leves;9;Masculino;0;1;0;0;-1,226;-47,1659;SR-PA;DEL19/1;UOP04/PA
49670;106237;27/06/2017;terça-feira;18:00:00;MG;365;7;MONTES CLAROS;Sim;Falta de Atenção à Condução;1;Colisão traseira;Com Vítimas Feridas;Anoitecer;Crescente;Céu Claro;Simples;Não Informado;Não;87138;Bicicleta;;NA;Condutor;Lesões Leves;36;Masculino;0;1;0;0;-16,8146;-43,9145;SR-MG;DEL4/12;UOP01/MG
49712;111295;23/06/2017;sexta-feira;21:00:00;PA;316;7;ANANINDEUA;Sim;Defeito na Via;1;Queda de ocupante de veículo;Com Vítimas Feridas;Plena Noite;Decrescente;Céu Claro;Dupla;Reta;Sim;89270;Bicicleta;;NA;Condutor;Lesões Leves;47;Masculino;0;1;0;0;-1,37085351;-48,38257402;SR-PA;DEL19/1;UOP01/PA
49756;106357;28/06/2017;quarta-feira;05:50:00;CE;222;311;TIANGUA;Sim;Falta de Atenção à Condução;1;Colisão transversal;Com Vítimas Feridas;Amanhecer;Crescente;Nublado;Simples;Curva;Sim;87203;Bicicleta;MONARK/;NA;Condutor;Lesões Leves;52;Masculino;0;1;0;0;-3,713;-40,9856;SR-CE;DEL16/4;UOP02/CE
49759;108604;28/06/2017;quarta-feira;06:00:00;SC;470;73;INDAIAL;Sim;Falta de Atenção à Condução;2;Queda de ocupante de veículo;Com Vítimas Feridas;Amanhecer;Crescente;Nublado;Simples;Reta;Sim;89183;Bicicleta;;NA;Condutor;Lesões Leves;19;Masculino;0;1;0;0;-26,89460715;-49,26131934;SR-SC;DEL8/4;UOP01/SC
49759;108604;28/06/2017;quarta-feira;06:00:00;SC;470;73;INDAIAL;Sim;Falta de Atenção à Condução;1;Colisão com objeto em movimento;Com Vítimas Feridas;Amanhecer;Crescente;Nublado;Simples;Reta;Sim;89183;Bicicleta;;NA;Condutor;Lesões Leves;19;Masculino;0;1;0;0;-26,89460715;-49,26131934;SR-SC;DEL8/4;UOP01/SC
49762;109325;28/06/2017;quarta-feira;06:30:00;PR;277;82;CURITIBA;Sim;Não guardar distância de segurança;1;Colisão traseira;Com Vítimas Feridas;Pleno dia;Crescente;Nublado;Dupla;Reta;Sim;89841;Bicicleta;;NA;Condutor;Lesões Leves;36;Masculino;0;1;0;0;-25,428255;-49,27348;SR-PR;DEL7/1;UOP01/PR
49808;108831;29/06/2017;quinta-feira;06:30:00;RJ;101;315;SAO GONCALO;Sim;Falta de Atenção à Condução;1;Colisão com objeto em movimento;Com Vítimas Feridas;Pleno dia;Decrescente;Céu Claro;Dupla;Reta;Sim;89432;Bicicleta;;NA;Condutor;Lesões Leves;NA;Masculino;0;1;0;0;-22,8214;-43,0834;SR-RJ;DEL5/2;UOP02/RJ
49873;106744;28/06/2017;quarta-feira;16:00:00;SC;101;150;ITAPEMA;Sim;Falta de Atenção à Condução;1;Colisão traseira;Com Vítimas Feridas;Pleno dia;Crescente;Sol;Simples;Reta;Sim;87508;Bicicleta;;NA;Condutor;Lesões Leves;58;Feminino;0;1;0;0;-27,1173;-48,6094;SR-SC;DEL8/4;UOP03/SC
49920;107698;28/06/2017;quarta-feira;17:50:00;PI;343;7,9;PARNAIBA;Sim;Ingestão de Álcool;1;Colisão lateral;Com Vítimas Feridas;Anoitecer;Crescente;Céu Claro;Simples;Reta;Sim;88372;Bicicleta;;NA;Condutor;Lesões Leves;33;Masculino;0;1;0;0;-2,89927056;-41,72325253;SR-PI;DEL17/5;UOP01/PI
49947;106939;28/06/2017;quarta-feira;20:45:00;AP;210;2,6;MACAPA;Sim;Falta de Atenção à Condução;1;Colisão transversal;Com Vítimas Feridas;Plena Noite;Decrescente;Céu Claro;Simples;Reta;Sim;87668;Bicicleta;;NA;Condutor;Lesões Leves;24;Masculino;0;1;0;0;0,08583066;-51,0836792;SR-AP;UOP01/AP;
49947;106939;28/06/2017;quarta-feira;20:45:00;AP;210;2,6;MACAPA;Não;Restrição de Visibilidade;1;Colisão transversal;Com Vítimas Feridas;Plena Noite;Decrescente;Céu Claro;Simples;Reta;Sim;87668;Bicicleta;;NA;Condutor;Lesões Leves;24;Masculino;0;1;0;0;0,08583066;-51,0836792;SR-AP;UOP01/AP;
49947;106942;28/06/2017;quarta-feira;20:45:00;AP;210;2,6;MACAPA;Sim;Falta de Atenção à Condução;1;Colisão transversal;Com Vítimas Feridas;Plena Noite;Decrescente;Céu Claro;Simples;Reta;Sim;87668;Bicicleta;;NA;Passageiro;Lesões Leves;56;Feminino;0;1;0;0;0,08583066;-51,0836792;SR-AP;UOP01/AP;
49947;106942;28/06/2017;quarta-feira;20:45:00;AP;210;2,6;MACAPA;Não;Restrição de Visibilidade;1;Colisão transversal;Com Vítimas Feridas;Plena Noite;Decrescente;Céu Claro;Simples;Reta;Sim;87668;Bicicleta;;NA;Passageiro;Lesões Leves;56;Feminino;0;1;0;0;0,08583066;-51,0836792;SR-AP;UOP01/AP;
49971;106906;28/06/2017;quarta-feira;21:35:00;MT;163;112;RONDONOPOLIS;Sim;Objeto estático sobre o leito carroçável;1;Queda de ocupante de veículo;Com Vítimas Feridas;Plena Noite;Decrescente;Céu Claro;Dupla;Reta;Não;87652;Bicicleta;;NA;Condutor;Lesões Leves;21;Masculino;0;1;0;0;-16,5544;-54,6754;SR-MT;DEL2/2;UOP01/MT
49984;106953;28/06/2017;quarta-feira;22:50:00;SC;101;213,6;PALHOCA;Sim;Não guardar distância de segurança;1;Colisão lateral;Com Vítimas Feridas;Plena Noite;Crescente;Nublado;Simples;Reta;Sim;87690;Bicicleta;;NA;Condutor;Lesões Leves;28;Masculino;0;1;0;0;-27,64110883;-48,66818905;SR-SC;DEL8/1;UOP02/SC
50016;111720;29/06/2017;quinta-feira;06:30:00;SC;470;68,1;INDAIAL;Sim;Defeito na Via;1;Colisão lateral;Com Vítimas Feridas;Amanhecer;Crescente;Nublado;Simples;Ponte;Sim;91668;Bicicleta;;NA;Condutor;Lesões Graves;31;Masculino;0;0;1;0;-26,87106163;-49,22920793;SR-SC;DEL8/4;UOP01/SC
50024;107324;29/06/2017;quinta-feira;06:40:00;ES;101;264,2;SERRA;Sim;Falta de Atenção à Condução;2;Tombamento;Com Vítimas Feridas;Pleno dia;Crescente;Sol;Múltipla;Reta;Sim;87855;Bicicleta;;NA;Condutor;Lesões Graves;45;Masculino;0;0;1;0;-20,17550309;-40,26648849;SR-ES;DEL12/2;UOP01/ES
50024;107324;29/06/2017;quinta-feira;06:40:00;ES;101;264,2;SERRA;Sim;Falta de Atenção à Condução;1;Colisão lateral;Com Vítimas Feridas;Pleno dia;Crescente;Sol;Múltipla;Reta;Sim;87855;Bicicleta;;NA;Condutor;Lesões Graves;45;Masculino;0;0;1;0;-20,17550309;-40,26648849;SR-ES;DEL12/2;UOP01/ES
50084;107162;29/06/2017;quinta-feira;11:10:00;SC;470;70,7;INDAIAL;Sim;Falta de Atenção à Condução;1;Colisão lateral;Com Vítimas Feridas;Pleno dia;Decrescente;Céu Claro;Simples;Interseção de vias;Sim;87900;Bicicleta;;NA;Condutor;Lesões Leves;59;Feminino;0;1;0;0;-26,898258;-49,232094;SR-SC;DEL8/4;UOP01/SC
50145;107403;29/06/2017;quinta-feira;14:00:00;AC;364;136;RIO BRANCO;Sim;Desobediência às normas de trânsito pelo condutor;1;Colisão transversal;Com Vítimas Feridas;Pleno dia;Decrescente;Sol;Dupla;Rotatória;Sim;88126;Bicicleta;;NA;Condutor;Ileso;18;Masculino;1;0;0;0;-9,9784;-67,8487;SR-AC;UOP01/AC;
50167;107513;29/06/2017;quinta-feira;18:30:00;SP;101;48,2;UBATUBA;Sim;Falta de Atenção à Condução;2;Colisão transversal;Com Vítimas Feridas;Plena Noite;Decrescente;Nublado;Simples;Curva;Sim;88198;Bicicleta;;NA;Condutor;Lesões Leves;49;Masculino;0;1;0;0;-23,43123865;-45,08337899;SR-SP;DEL6/7;UOP01/SP
50167;107513;29/06/2017;quinta-feira;18:30:00;SP;101;48,2;UBATUBA;Sim;Falta de Atenção à Condução;1;Colisão transversal;Com Vítimas Feridas;Plena Noite;Decrescente;Nublado;Simples;Curva;Sim;88198;Bicicleta;;NA;Condutor;Lesões Leves;49;Masculino;0;1;0;0;-23,43123865;-45,08337899;SR-SP;DEL6/7;UOP01/SP
50270;109568;30/06/2017;sexta-feira;06:58:00;MG;381;509,6;SAO JOAQUIM DE BICAS;Sim;Desobediência às normas de trânsito pelo condutor;1;Colisão transversal;Com Vítimas Feridas;Pleno dia;Crescente;Céu Claro;Múltipla;Rotatória;Sim;88313;Bicicleta;;NA;Condutor;Lesões Leves;52;Masculino;0;1;0;0;-20,05593127;-44,28633928;SR-MG;DEL4/1;UOP03/MG
50272;107694;30/06/2017;sexta-feira;06:50:00;RS;116;0,8;PORTO ALEGRE;Sim;Falta de Atenção à Condução;1;Colisão com objeto em movimento;Com Vítimas Feridas;Pleno dia;Decrescente;Garoa/Chuvisco;Dupla;Curva;Sim;88378;Bicicleta;;NA;Condutor;Lesões Graves;37;Masculino;0;0;1;0;-29,971916;-51,176838;SR-RS;DEL9/5;UOP03/RS
50424;108064;30/06/2017;sexta-feira;17:30:00;MG;50;74;UBERLANDIA;Sim;Desobediência às normas de trânsito pelo condutor;1;Atropelamento de Pedestre;Com Vítimas Feridas;Anoitecer;Crescente;Céu Claro;Simples;Reta;Sim;88716;Bicicleta;;NA;Testemunha;Não Informado;NA;Não Informado;0;0;0;0;-18,9146078;-48,2753801;SR-MG;DEL4/15;UOP01/MG
50424;108063;30/06/2017;sexta-feira;17:30:00;MG;50;74;UBERLANDIA;Sim;Desobediência às normas de trânsito pelo condutor;1;Atropelamento de Pedestre;Com Vítimas Feridas;Anoitecer;Crescente;Céu Claro;Simples;Reta;Sim;88716;Bicicleta;;NA;Condutor;Lesões Graves;21;Masculino;0;0;1;0;-18,9146078;-48,2753801;SR-MG;DEL4/15;UOP01/MG
50435;107952;30/06/2017;sexta-feira;18:15:00;SC;101;164;TIJUCAS;Sim;Restrição de Visibilidade;1;Atropelamento de Pedestre;Com Vítimas Feridas;Plena Noite;Crescente;Céu Claro;Dupla;Reta;Sim;88600;Bicicleta;;NA;Passageiro;Lesões Graves;7;Feminino;0;0;1;0;-27,2412;-48,6308;SR-SC;DEL8/4;UOP03/SC
50435;107932;30/06/2017;sexta-feira;18:15:00;SC;101;164;TIJUCAS;Sim;Restrição de Visibilidade;1;Atropelamento de Pedestre;Com Vítimas Feridas;Plena Noite;Crescente;Céu Claro;Dupla;Reta;Sim;88600;Bicicleta;;NA;Condutor;Lesões Leves;12;Masculino;0;1;0;0;-27,2412;-48,6308;SR-SC;DEL8/4;UOP03/SC
50445;109321;30/06/2017;sexta-feira;17:10:00;MG;381;330;NOVA ERA;Sim;Não guardar distância de segurança;1;Queda de ocupante de veículo;Com Vítimas Feridas;Anoitecer;Decrescente;Céu Claro;Simples;Reta;Não;89838;Bicicleta;;NA;Condutor;Lesões Leves;31;Masculino;0;1;0;0;-19,75673278;-43,02717626;SR-MG;DEL4/3;UOP01/MG
50445;109321;30/06/2017;sexta-feira;17:10:00;MG;381;330;NOVA ERA;Não;Falta de Atenção à Condução;1;Queda de ocupante de veículo;Com Vítimas Feridas;Anoitecer;Decrescente;Céu Claro;Simples;Reta;Não;89838;Bicicleta;;NA;Condutor;Lesões Leves;31;Masculino;0;1;0;0;-19,75673278;-43,02717626;SR-MG;DEL4/3;UOP01/MG
50608;108288;01/07/2017;sábado;07:38:00;PR;376;182;MARINGA;Sim;Desobediência às normas de trânsito pelo condutor;1;Colisão transversal;Com Vítimas Feridas;Pleno dia;Decrescente;Céu Claro;Dupla;Interseção de vias;Sim;88923;Bicicleta;;NA;Condutor;Lesões Graves;23;Masculino;0;0;1;0;-23,4318337;-51,88676691;SR-PR;DEL7/7;UOP04/PR
50608;108288;01/07/2017;sábado;07:38:00;PR;376;182;MARINGA;Sim;Desobediência às normas de trânsito pelo condutor;3;Queda de ocupante de veículo;Com Vítimas Feridas;Pleno dia;Decrescente;Céu Claro;Dupla;Interseção de vias;Sim;88923;Bicicleta;;NA;Condutor;Lesões Graves;23;Masculino;0;0;1;0;-23,4318337;-51,88676691;SR-PR;DEL7/7;UOP04/PR
50608;108288;01/07/2017;sábado;07:38:00;PR;376;182;MARINGA;Sim;Desobediência às normas de trânsito pelo condutor;2;Queda de ocupante de veículo;Com Vítimas Feridas;Pleno dia;Decrescente;Céu Claro;Dupla;Interseção de vias;Sim;88923;Bicicleta;;NA;Condutor;Lesões Graves;23;Masculino;0;0;1;0;-23,4318337;-51,88676691;SR-PR;DEL7/7;UOP04/PR
50630;109481;01/07/2017;sábado;07:00:00;RO;421;2;ARIQUEMES;Sim;Falta de Atenção à Condução;1;Colisão frontal;Com Vítimas Feridas;Pleno dia;Decrescente;Céu Claro;Simples;Reta;Não;89949;Bicicleta;;NA;Condutor;Lesões Leves;60;Masculino;0;1;0;0;-9,9255;-63,0714;SR-RO;DEL21/3;UOP01/RO
50630;109483;01/07/2017;sábado;07:00:00;RO;421;2;ARIQUEMES;Sim;Falta de Atenção à Condução;1;Colisão frontal;Com Vítimas Feridas;Pleno dia;Decrescente;Céu Claro;Simples;Reta;Não;89949;Bicicleta;;NA;Passageiro;Lesões Leves;82;Feminino;0;1;0;0;-9,9255;-63,0714;SR-RO;DEL21/3;UOP01/RO
50646;108311;31/03/2017;sexta-feira;18:30:00;PE;428;184;PETROLINA;Sim;Falta de Atenção à Condução;1;Queda de ocupante de veículo;Com Vítimas Feridas;Plena Noite;Crescente;Ignorado;Simples;Reta;Não;88934;Bicicleta;;NA;Condutor;Ileso;NA;Masculino;1;0;0;0;-9,3428;-40,4717;SR-PE;DEL11/6;UOP01/PE
50701;108576;01/07/2017;sábado;14:10:00;RJ;493;19,2;MAGE;Sim;Falta de Atenção à Condução;1;Colisão transversal;Com Vítimas Feridas;Pleno dia;Crescente;Céu Claro;Simples;Reta;Sim;89186;Bicicleta;;NA;Condutor;Lesões Leves;NA;Feminino;0;1;0;0;-22,6655932;-43,028736;SR-RJ;DEL5/4;UOP02/RJ
50731;108530;01/07/2017;sábado;16:45:00;RS;392;66,9;PELOTAS;Sim;Desobediência às normas de trânsito pelo condutor;1;Colisão transversal;Com Vítimas Feridas;Pleno dia;Crescente;Sol;Simples;Interseção de vias;Sim;89142;Bicicleta;;NA;Condutor;Lesões Graves;55;Masculino;0;0;1;0;-31,7562145;-52,3998794;SR-RS;DEL9/7;UOP01/RS
50816;110664;01/07/2017;sábado;21:05:00;PE;101;69;RECIFE;Sim;Falta de Atenção à Condução;1;Colisão com objeto em movimento;Com Vítimas Feridas;Plena Noite;Crescente;Nublado;Múltipla;Reta;Sim;90938;Bicicleta;;NA;Condutor;Lesões Graves;42;Masculino;0;0;1;0;-8,063894;-34,944435;SR-PE;DEL11/1;UOP01/PE
50816;110664;01/07/2017;sábado;21:05:00;PE;101;69;RECIFE;Não;Ingestão de Álcool;1;Colisão com objeto em movimento;Com Vítimas Feridas;Plena Noite;Crescente;Nublado;Múltipla;Reta;Sim;90938;Bicicleta;;NA;Condutor;Lesões Graves;42;Masculino;0;0;1;0;-8,063894;-34,944435;SR-PE;DEL11/1;UOP01/PE
50844;111002;01/07/2017;sábado;21:15:00;RJ;116;109,7;GUAPIMIRIM;Sim;Falta de Atenção à Condução;1;Colisão lateral;Com Vítimas Feridas;Plena Noite;Crescente;Chuva;Dupla;Reta;Não;91208;Bicicleta;;NA;Condutor;Lesões Graves;NA;Masculino;0;0;1;0;-22,57367603;-43,00898552;SR-RJ;DEL5/4;UOP02/RJ
50844;111003;01/07/2017;sábado;21:15:00;RJ;116;109,7;GUAPIMIRIM;Sim;Falta de Atenção à Condução;1;Colisão lateral;Com Vítimas Feridas;Plena Noite;Crescente;Chuva;Dupla;Reta;Não;91207;Bicicleta;;NA;Condutor;Não Informado;NA;Não Informado;0;0;0;0;-22,57367603;-43,00898552;SR-RJ;DEL5/4;UOP02/RJ
50860;111156;01/07/2017;sábado;19:00:00;MT;364;541;ROSARIO OESTE;Sim;Carga excessiva e/ou mal acondicionada;1;Colisão lateral;Com Vítimas Feridas;Plena Noite;Crescente;Nublado;Simples;Reta;Não;91358;Bicicleta;;NA;Condutor;Lesões Leves;20;Masculino;0;1;0;0;-14,8519;-56,4503;SR-MT;DEL2/4;UOP01/MT
50901;108743;02/07/2017;domingo;05:15:00;RJ;101;297;ITABORAI;Sim;Fenômenos da Natureza;1;Colisão com objeto em movimento;Com Vítimas Feridas;Plena Noite;Decrescente;Chuva;Dupla;Reta;Sim;89356;Bicicleta;;NA;Condutor;Lesões Leves;NA;Masculino;0;1;0;0;-22,7472;-42,8585;SR-RJ;DEL5/2;UOP02/RJ
50942;109134;02/07/2017;domingo;09:30:00;SP;488;2,5;APARECIDA;Sim;Falta de Atenção à Condução;1;Colisão lateral;Com Vítimas Feridas;Pleno dia;Crescente;Céu Claro;Dupla;Reta;Sim;89635;Bicicleta;;NA;Condutor;Lesões Leves;54;Masculino;0;1;0;0;-22,8531;-45,2394;SR-SP;DEL6/8;UOP02/SP
51032;109184;02/07/2017;domingo;16:45:00;DF;20;12;BRASILIA;Sim;Falta de Atenção à Condução;1;Colisão transversal;Com Vítimas Feridas;Pleno dia;Decrescente;Céu Claro;Dupla;Reta;Não;89606;Bicicleta;;NA;Condutor;Lesões Leves;43;Masculino;0;1;0;0;-15,6283194;-47,72936582;SR-DF;UOP04/DF;
51095;111685;02/07/2017;domingo;19:00:00;RJ;116;169;SAO JOAO DE MERITI;Sim;Falta de Atenção à Condução;1;Colisão lateral;Com Vítimas Feridas;Plena Noite;Decrescente;Nublado;Múltipla;Reta;Sim;91739;Bicicleta;;NA;Condutor;Lesões Leves;35;Masculino;0;1;0;0;-22,7912;-43,3694;SR-RJ;DEL5/1;UOP02/RJ
51126;111306;02/07/2017;domingo;20:45:00;SC;163;69,9;SAO MIGUEL DO OESTE;Sim;Ingestão de Álcool;1;Colisão traseira;Com Vítimas Feridas;Plena Noite;Crescente;Céu Claro;Dupla;Reta;Sim;89700;Bicicleta;;NA;Condutor;Lesões Leves;60;Masculino;0;1;0;0;-26,72300087;-53,51415532;SR-SC;DEL8/8;UOP03/SC
51126;111306;02/07/2017;domingo;20:45:00;SC;163;69,9;SAO MIGUEL DO OESTE;Não;Falta de Atenção à Condução;1;Colisão traseira;Com Vítimas Feridas;Plena Noite;Crescente;Céu Claro;Dupla;Reta;Sim;89700;Bicicleta;;NA;Condutor;Lesões Leves;60;Masculino;0;1;0;0;-26,72300087;-53,51415532;SR-SC;DEL8/8;UOP03/SC
51148;111692;02/07/2017;domingo;19:00:00;SC;280;268;IRINEOPOLIS;Sim;Ingestão de Álcool;1;Colisão transversal;Com Vítimas Feridas;Plena Noite;Crescente;Céu Claro;Simples;Reta;Sim;89733;Bicicleta;;NA;Condutor;Lesões Graves;40;Masculino;0;0;1;0;-26,26390558;-50,71077973;SR-SC;DEL8/6;UOP04/SC
51154;109351;02/07/2017;domingo;19:20:00;MG;50;82;UBERLANDIA;Sim;Falta de Atenção à Condução;1;Queda de ocupante de veículo;Com Vítimas Feridas;Plena Noite;Crescente;Céu Claro;Dupla;Reta;Não;89851;Bicicleta;;NA;Condutor;Lesões Leves;42;Masculino;0;1;0;0;-18,9812;-48,2129;SR-MG;DEL4/15;UOP01/MG
51241;113930;03/07/2017;segunda-feira;08:40:00;RN;110;47,6;MOSSORO;Sim;Ingestão de Álcool;1;Tombamento;Com Vítimas Feridas;Pleno dia;Decrescente;Sol;Simples;Reta;Sim;90223;Bicicleta;MONARK/;NA;Condutor;Lesões Leves;52;Masculino;0;1;0;0;-5,20642286;-37,32955813;SR-RN;DEL15/4;UOP01/RN
51247;109843;03/07/2017;segunda-feira;09:00:00;RN;304;55,2;MOSSORO;Sim;Falta de Atenção à Condução;2;Tombamento;Com Vítimas Feridas;Pleno dia;Crescente;Céu Claro;Simples;Reta;Não;90050;Bicicleta;MONARK/;NA;Condutor;Lesões Graves;52;Masculino;0;0;1;0;-5,28862043;-37,28879976;SR-RN;DEL15/4;UOP01/RN
51247;109843;03/07/2017;segunda-feira;09:00:00;RN;304;55,2;MOSSORO;Sim;Falta de Atenção à Condução;1;Colisão lateral;Com Vítimas Feridas;Pleno dia;Crescente;Céu Claro;Simples;Reta;Não;90050;Bicicleta;MONARK/;NA;Condutor;Lesões Graves;52;Masculino;0;0;1;0;-5,28862043;-37,28879976;SR-RN;DEL15/4;UOP01/RN
51354;112362;03/07/2017;segunda-feira;15:50:00;PI;343;28,9;PARNAIBA;Sim;Ingestão de Álcool;1;Colisão transversal;Com Vítimas Feridas;Pleno dia;Decrescente;Céu Claro;Simples;Reta;Sim;92387;Bicicleta;;NA;Condutor;Lesões Graves;84;Masculino;0;0;1;0;-3,0606283;-41,77701473;SR-PI;DEL17/5;UOP01/PI
51372;109755;03/07/2017;segunda-feira;16:30:00;SC;101;42,8;JOINVILLE;Sim;Desobediência às normas de trânsito pelo condutor;1;Colisão transversal;Com Vítimas Feridas;Amanhecer;Crescente;Céu Claro;Simples;Reta;Sim;90173;Bicicleta;;NA;Condutor;Lesões Leves;49;Masculino;0;1;0;0;-26,32332029;-48,86801769;SR-SC;DEL8/3;UOP01/SC
51419;110068;03/07/2017;segunda-feira;18:50:00;MG;116;412;GOVERNADOR VALADARES;Sim;Falta de Atenção à Condução;1;Colisão transversal;Com Vítimas Feridas;Anoitecer;Crescente;Nublado;Simples;Reta;Sim;90245;Bicicleta;;NA;Condutor;Lesões Leves;46;Masculino;0;1;0;0;-18,86783092;-41,97263837;SR-MG;DEL4/6;UOP01/MG
51426;109888;03/07/2017;segunda-feira;18:10:00;PR;476;283;SAO MATEUS DO SUL;Sim;Falta de Atenção à Condução;1;Atropelamento de Pedestre;Com Vítimas Feridas;Anoitecer;Crescente;Céu Claro;Simples;Reta;Sim;90269;Bicicleta;;NA;Condutor;Lesões Graves;33;Masculino;0;0;1;0;-25,8855;-50,4318;SR-PR;DEL7/2;UOP03/PR
51426;109888;03/07/2017;segunda-feira;18:10:00;PR;476;283;SAO MATEUS DO SUL;Sim;Falta de Atenção à Condução;3;Colisão traseira;Com Vítimas Feridas;Anoitecer;Crescente;Céu Claro;Simples;Reta;Sim;90269;Bicicleta;;NA;Condutor;Lesões Graves;33;Masculino;0;0;1;0;-25,8855;-50,4318;SR-PR;DEL7/2;UOP03/PR
51426;109888;03/07/2017;segunda-feira;18:10:00;PR;476;283;SAO MATEUS DO SUL;Sim;Falta de Atenção à Condução;2;Queda de ocupante de veículo;Com Vítimas Feridas;Anoitecer;Crescente;Céu Claro;Simples;Reta;Sim;90269;Bicicleta;;NA;Condutor;Lesões Graves;33;Masculino;0;0;1;0;-25,8855;-50,4318;SR-PR;DEL7/2;UOP03/PR
51492;113703;04/07/2017;terça-feira;07:30:00;AL;104;92;RIO LARGO;Sim;Avarias e/ou desgaste excessivo no pneu;1;Colisão transversal;Com Vítimas Feridas;Pleno dia;Decrescente;Chuva;Dupla;Reta;Sim;90797;Bicicleta;;NA;Condutor;Lesões Graves;NA;Masculino;0;0;1;0;-9,5227;-35,8011;SR-AL;DEL13/1;UOP01/AL
51503;110256;04/07/2017;terça-feira;07:30:00;RO;364;346;JI-PARANA;Sim;Falta de Atenção à Condução;1;Colisão lateral;Com Vítimas Feridas;Pleno dia;Decrescente;Céu Claro;Simples;Interseção de vias;Sim;90569;Bicicleta;;NA;Condutor;Lesões Leves;44;Feminino;0;1;0;0;-10,8676;-61,9657;SR-RO;DEL21/2;UOP01/RO
51558;110643;04/07/2017;terça-feira;11:15:00;MS;262;6,4;TRES LAGOAS;Sim;Desobediência às normas de trânsito pelo condutor;2;Queda de ocupante de veículo;Com Vítimas Feridas;Pleno dia;Decrescente;Céu Claro;Dupla;Reta;Sim;90917;Bicicleta;;NA;Condutor;Lesões Leves;36;Masculino;0;1;0;0;-20,7982345;-51,68275595;SR-MS;DEL3/7;UOP01/MS
51558;110643;04/07/2017;terça-feira;11:15:00;MS;262;6,4;TRES LAGOAS;Sim;Desobediência às normas de trânsito pelo condutor;1;Colisão lateral;Com Vítimas Feridas;Pleno dia;Decrescente;Céu Claro;Dupla;Reta;Sim;90917;Bicicleta;;NA;Condutor;Lesões Leves;36;Masculino;0;1;0;0;-20,7982345;-51,68275595;SR-MS;DEL3/7;UOP01/MS
51568;110220;09/04/2017;domingo;21:30:00;PR;476;124,1;CURITIBA;Sim;Falta de Atenção à Condução;1;Colisão transversal;Com Vítimas Feridas;Plena Noite;Decrescente;Ignorado;Dupla;Reta;Sim;90548;Bicicleta;;NA;Condutor;Lesões Leves;NA;Masculino;0;1;0;0;-25,40176297;-49,2165935;SR-PR;DEL7/1;UOP06/PR
51790;111140;05/07/2017;quarta-feira;11:05:00;CE;116;15;FORTALEZA;Sim;Falta de Atenção à Condução;1;Colisão com objeto em movimento;Com Vítimas Feridas;Pleno dia;Crescente;Céu Claro;Dupla;Reta;Sim;91328;Bicicleta;;NA;Condutor;Lesões Graves;38;Masculino;0;0;1;0;-3,873795;-38,499326;SR-CE;DEL16/1;UOP02/CE
51970;113216;06/07/2017;quinta-feira;06:40:00;PR;376;595;CURITIBA;Sim;Falta de Atenção à Condução;3;Queda de ocupante de veículo;Com Vítimas Feridas;Pleno dia;Decrescente;Céu Claro;Dupla;Reta;Sim;93084;Bicicleta;;NA;Condutor;Lesões Leves;20;Masculino;0;1;0;0;-25,48623348;-49,34671551;SR-PR;DEL7/1;UOP04/PR
51970;113216;06/07/2017;quinta-feira;06:40:00;PR;376;595;CURITIBA;Sim;Falta de Atenção à Condução;2;Colisão lateral;Com Vítimas Feridas;Pleno dia;Decrescente;Céu Claro;Dupla;Reta;Sim;93084;Bicicleta;;NA;Condutor;Lesões Leves;20;Masculino;0;1;0;0;-25,48623348;-49,34671551;SR-PR;DEL7/1;UOP04/PR
51970;113216;06/07/2017;quinta-feira;06:40:00;PR;376;595;CURITIBA;Sim;Falta de Atenção à Condução;1;Colisão lateral;Com Vítimas Feridas;Pleno dia;Decrescente;Céu Claro;Dupla;Reta;Sim;93084;Bicicleta;;NA;Condutor;Lesões Leves;20;Masculino;0;1;0;0;-25,48623348;-49,34671551;SR-PR;DEL7/1;UOP04/PR
52129;114077;06/07/2017;quinta-feira;17:50:00;RJ;116;175,4;NOVA IGUACU;Sim;Não guardar distância de segurança;2;Queda de ocupante de veículo;Com Vítimas Feridas;Anoitecer;Decrescente;Céu Claro;Múltipla;Reta;Sim;91924;Bicicleta;;NA;Condutor;Lesões Leves;32;Masculino;0;1;0;0;-22,76205959;-43,4225902;SR-RJ;DEL5/1;UOP02/RJ