id;pesid;data_inversa;dia_semana;horario;uf;br;km;municipio;causa_principal;causa_acidente;ordem_tipo_acidente;tipo_acidente;classificacao_acidente;fase_dia;sentido_via;condicao_metereologica;tipo_pista;tracado_via;uso_solo;id_veiculo;tipo_veiculo;marca;ano_fabricacao_veiculo;tipo_envolvido;estado_fisico;idade;sexo;ilesos;feridos_leves;feridos_graves;mortos;latitude;longitude;regional;delegacia;uop
52129;114077;06/07/2017;quinta-feira;17:50:00;RJ;116;175,4;NOVA IGUACU;Sim;Não guardar distância de segurança;1;Colisão lateral;Com Vítimas Feridas;Anoitecer;Decrescente;Céu Claro;Múltipla;Reta;Sim;91924;Bicicleta;;NA;Condutor;Lesões Leves;32;Masculino;0;1;0;0;-22,76205959;-43,4225902;SR-RJ;DEL5/1;UOP02/RJ
52182;111742;06/07/2017;quinta-feira;22:15:00;SC;101;225,5;PALHOCA;Sim;Não guardar distância de segurança;1;Queda de ocupante de veículo;Com Vítimas Feridas;Plena Noite;Decrescente;Nublado;Dupla;Não Informado;Sim;91794;Bicicleta;;NA;Condutor;Ileso;27;Masculino;1;0;0;0;-27,73774248;-48,63955233;SR-SC;DEL8/1;UOP02/SC
52182;111737;06/07/2017;quinta-feira;22:15:00;SC;101;225,5;PALHOCA;Sim;Não guardar distância de segurança;1;Queda de ocupante de veículo;Com Vítimas Feridas;Plena Noite;Decrescente;Nublado;Dupla;Não Informado;Sim;91789;Bicicleta;;NA;Condutor;Lesões Leves;19;Feminino;0;1;0;0;-27,73774248;-48,63955233;SR-SC;DEL8/1;UOP02/SC
52321;112140;07/07/2017;sexta-feira;12:50:00;MG;381;365;JOAO MONLEVADE;Sim;Não guardar distância de segurança;1;Colisão traseira;Com Vítimas Fatais;Pleno dia;Crescente;Céu Claro;Simples;Curva;Não;92144;Bicicleta;;NA;Condutor;Óbito;68;Masculino;0;0;0;1;-19,8588;-43,2327;SR-MG;DEL4/3;UOP01/MG
52321;112168;07/07/2017;sexta-feira;12:50:00;MG;381;365;JOAO MONLEVADE;Sim;Não guardar distância de segurança;1;Colisão traseira;Com Vítimas Fatais;Pleno dia;Crescente;Céu Claro;Simples;Curva;Não;92144;Bicicleta;;NA;Testemunha;Não Informado;NA;Não Informado;0;0;0;0;-19,8588;-43,2327;SR-MG;DEL4/3;UOP01/MG
52383;112415;07/07/2017;sexta-feira;17:10:00;ES;101;144,8;LINHARES;Sim;Falta de Atenção à Condução;1;Colisão lateral;Com Vítimas Feridas;Anoitecer;Crescente;Nublado;Simples;Reta;Sim;92307;Bicicleta;MONARK/;NA;Condutor;Lesões Graves;26;Masculino;0;0;1;0;-19,3847;-40,0672;SR-ES;DEL12/4;UOP01/ES
52438;112356;07/07/2017;sexta-feira;19:31:00;ES;262;184,9;IUNA;Sim;Falta de Atenção à Condução;1;Colisão transversal;Com Vítimas Feridas;Plena Noite;Crescente;Nublado;Simples;Reta;Não;92388;Bicicleta;MONARK/;NA;Condutor;Lesões Graves;40;Masculino;0;0;1;0;-20,30053521;-41,70885492;SR-ES;DEL12/1;UOP02/ES
52445;112306;07/07/2017;sexta-feira;20:20:00;SC;470;38;GASPAR;Sim;Falta de Atenção à Condução;1;Colisão lateral;Com Vítimas Feridas;Plena Noite;Crescente;Garoa/Chuvisco;Simples;Reta;Não;92336;Bicicleta;;NA;Condutor;Lesões Leves;60;Masculino;0;1;0;0;-26,912949;-48,977826;SR-SC;DEL8/4;UOP01/SC
52456;114021;07/07/2017;sexta-feira;21:00:00;PR;277;78;SAO JOSE DOS PINHAIS;Sim;Ingestão de Álcool;1;Colisão frontal;Com Vítimas Feridas;Plena Noite;Crescente;Céu Claro;Dupla;Reta;Sim;92331;Bicicleta;;NA;Condutor;Lesões Leves;55;Masculino;0;1;0;0;-25,5307;-49,1958;SR-PR;DEL7/1;UOP01/PR
52478;112472;07/07/2017;sexta-feira;21:30:00;MS;163;259,5;DOURADOS;Sim;Deficiência ou não Acionamento do Sistema de Iluminação/Sinalização do Veículo;1;Colisão traseira;Com Vítimas Feridas;Plena Noite;Crescente;Céu Claro;Dupla;Reta;Sim;92405;Bicicleta;;NA;Condutor;Lesões Leves;21;Masculino;0;1;0;0;-22,246905;-54,773065;SR-MS;DEL3/4;UOP01/MS
52478;112472;07/07/2017;sexta-feira;21:30:00;MS;163;259,5;DOURADOS;Não;Desobediência às normas de trânsito pelo condutor;1;Colisão traseira;Com Vítimas Feridas;Plena Noite;Crescente;Céu Claro;Dupla;Reta;Sim;92405;Bicicleta;;NA;Condutor;Lesões Leves;21;Masculino;0;1;0;0;-22,246905;-54,773065;SR-MS;DEL3/4;UOP01/MS
52478;112472;07/07/2017;sexta-feira;21:30:00;MS;163;259,5;DOURADOS;Não;Falta de Atenção à Condução;1;Colisão traseira;Com Vítimas Feridas;Plena Noite;Crescente;Céu Claro;Dupla;Reta;Sim;92405;Bicicleta;;NA;Condutor;Lesões Leves;21;Masculino;0;1;0;0;-22,246905;-54,773065;SR-MS;DEL3/4;UOP01/MS
52692;115346;08/07/2017;sábado;14:30:00;RJ;101;504;ANGRA DOS REIS;Sim;Falta de Atenção do Pedestre;1;Atropelamento de Pedestre;Com Vítimas Feridas;Pleno dia;Crescente;Céu Claro;Simples;Ponte;Sim;94539;Bicicleta;;NA;Condutor;Lesões Graves;59;Masculino;0;0;1;0;-22,9419;-44,4226;SR-RJ;DEL5/3;UOP03/RJ
52907;113157;09/07/2017;domingo;08:04:00;PR;116;117;CURITIBA;Sim;Falta de Atenção à Condução;1;Colisão lateral;Com Vítimas Feridas;Pleno dia;Crescente;Nublado;Dupla;Curva;Não;93089;Bicicleta;;NA;Testemunha;Não Informado;NA;Não Informado;0;0;0;0;-25,4289541;-49,267137;SR-PR;DEL7/1;UOP03/PR
52907;113156;09/07/2017;domingo;08:04:00;PR;116;117;CURITIBA;Sim;Falta de Atenção à Condução;1;Colisão lateral;Com Vítimas Feridas;Pleno dia;Crescente;Nublado;Dupla;Curva;Não;93089;Bicicleta;;NA;Condutor;Lesões Leves;34;Masculino;0;1;0;0;-25,4289541;-49,267137;SR-PR;DEL7/1;UOP03/PR
53002;118594;09/07/2017;domingo;15:30:00;PI;316;10;TERESINA;Sim;Falta de Atenção à Condução;1;Colisão traseira;Com Vítimas Feridas;Pleno dia;Crescente;Sol;Simples;Reta;Sim;97326;Bicicleta;MONARK/;NA;Condutor;Lesões Graves;48;Masculino;0;0;1;0;-5,1866;-42,7624;SR-PI;DEL17/1;UOP02/PI
53112;115845;09/07/2017;domingo;19:40:00;RR;174;492;BOA VISTA;Sim;Restrição de Visibilidade;1;Colisão transversal;Com Vítimas Feridas;Plena Noite;Decrescente;Nublado;Simples;Curva;Não;93506;Bicicleta;;NA;Condutor;Lesões Graves;23;Masculino;0;0;1;0;2,743302;-60,750884;SR-RR;UOP01/RR;
53201;113953;10/07/2017;segunda-feira;06:45:00;RS;116;223,3;DOIS IRMAOS;Sim;Não guardar distância de segurança;1;Colisão traseira;Com Vítimas Feridas;Amanhecer;Crescente;Céu Claro;Simples;Retorno Regulamentado;Sim;93734;Bicicleta;;NA;Condutor;Lesões Leves;54;Masculino;0;1;0;0;-29,58808721;-51,10462189;SR-RS;DEL9/5;UOP02/RS
53345;114178;10/07/2017;segunda-feira;17:15:00;SP;488;2,2;APARECIDA;Sim;Falta de Atenção à Condução;1;Colisão lateral;Com Vítimas Feridas;Pleno dia;Decrescente;Céu Claro;Simples;Reta;Sim;93898;Bicicleta;;NA;Condutor;Lesões Leves;52;Masculino;0;1;0;0;-22,85080796;-45,23830891;SR-SP;DEL6/8;UOP02/SP
53345;114184;10/07/2017;segunda-feira;17:15:00;SP;488;2,2;APARECIDA;Sim;Falta de Atenção à Condução;1;Colisão lateral;Com Vítimas Feridas;Pleno dia;Decrescente;Céu Claro;Simples;Reta;Sim;93898;Bicicleta;;NA;Testemunha;Não Informado;NA;Não Informado;0;0;0;0;-22,85080796;-45,23830891;SR-SP;DEL6/8;UOP02/SP
53357;114233;10/07/2017;segunda-feira;18:30:00;SC;470;175,6;POUSO REDONDO;Sim;Falta de Atenção à Condução;1;Colisão transversal;Com Vítimas Feridas;Plena Noite;Decrescente;Céu Claro;Simples;Interseção de vias;Sim;93936;Bicicleta;;NA;Condutor;Lesões Leves;35;Masculino;0;1;0;0;-27,25812033;-49,92969263;SR-SC;DEL8/4;UOP02/SC
53360;114209;10/07/2017;segunda-feira;18:20:00;MG;116;527,5;CARATINGA;Sim;Ultrapassagem Indevida;1;Colisão traseira;Com Vítimas Feridas;Plena Noite;Crescente;Céu Claro;Simples;Curva;Sim;93864;Bicicleta;;NA;Testemunha;Não Informado;NA;Não Informado;0;0;0;0;-19,77768835;-42,13398188;SR-MG;DEL4/6;UOP02/MG
53360;114138;10/07/2017;segunda-feira;18:20:00;MG;116;527,5;CARATINGA;Sim;Ultrapassagem Indevida;1;Colisão traseira;Com Vítimas Feridas;Plena Noite;Crescente;Céu Claro;Simples;Curva;Sim;93864;Bicicleta;;NA;Condutor;Lesões Graves;29;Masculino;0;0;1;0;-19,77768835;-42,13398188;SR-MG;DEL4/6;UOP02/MG
53366;116637;10/07/2017;segunda-feira;19:00:00;PI;316;10;TERESINA;Sim;Falta de Atenção à Condução;1;Colisão lateral;Com Vítimas Feridas;Plena Noite;Decrescente;Céu Claro;Simples;Reta;Sim;95762;Bicicleta;;NA;Condutor;Lesões Leves;15;Masculino;0;1;0;0;-5,1866;-42,7624;SR-PI;DEL17/1;UOP02/PI
53448;114580;11/07/2017;terça-feira;07:45:00;ES;262;1;CARIACICA;Sim;Desobediência às normas de trânsito pelo condutor;1;Colisão lateral;Com Vítimas Feridas;Pleno dia;Decrescente;Nublado;Múltipla;Reta;Sim;94106;Bicicleta;;NA;Condutor;Lesões Leves;50;Masculino;0;1;0;0;-20,33287191;-40,35635859;SR-ES;DEL12/1;UOP01/ES
53466;114529;11/07/2017;terça-feira;07:29:00;SP;116;216;GUARULHOS;Sim;Não guardar distância de segurança;1;Colisão lateral;Com Vítimas Feridas;Pleno dia;Decrescente;Céu Claro;Múltipla;Reta;Sim;94149;Bicicleta;;NA;Condutor;Lesões Leves;36;Masculino;0;1;0;0;-23,4521;-46,4662;SR-SP;DEL6/1;UOP01/SP
53466;114593;11/07/2017;terça-feira;07:29:00;SP;116;216;GUARULHOS;Sim;Não guardar distância de segurança;1;Colisão lateral;Com Vítimas Feridas;Pleno dia;Decrescente;Céu Claro;Múltipla;Reta;Sim;94147;Bicicleta;;NA;Condutor;Lesões Leves;36;Masculino;0;1;0;0;-23,4521;-46,4662;SR-SP;DEL6/1;UOP01/SP
53475;114617;11/07/2017;terça-feira;08:40:00;SP;116;477;JACUPIRANGA;Sim;Falta de Atenção à Condução;1;Colisão lateral;Com Vítimas Feridas;Pleno dia;Crescente;Céu Claro;Dupla;Reta;Sim;94198;Bicicleta;;NA;Condutor;Lesões Leves;28;Masculino;0;1;0;0;-24,7002;-48,0059;SR-SP;DEL6/5;UOP02/SP
53514;114738;11/07/2017;terça-feira;13:33:00;RN;101;146,5;GOIANINHA;Sim;Ingestão de Álcool;1;Colisão transversal;Com Vítimas Feridas;Pleno dia;Crescente;Nublado;Múltipla;Reta;Sim;94276;Bicicleta;;NA;Condutor;Lesões Leves;31;Masculino;0;1;0;0;-6,250805;-35,215771;SR-RN;DEL15/1;UOP01/RN
53560;117058;11/07/2017;terça-feira;17:30:00;PR;277;30;MORRETES;Sim;Falta de Atenção à Condução;1;Colisão lateral;Com Vítimas Feridas;Anoitecer;Crescente;Céu Claro;Dupla;Reta;Não;94329;Bicicleta;;NA;Testemunha;Não Informado;NA;Não Informado;0;0;0;0;-25,54922054;-48,79449378;SR-PR;DEL7/1;UOP07/PR
53560;114824;11/07/2017;terça-feira;17:30:00;PR;277;30;MORRETES;Sim;Falta de Atenção à Condução;1;Colisão lateral;Com Vítimas Feridas;Anoitecer;Crescente;Céu Claro;Dupla;Reta;Não;94329;Bicicleta;;NA;Condutor;Lesões Graves;60;Feminino;0;0;1;0;-25,54922054;-48,79449378;SR-PR;DEL7/1;UOP07/PR
53577;116906;11/07/2017;terça-feira;18:00:00;PR;116;14,2;COLOMBO;Sim;Falta de Atenção à Condução;1;Colisão com objeto em movimento;Com Vítimas Feridas;Anoitecer;Decrescente;Nublado;Dupla;Reta;Sim;95983;Bicicleta;;NA;Condutor;Lesões Leves;36;Masculino;0;1;0;0;-25,38239952;-49,16565891;SR-PR;DEL7/1;UOP02/PR
53634;115034;12/07/2017;quarta-feira;05:45:00;PR;369;194;ARAPONGAS;Sim;Falta de Atenção à Condução;1;Queda de ocupante de veículo;Com Vítimas Fatais;Amanhecer;Crescente;Céu Claro;Dupla;Reta;Sim;94489;Bicicleta;;NA;Condutor;Óbito;35;Masculino;0;0;0;1;-23,4909;-51,423;SR-PR;DEL7/7;UOP03/PR
53634;115034;12/07/2017;quarta-feira;05:45:00;PR;369;194;ARAPONGAS;Não;Desobediência às normas de trânsito pelo condutor;1;Queda de ocupante de veículo;Com Vítimas Fatais;Amanhecer;Crescente;Céu Claro;Dupla;Reta;Sim;94489;Bicicleta;;NA;Condutor;Óbito;35;Masculino;0;0;0;1;-23,4909;-51,423;SR-PR;DEL7/7;UOP03/PR
53659;115332;12/07/2017;quarta-feira;07:15:00;MA;135;12,5;SAO LUIS;Sim;Falta de Atenção à Condução;1;Colisão com objeto em movimento;Com Vítimas Feridas;Pleno dia;Decrescente;Céu Claro;Dupla;Reta;Sim;94686;Bicicleta;;NA;Condutor;Lesões Graves;35;Masculino;0;0;1;0;-2,67675122;-44,29360048;SR-MA;DEL18/1;UOP01/MA
53659;115332;12/07/2017;quarta-feira;07:15:00;MA;135;12,5;SAO LUIS;Sim;Falta de Atenção à Condução;2;Colisão transversal;Com Vítimas Feridas;Pleno dia;Decrescente;Céu Claro;Dupla;Reta;Sim;94686;Bicicleta;;NA;Condutor;Lesões Graves;35;Masculino;0;0;1;0;-2,67675122;-44,29360048;SR-MA;DEL18/1;UOP01/MA
53666;115297;12/07/2017;quarta-feira;08:00:00;RS;471;150,2;SANTA CRUZ DO SUL;Sim;Falta de Atenção à Condução;1;Colisão traseira;Com Vítimas Feridas;Pleno dia;Crescente;Nublado;Simples;Reta;Sim;94550;Bicicleta;;NA;Condutor;Lesões Leves;58;Masculino;0;1;0;0;-29,77871321;-52,41608829;SR-RS;DEL9/2;UOP03/RS
53722;119828;12/07/2017;quarta-feira;11:01:00;MG;116;586,9;MANHUACU;Sim;Falta de Atenção à Condução;1;Colisão lateral;Com Vítimas Feridas;Pleno dia;Decrescente;Céu Claro;Simples;Reta;Sim;98270;Bicicleta;;NA;Condutor;Lesões Leves;36;Feminino;0;1;0;0;-20,2387377;-42,16084369;SR-MG;DEL4/6;UOP04/MG
53828;117244;12/07/2017;quarta-feira;19:20:00;SC;101;200;SAO JOSE;Sim;Desobediência às normas de trânsito pelo condutor;1;Colisão frontal;Sem Vítimas;Plena Noite;Crescente;Céu Claro;Dupla;Não Informado;Sim;96299;Bicicleta;;NA;Condutor;Ileso;20;Masculino;1;0;0;0;-27,54038282;-48,62287489;SR-SC;DEL8/1;UOP01/SC
53935;116205;13/07/2017;quinta-feira;08:40:00;MS;267;570;CARACOL;Sim;Falta de Atenção à Condução;1;Colisão traseira;Com Vítimas Feridas;Pleno dia;Decrescente;Céu Claro;Simples;Reta;Não;95178;Bicicleta;;NA;Testemunha;Não Informado;NA;Não Informado;0;0;0;0;-21,7315;-56,8751;SR-MS;DEL3/5;UOP01/MS
53935;115981;13/07/2017;quinta-feira;08:40:00;MS;267;570;CARACOL;Sim;Falta de Atenção à Condução;1;Colisão traseira;Com Vítimas Feridas;Pleno dia;Decrescente;Céu Claro;Simples;Reta;Não;95178;Bicicleta;;NA;Condutor;Lesões Graves;13;Masculino;0;0;1;0;-21,7315;-56,8751;SR-MS;DEL3/5;UOP01/MS
54044;116071;13/07/2017;quinta-feira;12:30:00;MG;356;268,1;MURIAE;Sim;Falta de Atenção à Condução;1;Colisão lateral;Com Vítimas Feridas;Pleno dia;Crescente;Nublado;Simples;Reta;Sim;95261;Bicicleta;MONARK/;NA;Condutor;Lesões Leves;68;Masculino;0;1;0;0;-21,12815968;-42,34610438;SR-MG;DEL4/7;UOP02/MG
54045;116094;13/07/2017;quinta-feira;18:25:00;MG;50;39;ARAGUARI;Sim;Falta de Atenção à Condução;1;Colisão lateral;Com Vítimas Feridas;Plena Noite;Decrescente;Vento;Dupla;Viaduto;Sim;95291;Bicicleta;;NA;Condutor;Lesões Leves;40;Masculino;0;1;0;0;-18,6665;-48,1739;SR-MG;DEL4/15;UOP02/MG
54084;118582;13/07/2017;quinta-feira;22:03:00;SC;282;19,4;PALHOCA;Sim;Falta de Atenção à Condução;1;Colisão transversal;Com Vítimas Feridas;Plena Noite;Decrescente;Céu Claro;Simples;Reta;Não;95358;Bicicleta;;NA;Condutor;Lesões Graves;43;Masculino;0;0;1;0;-27,68135708;-48,70607556;SR-SC;DEL8/1;UOP02/SC
54123;118110;14/07/2017;sexta-feira;06:15:00;PR;376;596,2;CURITIBA;Sim;Falta de Atenção à Condução;1;Colisão transversal;Com Vítimas Feridas;Amanhecer;Decrescente;Nevoeiro/Neblina;Dupla;Não Informado;Sim;96941;Bicicleta;;NA;Condutor;Lesões Leves;NA;Masculino;0;1;0;0;-25,50374743;-49,34123874;SR-PR;DEL7/1;UOP04/PR
54159;116430;14/07/2017;sexta-feira;07:40:00;BA;324;518,9;FEIRA DE SANTANA;Sim;Falta de Atenção à Condução;1;Colisão traseira;Com Vítimas Feridas;Pleno dia;Crescente;Chuva;Dupla;Reta;Sim;95576;Bicicleta;;NA;Condutor;Lesões Leves;35;Masculino;0;1;0;0;-12,278805;-38,927129;SR-BA;DEL10/1;UOP01/BA
54201;118817;24/06/2017;sábado;08:15:00;RO;319;61;PORTO VELHO;Sim;Falta de Atenção à Condução;1;Colisão lateral;Com Vítimas Feridas;Pleno dia;Decrescente;Céu Claro;Dupla;Reta;Sim;97481;Bicicleta;GIANT'S/;NA;Condutor;Lesões Leves;NA;Masculino;0;1;0;0;-8,74536362;-63,88865501;SR-RO;DEL21/1;UOP01/RO
54202;117586;14/07/2017;sexta-feira;13:10:00;PR;153;353,8;REBOUCAS;Não;Velocidade Incompatível;1;Atropelamento de Pedestre;Com Vítimas Feridas;Pleno dia;Decrescente;Céu Claro;Simples;Reta;Não;95954;Bicicleta;;NA;Testemunha;Não Informado;NA;Não Informado;0;0;0;0;-25,635;-50,728;SR-PR;DEL7/3;UOP04/PR
54202;117586;14/07/2017;sexta-feira;13:10:00;PR;153;353,8;REBOUCAS;Sim;Falta de Atenção do Pedestre;1;Atropelamento de Pedestre;Com Vítimas Feridas;Pleno dia;Decrescente;Céu Claro;Simples;Reta;Não;95954;Bicicleta;;NA;Testemunha;Não Informado;NA;Não Informado;0;0;0;0;-25,635;-50,728;SR-PR;DEL7/3;UOP04/PR
54202;117859;14/07/2017;sexta-feira;13:10:00;PR;153;353,8;REBOUCAS;Não;Velocidade Incompatível;1;Atropelamento de Pedestre;Com Vítimas Feridas;Pleno dia;Decrescente;Céu Claro;Simples;Reta;Não;95954;Bicicleta;;NA;Condutor;Lesões Leves;68;Masculino;0;1;0;0;-25,635;-50,728;SR-PR;DEL7/3;UOP04/PR
54202;117859;14/07/2017;sexta-feira;13:10:00;PR;153;353,8;REBOUCAS;Sim;Falta de Atenção do Pedestre;1;Atropelamento de Pedestre;Com Vítimas Feridas;Pleno dia;Decrescente;Céu Claro;Simples;Reta;Não;95954;Bicicleta;;NA;Condutor;Lesões Leves;68;Masculino;0;1;0;0;-25,635;-50,728;SR-PR;DEL7/3;UOP04/PR
54214;118970;14/07/2017;sexta-feira;14:30:00;SC;470;31;GASPAR;Sim;Falta de Atenção à Condução;1;Colisão com objeto estático;Com Vítimas Feridas;Pleno dia;Decrescente;Sol;Simples;Reta;Não;97586;Bicicleta;;NA;Condutor;Lesões Leves;NA;Masculino;0;1;0;0;-26,893532;-48,910692;SR-SC;DEL8/4;UOP01/SC
54249;118724;14/07/2017;sexta-feira;16:25:00;MG;365;590;INDIANOPOLIS;Sim;Velocidade Incompatível;1;Queda de ocupante de veículo;Com Vítimas Feridas;Pleno dia;Crescente;Céu Claro;Simples;Desvio Temporário;Não;97420;Bicicleta;;NA;Condutor;Lesões Graves;41;Masculino;0;0;1;0;-18,87315357;-48,08132172;SR-MG;DEL4/15;UOP02/MG
54253;119758;14/07/2017;sexta-feira;16:55:00;SC;101;115,2;ITAJAI;Sim;Ingestão de Álcool;1;Colisão lateral;Sem Vítimas;Pleno dia;Decrescente;Nublado;Múltipla;Reta;Sim;98205;Bicicleta;;NA;Condutor;Ileso;32;Masculino;1;0;0;0;-26,8723773;-48,72880112;SR-SC;DEL8/4;UOP04/SC
54253;119758;14/07/2017;sexta-feira;16:55:00;SC;101;115,2;ITAJAI;Não;Falta de Atenção à Condução;1;Colisão lateral;Sem Vítimas;Pleno dia;Decrescente;Nublado;Múltipla;Reta;Sim;98205;Bicicleta;;NA;Condutor;Ileso;32;Masculino;1;0;0;0;-26,8723773;-48,72880112;SR-SC;DEL8/4;UOP04/SC
54255;116815;14/07/2017;sexta-feira;17:15:00;SC;282;17,2;PALHOCA;Sim;Ultrapassagem Indevida;1;Colisão transversal;Com Vítimas Feridas;Pleno dia;Crescente;Céu Claro;Simples;Reta;Não;95888;Bicicleta;;NA;Condutor;Lesões Leves;37;Masculino;0;1;0;0;-27,66694339;-48,68909881;SR-SC;DEL8/1;UOP02/SC
54255;116815;14/07/2017;sexta-feira;17:15:00;SC;282;17,2;PALHOCA;Não;Não guardar distância de segurança;1;Colisão transversal;Com Vítimas Feridas;Pleno dia;Crescente;Céu Claro;Simples;Reta;Não;95888;Bicicleta;;NA;Condutor;Lesões Leves;37;Masculino;0;1;0;0;-27,66694339;-48,68909881;SR-SC;DEL8/1;UOP02/SC
54267;116553;14/07/2017;sexta-feira;10:00:00;RJ;101;261,9;RIO BONITO;Sim;Falta de Atenção à Condução;1;Colisão lateral;Com Vítimas Feridas;Pleno dia;Crescente;Sol;Dupla;Curva;Não;95693;Bicicleta;;NA;Condutor;Lesões Leves;116;Masculino;0;1;0;0;-22,71341141;-42,61843309;SR-RJ;DEL5/2;UOP03/RJ
54267;116556;14/07/2017;sexta-feira;10:00:00;RJ;101;261,9;RIO BONITO;Sim;Falta de Atenção à Condução;1;Colisão lateral;Com Vítimas Feridas;Pleno dia;Crescente;Sol;Dupla;Curva;Não;95693;Bicicleta;;NA;Passageiro;Lesões Leves;57;Feminino;0;1;0;0;-22,71341141;-42,61843309;SR-RJ;DEL5/2;UOP03/RJ
54268;116809;14/07/2017;sexta-feira;18:20:00;ES;101;125,5;LINHARES;Sim;Ingestão de Álcool;1;Colisão transversal;Com Vítimas Feridas;Plena Noite;Decrescente;Nublado;Múltipla;Reta;Sim;95784;Bicicleta;;NA;Condutor;Lesões Leves;43;Masculino;0;1;0;0;-19,21264635;-40,0945004;SR-ES;DEL12/4;UOP01/ES
54273;116585;14/07/2017;sexta-feira;16:40:00;RJ;465;20;NOVA IGUACU;Sim;Falta de Atenção à Condução;1;Colisão transversal;Com Vítimas Feridas;Pleno dia;Decrescente;Céu Claro;Simples;Reta;Sim;95720;Bicicleta;;NA;Condutor;Lesões Leves;68;Masculino;0;1;0;0;-22,7598;-43,4516;SR-RJ;DEL5/1;UOP03/RJ
54289;116832;14/07/2017;sexta-feira;19:00:00;GO;40;17;LUZIANIA;Sim;Falta de Atenção à Condução;1;Colisão com objeto em movimento;Com Vítimas Feridas;Plena Noite;Crescente;Céu Claro;Dupla;Não Informado;Sim;95922;Bicicleta;;NA;Condutor;Lesões Leves;18;Masculino;0;1;0;0;-16,18256558;-47,92895079;SR-DF;UOP01/DF;
54290;116631;14/07/2017;sexta-feira;17:40:00;PR;277;495,2;CASCAVEL;Sim;Falta de Atenção à Condução;1;Colisão transversal;Com Vítimas Feridas;Plena Noite;Decrescente;Céu Claro;Simples;Reta;Sim;95758;Bicicleta;;NA;Condutor;Lesões Leves;75;Masculino;0;1;0;0;-24,98340711;-53,50338846;SR-PR;DEL7/4;UOP02/PR
54435;117041;15/07/2017;sábado;08:45:00;SP;488;2,4;APARECIDA;Sim;Falta de Atenção à Condução;1;Colisão traseira;Com Vítimas Feridas;Pleno dia;Decrescente;Céu Claro;Dupla;Reta;Sim;96058;Bicicleta;;NA;Condutor;Lesões Leves;68;Masculino;0;1;0;0;-22,847425;-45,23011;SR-SP;DEL6/8;UOP02/SP
54450;116975;15/07/2017;sábado;09:30:00;MG;262;391;PARA DE MINAS;Sim;Falta de Atenção à Condução;1;Tombamento;Com Vítimas Feridas;Pleno dia;Crescente;Sol;Dupla;Reta;Não;96067;Bicicleta;;NA;Condutor;Lesões Leves;44;Masculino;0;1;0;0;-19,9029;-44,521;SR-MG;DEL4/1;UOP03/MG
54474;119153;15/07/2017;sábado;11:07:00;ES;259;104,5;BAIXO GUANDU;Sim;Falta de Atenção à Condução;1;Colisão transversal;Com Vítimas Feridas;Pleno dia;Crescente;Céu Claro;Simples;Reta;Não;96188;Bicicleta;;NA;Condutor;Lesões Graves;25;Masculino;0;0;1;0;-19,50209771;-41,0373199;SR-ES;DEL12/2;UOP01/ES
54482;117002;15/07/2017;sábado;12:25:00;PR;376;174,8;MARINGA;Sim;Falta de Atenção à Condução;1;Colisão transversal;Com Vítimas Feridas;Pleno dia;Decrescente;Céu Claro;Dupla;Não Informado;Sim;96087;Bicicleta;;NA;Condutor;Lesões Leves;27;Masculino;0;1;0;0;-23,415398;-51,95323205;SR-PR;DEL7/7;UOP04/PR
54493;117045;15/07/2017;sábado;12:30:00;MS;163;257,5;DOURADOS;Sim;Falta de Atenção à Condução;1;Colisão transversal;Com Vítimas Feridas;Pleno dia;Decrescente;Sol;Dupla;Reta;Sim;96119;Bicicleta;;NA;Condutor;Lesões Leves;51;Masculino;0;1;0;0;-22,2588549;-54,7886011;SR-MS;DEL3/4;UOP01/MS
54638;119540;15/07/2017;sábado;18:55:00;MA;10;262,9;IMPERATRIZ;Não;Ingestão de Álcool;1;Colisão frontal;Com Vítimas Fatais;Plena Noite;Crescente;Céu Claro;Simples;Reta;Sim;97188;Bicicleta;;NA;Testemunha;Não Informado;NA;Não Informado;0;0;0;0;-5,434508;-47,47269002;SR-MA;DEL18/4;UOP01/MA
54638;119540;15/07/2017;sábado;18:55:00;MA;10;262,9;IMPERATRIZ;Não;Velocidade Incompatível;1;Colisão frontal;Com Vítimas Fatais;Plena Noite;Crescente;Céu Claro;Simples;Reta;Sim;97188;Bicicleta;;NA;Testemunha;Não Informado;NA;Não Informado;0;0;0;0;-5,434508;-47,47269002;SR-MA;DEL18/4;UOP01/MA
54638;119540;15/07/2017;sábado;18:55:00;MA;10;262,9;IMPERATRIZ;Sim;Sinalização da via insuficiente ou inadequada;1;Colisão frontal;Com Vítimas Fatais;Plena Noite;Crescente;Céu Claro;Simples;Reta;Sim;97188;Bicicleta;;NA;Testemunha;Não Informado;NA;Não Informado;0;0;0;0;-5,434508;-47,47269002;SR-MA;DEL18/4;UOP01/MA
54638;119544;15/07/2017;sábado;18:55:00;MA;10;262,9;IMPERATRIZ;Não;Ingestão de Álcool;1;Colisão frontal;Com Vítimas Fatais;Plena Noite;Crescente;Céu Claro;Simples;Reta;Sim;97188;Bicicleta;;NA;Testemunha;Não Informado;NA;Não Informado;0;0;0;0;-5,434508;-47,47269002;SR-MA;DEL18/4;UOP01/MA