id;pesid;data_inversa;dia_semana;horario;uf;br;km;municipio;causa_principal;causa_acidente;ordem_tipo_acidente;tipo_acidente;classificacao_acidente;fase_dia;sentido_via;condicao_metereologica;tipo_pista;tracado_via;uso_solo;id_veiculo;tipo_veiculo;marca;ano_fabricacao_veiculo;tipo_envolvido;estado_fisico;idade;sexo;ilesos;feridos_leves;feridos_graves;mortos;latitude;longitude;regional;delegacia;uop
59264;127915;03/08/2017;quinta-feira;13:05:00;RO;319;61,5;PORTO VELHO;Não;Falta de Atenção à Condução;2;Saída de leito carroçável;Com Vítimas Feridas;Pleno dia;Decrescente;Sol;Dupla;Interseção de vias;Sim;104849;Bicicleta;;NA;Condutor;Lesões Leves;50;Masculino;0;1;0;0;-8,762345;-63,90435;SR-RO;DEL21/1;UOP01/RO
59264;127915;03/08/2017;quinta-feira;13:05:00;RO;319;61,5;PORTO VELHO;Sim;Desobediência às normas de trânsito pelo condutor;1;Queda de ocupante de veículo;Com Vítimas Feridas;Pleno dia;Decrescente;Sol;Dupla;Interseção de vias;Sim;104849;Bicicleta;;NA;Condutor;Lesões Leves;50;Masculino;0;1;0;0;-8,762345;-63,90435;SR-RO;DEL21/1;UOP01/RO
59264;127915;03/08/2017;quinta-feira;13:05:00;RO;319;61,5;PORTO VELHO;Não;Falta de Atenção à Condução;1;Queda de ocupante de veículo;Com Vítimas Feridas;Pleno dia;Decrescente;Sol;Dupla;Interseção de vias;Sim;104849;Bicicleta;;NA;Condutor;Lesões Leves;50;Masculino;0;1;0;0;-8,762345;-63,90435;SR-RO;DEL21/1;UOP01/RO
59296;127846;02/01/2017;segunda-feira;09:35:00;RS;290;719;URUGUAIANA;Sim;Falta de Atenção à Condução;1;Colisão transversal;Com Vítimas Feridas;Pleno dia;Crescente;Céu Claro;Simples;Reta;Sim;104817;Bicicleta;;NA;Condutor;Lesões Leves;63;Masculino;0;1;0;0;-29,77300124;-57,04877257;SR-RS;DEL9/13;UOP01/RS
59302;127947;03/08/2017;quinta-feira;18:20:00;ES;101;267,9;SERRA;Sim;Desobediência às normas de trânsito pelo condutor;1;Colisão transversal;Com Vítimas Feridas;Plena Noite;Decrescente;Céu Claro;Dupla;Reta;Sim;104880;Bicicleta;;NA;Condutor;Lesões Leves;39;Feminino;0;1;0;0;-20,20752992;-40,26918352;SR-ES;DEL12/2;UOP01/ES
59313;127996;03/08/2017;quinta-feira;19:15:00;ES;262;5,9;CARIACICA;Sim;Falta de Atenção à Condução;1;Colisão transversal;Com Vítimas Feridas;Plena Noite;Crescente;Céu Claro;Múltipla;Reta;Sim;104932;Bicicleta;;NA;Condutor;Não Informado;NA;Não Informado;0;0;0;0;-20,3400388;-40,39442986;SR-ES;DEL12/1;UOP01/ES
59321;130263;03/08/2017;quinta-feira;19:00:00;PB;230;26,7;JOAO PESSOA;Sim;Desobediência às normas de trânsito pelo condutor;1;Queda de ocupante de veículo;Com Vítimas Feridas;Plena Noite;Decrescente;Céu Claro;Dupla;Não Informado;Sim;104866;Bicicleta;;NA;Testemunha;Não Informado;NA;Não Informado;0;0;0;0;-7,16817922;-34,88479704;SR-PB;DEL14/1;UOP00/PB
59321;130267;03/08/2017;quinta-feira;19:00:00;PB;230;26,7;JOAO PESSOA;Sim;Desobediência às normas de trânsito pelo condutor;1;Queda de ocupante de veículo;Com Vítimas Feridas;Plena Noite;Decrescente;Céu Claro;Dupla;Não Informado;Sim;104866;Bicicleta;;NA;Testemunha;Não Informado;NA;Não Informado;0;0;0;0;-7,16817922;-34,88479704;SR-PB;DEL14/1;UOP00/PB
59321;127932;03/08/2017;quinta-feira;19:00:00;PB;230;26,7;JOAO PESSOA;Sim;Desobediência às normas de trânsito pelo condutor;1;Queda de ocupante de veículo;Com Vítimas Feridas;Plena Noite;Decrescente;Céu Claro;Dupla;Não Informado;Sim;104866;Bicicleta;;NA;Condutor;Lesões Leves;28;Feminino;0;1;0;0;-7,16817922;-34,88479704;SR-PB;DEL14/1;UOP00/PB
59377;128706;04/08/2017;sexta-feira;02:20:00;PR;467;73;TOLEDO;Sim;Deficiência ou não Acionamento do Sistema de Iluminação/Sinalização do Veículo;1;Colisão traseira;Com Vítimas Feridas;Plena Noite;Crescente;Nublado;Dupla;Reta;Não;104957;Bicicleta;;NA;Condutor;Lesões Leves;52;Masculino;0;1;0;0;-24,7322;-53,7;SR-PR;DEL7/4;UOP06/PR
59501;128561;04/08/2017;sexta-feira;14:25:00;SC;282;16;PALHOCA;Sim;Desobediência às normas de trânsito pelo condutor;1;Colisão transversal;Com Vítimas Feridas;Pleno dia;Decrescente;Nublado;Simples;Reta;Sim;105414;Bicicleta;;NA;Testemunha;Não Informado;NA;Não Informado;0;0;0;0;-27,6594;-48,6826;SR-SC;DEL8/1;UOP02/SC
59501;128573;04/08/2017;sexta-feira;14:25:00;SC;282;16;PALHOCA;Sim;Desobediência às normas de trânsito pelo condutor;1;Colisão transversal;Com Vítimas Feridas;Pleno dia;Decrescente;Nublado;Simples;Reta;Sim;105414;Bicicleta;;NA;Condutor;Lesões Graves;36;Masculino;0;0;1;0;-27,6594;-48,6826;SR-SC;DEL8/1;UOP02/SC
59559;128619;04/08/2017;sexta-feira;18:00:00;SC;101;196;BIGUACU;Sim;Falta de Atenção à Condução;1;Colisão transversal;Com Vítimas Feridas;Plena Noite;Decrescente;Céu Claro;Dupla;Reta;Sim;105350;Bicicleta;;NA;Passageiro;Lesões Leves;10;Feminino;0;1;0;0;-27,50750633;-48,64663696;SR-SC;DEL8/1;UOP01/SC
59559;128618;04/08/2017;sexta-feira;18:00:00;SC;101;196;BIGUACU;Sim;Falta de Atenção à Condução;1;Colisão transversal;Com Vítimas Feridas;Plena Noite;Decrescente;Céu Claro;Dupla;Reta;Sim;105350;Bicicleta;;NA;Condutor;Lesões Leves;18;Feminino;0;1;0;0;-27,50750633;-48,64663696;SR-SC;DEL8/1;UOP01/SC
59594;128490;04/08/2017;sexta-feira;19:50:00;MG;116;423;ALPERCATA;Sim;Ultrapassagem Indevida;1;Colisão traseira;Com Vítimas Feridas;Plena Noite;Crescente;Nublado;Simples;Reta;Não;105352;Bicicleta;;NA;Condutor;Lesões Leves;14;Masculino;0;1;0;0;-18,9465974;-41,95046544;SR-MG;DEL4/6;UOP01/MG
59634;128654;04/08/2017;sexta-feira;23:30:00;PR;376;164,4;MARINGA;Sim;Ingestão de Álcool;1;Colisão transversal;Com Vítimas Feridas;Plena Noite;Crescente;Ignorado;Dupla;Reta;Não;105504;Bicicleta;;NA;Condutor;Lesões Leves;28;Masculino;0;1;0;0;-23,37352665;-52,05418807;SR-PR;DEL7/7;UOP04/PR
59757;133358;05/08/2017;sábado;13:30:00;CE;116;8;FORTALEZA;Sim;Ingestão de Álcool;1;Colisão transversal;Com Vítimas Feridas;Pleno dia;Crescente;Céu Claro;Múltipla;Reta;Sim;109406;Bicicleta;;NA;Condutor;Lesões Graves;NA;Masculino;0;0;1;0;-3,821;-38,5031;SR-CE;DEL16/1;UOP02/CE
59769;128834;05/08/2017;sábado;13:40:00;MG;40;559,6;NOVA LIMA;Sim;Objeto estático sobre o leito carroçável;1;Queda de ocupante de veículo;Com Vítimas Feridas;Pleno dia;Crescente;Céu Claro;Múltipla;Reta;Não;105700;Bicicleta;;NA;Testemunha;Não Informado;NA;Não Informado;0;0;0;0;-20,12537498;-43,96631956;SR-MG;DEL4/1;UOP02/MG
59769;128832;05/08/2017;sábado;13:40:00;MG;40;559,6;NOVA LIMA;Sim;Objeto estático sobre o leito carroçável;1;Queda de ocupante de veículo;Com Vítimas Feridas;Pleno dia;Crescente;Céu Claro;Múltipla;Reta;Não;105700;Bicicleta;;NA;Condutor;Lesões Leves;31;Masculino;0;1;0;0;-20,12537498;-43,96631956;SR-MG;DEL4/1;UOP02/MG
59794;129127;05/08/2017;sábado;15:50:00;SP;101;47,2;UBATUBA;Sim;Ingestão de Álcool;1;Colisão transversal;Com Vítimas Feridas;Pleno dia;Decrescente;Céu Claro;Simples;Curva;Sim;105942;Bicicleta;;NA;Condutor;Lesões Leves;24;Feminino;0;1;0;0;-23,43368741;-45,08549541;SR-SP;DEL6/7;UOP01/SP
59794;129127;05/08/2017;sábado;15:50:00;SP;101;47,2;UBATUBA;Não;Falta de Atenção à Condução;1;Colisão transversal;Com Vítimas Feridas;Pleno dia;Decrescente;Céu Claro;Simples;Curva;Sim;105942;Bicicleta;;NA;Condutor;Lesões Leves;24;Feminino;0;1;0;0;-23,43368741;-45,08549541;SR-SP;DEL6/7;UOP01/SP
59828;129065;05/08/2017;sábado;17:10:00;SE;101;139;ESTANCIA;Sim;Ingestão de Álcool;1;Queda de ocupante de veículo;Com Vítimas Feridas;Plena Noite;Decrescente;Céu Claro;Dupla;Reta;Não;105872;Bicicleta;;NA;Condutor;Lesões Leves;65;Masculino;0;1;0;0;-11,17132353;-37,39703447;SR-SE;DEL20/2;UOP01/SE
59837;129090;05/08/2017;sábado;17:50:00;SC;101;117,9;ITAJAI;Sim;Falta de Atenção à Condução;1;Colisão transversal;Com Vítimas Feridas;Anoitecer;Crescente;Nublado;Múltipla;Reta;Sim;105850;Bicicleta;;NA;Condutor;Lesões Leves;28;Feminino;0;1;0;0;-26,89549134;-48,71935844;SR-SC;DEL8/4;UOP04/SC
59837;129090;05/08/2017;sábado;17:50:00;SC;101;117,9;ITAJAI;Não;Desobediência às normas de trânsito pelo condutor;1;Colisão transversal;Com Vítimas Feridas;Anoitecer;Crescente;Nublado;Múltipla;Reta;Sim;105850;Bicicleta;;NA;Condutor;Lesões Leves;28;Feminino;0;1;0;0;-26,89549134;-48,71935844;SR-SC;DEL8/4;UOP04/SC
59837;129090;05/08/2017;sábado;17:50:00;SC;101;117,9;ITAJAI;Não;Restrição de Visibilidade;1;Colisão transversal;Com Vítimas Feridas;Anoitecer;Crescente;Nublado;Múltipla;Reta;Sim;105850;Bicicleta;;NA;Condutor;Lesões Leves;28;Feminino;0;1;0;0;-26,89549134;-48,71935844;SR-SC;DEL8/4;UOP04/SC
59863;129040;05/08/2017;sábado;19:00:00;PR;277;4;PARANAGUA;Sim;Falta de Atenção à Condução;1;Colisão transversal;Com Vítimas Feridas;Plena Noite;Crescente;Nublado;Dupla;Interseção de vias;Sim;105855;Bicicleta;MONARK/;NA;Condutor;Lesões Leves;54;Masculino;0;1;0;0;-25,53695263;-48,53136957;SR-PR;DEL7/1;UOP07/PR
59870;130796;05/08/2017;sábado;19:00:00;MG;381;457;BELO HORIZONTE;Sim;Desobediência às normas de trânsito pelo condutor;1;Colisão transversal;Com Vítimas Feridas;Plena Noite;Decrescente;Céu Claro;Simples;Curva;Não;107279;Bicicleta;;NA;Testemunha;Não Informado;NA;Não Informado;0;0;0;0;-19,8531;-43,8895;SR-MG;DEL4/1;UOP01/MG
59870;130797;05/08/2017;sábado;19:00:00;MG;381;457;BELO HORIZONTE;Sim;Desobediência às normas de trânsito pelo condutor;1;Colisão transversal;Com Vítimas Feridas;Plena Noite;Decrescente;Céu Claro;Simples;Curva;Não;107279;Bicicleta;;NA;Testemunha;Não Informado;NA;Não Informado;0;0;0;0;-19,8531;-43,8895;SR-MG;DEL4/1;UOP01/MG
59870;130793;05/08/2017;sábado;19:00:00;MG;381;457;BELO HORIZONTE;Sim;Desobediência às normas de trânsito pelo condutor;1;Colisão transversal;Com Vítimas Feridas;Plena Noite;Decrescente;Céu Claro;Simples;Curva;Não;107279;Bicicleta;;NA;Condutor;Lesões Leves;35;Masculino;0;1;0;0;-19,8531;-43,8895;SR-MG;DEL4/1;UOP01/MG
60021;129336;06/08/2017;domingo;11:30:00;RN;304;32;MOSSORO;Sim;Ingestão de Álcool;1;Colisão com objeto em movimento;Com Vítimas Feridas;Pleno dia;Crescente;Céu Claro;Dupla;Curva;Sim;106114;Bicicleta;;NA;Condutor;Lesões Graves;NA;Masculino;0;0;1;0;-5,1386;-37,3457;SR-RN;DEL15/4;UOP02/RN
60036;129374;06/08/2017;domingo;13:50:00;PR;277;74;SAO JOSE DOS PINHAIS;Sim;Falta de Atenção à Condução;2;Queda de ocupante de veículo;Com Vítimas Feridas;Pleno dia;Crescente;Céu Claro;Dupla;Viaduto;Sim;106132;Bicicleta;;NA;Condutor;Lesões Leves;54;Masculino;0;1;0;0;-25,49627708;-49,16244507;SR-PR;DEL7/1;UOP01/PR
60036;129374;06/08/2017;domingo;13:50:00;PR;277;74;SAO JOSE DOS PINHAIS;Sim;Falta de Atenção à Condução;1;Colisão lateral;Com Vítimas Feridas;Pleno dia;Crescente;Céu Claro;Dupla;Viaduto;Sim;106132;Bicicleta;;NA;Condutor;Lesões Leves;54;Masculino;0;1;0;0;-25,49627708;-49,16244507;SR-PR;DEL7/1;UOP01/PR
60077;129466;06/08/2017;domingo;16:00:00;BA;116;709;MANOEL VITORINO;Sim;Falta de Atenção à Condução;1;Colisão transversal;Com Vítimas Feridas;Pleno dia;Decrescente;Céu Claro;Simples;Reta;Sim;106174;Bicicleta;;NA;Condutor;Lesões Leves;66;Masculino;0;1;0;0;-14,143686;-40,241829;SR-BA;DEL10/3;UOP01/BA
60105;129562;06/08/2017;domingo;19:00:00;SC;282;221;LAGES;Sim;Falta de Atenção à Condução;1;Colisão traseira;Com Vítimas Fatais;Plena Noite;Crescente;Céu Claro;Simples;Reta;Sim;106268;Bicicleta;;NA;Condutor;Óbito;48;Masculino;0;0;0;1;-27,7928622;-50,3337084;SR-SC;DEL8/5;UOP01/SC
60125;129651;06/08/2017;domingo;19:30:00;AL;316;253;PILAR;Sim;Falta de Atenção à Condução;1;Colisão traseira;Com Vítimas Fatais;Plena Noite;Decrescente;Garoa/Chuvisco;Simples;Reta;Não;106360;Bicicleta;;NA;Condutor;Óbito;33;Masculino;0;0;0;1;-9,57375;-35,964792;SR-AL;DEL13/2;UOP01/AL
60205;132667;06/08/2017;domingo;16:30:00;BA;116;709;MANOEL VITORINO;Sim;Falta de Atenção à Condução;1;Colisão transversal;Com Vítimas Feridas;Pleno dia;Crescente;Céu Claro;Simples;Reta;Não;107011;Bicicleta;;NA;Condutor;Lesões Leves;66;Masculino;0;1;0;0;-14,1415;-40,2407;SR-BA;DEL10/3;UOP01/BA
60276;129905;07/08/2017;segunda-feira;12:10:00;PE;232;9,8;JABOATAO DOS GUARARAPES;Sim;Falta de Atenção à Condução;1;Colisão transversal;Com Vítimas Feridas;Pleno dia;Decrescente;Sol;Dupla;Desvio Temporário;Sim;106544;Bicicleta;;NA;Condutor;Lesões Leves;19;Masculino;0;1;0;0;-8,078251;-34,980742;SR-PE;DEL11/1;UOP01/PE
60345;131950;07/08/2017;segunda-feira;18:40:00;CE;116;16;FORTALEZA;Sim;Ingestão de Álcool;1;Colisão transversal;Com Vítimas Feridas;Plena Noite;Crescente;Céu Claro;Dupla;Reta;Sim;108196;Bicicleta;;NA;Condutor;Lesões Graves;62;Masculino;0;0;1;0;-3,8950112;-38,5029973;SR-CE;DEL16/1;UOP02/CE
60381;130218;07/08/2017;segunda-feira;19:10:00;RO;364;709;PORTO VELHO;Sim;Falta de Atenção à Condução;1;Colisão traseira;Com Vítimas Feridas;Plena Noite;Decrescente;Céu Claro;Dupla;Reta;Sim;106795;Bicicleta;;NA;Condutor;Lesões Leves;32;Masculino;0;1;0;0;-8,79306196;-63,84581745;SR-RO;DEL21/1;UOP01/RO
60438;132051;08/08/2017;terça-feira;06:55:00;RO;364;197;PIMENTA BUENO;Sim;Falta de Atenção à Condução;3;Saída de leito carroçável;Com Vítimas Feridas;Pleno dia;Crescente;Céu Claro;Simples;Reta;Sim;108266;Bicicleta;;NA;Condutor;Lesões Leves;7;Masculino;0;1;0;0;-11,67925484;-61,1877408;SR-RO;DEL21/2;UOP02/RO
60438;132051;08/08/2017;terça-feira;06:55:00;RO;364;197;PIMENTA BUENO;Sim;Falta de Atenção à Condução;2;Capotamento;Com Vítimas Feridas;Pleno dia;Crescente;Céu Claro;Simples;Reta;Sim;108266;Bicicleta;;NA;Condutor;Lesões Leves;7;Masculino;0;1;0;0;-11,67925484;-61,1877408;SR-RO;DEL21/2;UOP02/RO
60438;132051;08/08/2017;terça-feira;06:55:00;RO;364;197;PIMENTA BUENO;Sim;Falta de Atenção à Condução;1;Colisão transversal;Com Vítimas Feridas;Pleno dia;Crescente;Céu Claro;Simples;Reta;Sim;108266;Bicicleta;;NA;Condutor;Lesões Leves;7;Masculino;0;1;0;0;-11,67925484;-61,1877408;SR-RO;DEL21/2;UOP02/RO
60451;130432;08/08/2017;terça-feira;08:30:00;CE;116;59,8;CHOROZINHO;Sim;Desobediência às normas de trânsito pelo condutor;2;Saída de leito carroçável;Com Vítimas Feridas;Pleno dia;Decrescente;Céu Claro;Simples;Não Informado;Não;106967;Bicicleta;MONARK/;NA;Condutor;Lesões Leves;63;Masculino;0;1;0;0;-4,248866;-38,48447;SR-CE;DEL16/3;UOP02/CE
60451;130432;08/08/2017;terça-feira;08:30:00;CE;116;59,8;CHOROZINHO;Sim;Desobediência às normas de trânsito pelo condutor;1;Colisão traseira;Com Vítimas Feridas;Pleno dia;Decrescente;Céu Claro;Simples;Não Informado;Não;106967;Bicicleta;MONARK/;NA;Condutor;Lesões Leves;63;Masculino;0;1;0;0;-4,248866;-38,48447;SR-CE;DEL16/3;UOP02/CE
60465;130390;08/08/2017;terça-feira;07:45:00;BA;101;717,9;EUNAPOLIS;Sim;Falta de Atenção à Condução;1;Colisão lateral;Com Vítimas Feridas;Pleno dia;Crescente;Céu Claro;Simples;Interseção de vias;Sim;106925;Bicicleta;;NA;Condutor;Lesões Leves;NA;Masculino;0;1;0;0;-16,37162632;-39,58118996;SR-BA;DEL10/9;UOP01/BA
60466;134735;08/08/2017;terça-feira;06:10:00;PI;343;344,5;TERESINA;Sim;Desobediência às normas de trânsito pelo condutor;1;Colisão lateral;Com Vítimas Fatais;Pleno dia;Crescente;Céu Claro;Simples;Reta;Sim;108234;Bicicleta;MONARK/;NA;Condutor;Lesões Leves;36;Masculino;0;1;0;0;-5,0968602;-42,76383732;SR-PI;DEL17/1;UOP01/PI
60496;132691;08/08/2017;terça-feira;11:30:00;SC;280;74;JARAGUA DO SUL;Sim;Falta de Atenção à Condução;1;Colisão frontal;Com Vítimas Feridas;Pleno dia;Decrescente;Céu Claro;Simples;Reta;Sim;108838;Bicicleta;;NA;Condutor;Lesões Graves;45;Feminino;0;0;1;0;-26,4586;-49,1725;SR-SC;DEL8/3;UOP03/SC
60498;130533;08/08/2017;terça-feira;12:10:00;GO;40;12,8;LUZIANIA;Sim;Falta de Atenção à Condução;1;Colisão transversal;Com Vítimas Fatais;Pleno dia;Crescente;Céu Claro;Dupla;Reta;Sim;107032;Bicicleta;;NA;Condutor;Óbito;76;Masculino;0;0;0;1;-16,15094602;-47,94006586;SR-DF;UOP01/DF;
60577;135434;08/08/2017;terça-feira;18:30:00;PR;NA;NA;CASCAVEL;Sim;Falta de Atenção à Condução;1;Colisão transversal;Sem Vítimas;Anoitecer;Não Informado;Céu Claro;Simples;Reta;Sim;107217;Bicicleta;;NA;Condutor;Ileso;40;Masculino;1;0;0;0;-24,98588298;-53,46724033;SR-PR;DEL7/4;UOP01/PR
60590;130708;08/08/2017;terça-feira;17:05:00;AC;364;123;RIO BRANCO;Sim;Falta de Atenção à Condução;1;Colisão transversal;Com Vítimas Feridas;Anoitecer;Crescente;Céu Claro;Dupla;Reta;Sim;107188;Bicicleta;;NA;Testemunha;Não Informado;NA;Não Informado;0;0;0;0;-10,0117;-67,7817;SR-AC;UOP01/AC;
60590;130706;08/08/2017;terça-feira;17:05:00;AC;364;123;RIO BRANCO;Sim;Falta de Atenção à Condução;1;Colisão transversal;Com Vítimas Feridas;Anoitecer;Crescente;Céu Claro;Dupla;Reta;Sim;107188;Bicicleta;;NA;Condutor;Lesões Leves;21;Feminino;0;1;0;0;-10,0117;-67,7817;SR-AC;UOP01/AC;
60764;131118;09/08/2017;quarta-feira;15:45:00;PE;232;87,6;GRAVATA;Sim;Ingestão de Álcool;1;Queda de ocupante de veículo;Com Vítimas Feridas;Pleno dia;Crescente;Céu Claro;Simples;Reta;Não;107456;Bicicleta;;NA;Condutor;Lesões Leves;40;Masculino;0;1;0;0;-8,21495974;-35,6364178;SR-PE;DEL11/1;UOP04/PE
60819;131232;09/08/2017;quarta-feira;19:50:00;GO;50;274,7;CATALAO;Sim;Defeito Mecânico no Veículo;1;Queda de ocupante de veículo;Com Vítimas Feridas;Plena Noite;Crescente;Céu Claro;Simples;Reta;Sim;107538;Bicicleta;;NA;Condutor;Lesões Leves;35;Masculino;0;1;0;0;-18,14556629;-47,90666955;SR-GO;DEL1/6;UOP01/GO
61022;131863;10/08/2017;quinta-feira;18:40:00;GO;40;27,4;LUZIANIA;Sim;Falta de Atenção à Condução;1;Colisão transversal;Com Vítimas Feridas;Anoitecer;Decrescente;Céu Claro;Simples;Interseção de vias;Não;108064;Bicicleta;MONARK/;NA;Condutor;Lesões Leves;32;Masculino;0;1;0;0;-16,26846463;-47,8830421;SR-DF;UOP01/DF;
61030;134047;10/08/2017;quinta-feira;19:10:00;PE;423;62,3;LAJEDO;Sim;Ingestão de Álcool;1;Colisão com objeto em movimento;Com Vítimas Feridas;Plena Noite;Decrescente;Céu Claro;Simples;Reta;Não;108015;Bicicleta;;NA;Condutor;Lesões Graves;NA;Masculino;0;0;1;0;-8,66140568;-36,34256959;SR-PE;DEL11/3;UOP01/PE
61048;131812;10/08/2017;quinta-feira;20:40:00;SP;116;222,8;GUARULHOS;Sim;Ingestão de Álcool;1;Colisão lateral;Com Vítimas Feridas;Plena Noite;Decrescente;Nublado;Múltipla;Reta;Sim;108017;Bicicleta;;NA;Condutor;Lesões Leves;33;Masculino;0;1;0;0;-23,474;-46,522;SR-SP;DEL6/1;UOP01/SP
61267;134045;11/08/2017;sexta-feira;18:00:00;MG;116;279;TEOFILO OTONI;Sim;Falta de Atenção à Condução;1;Colisão traseira;Com Vítimas Feridas;Anoitecer;Decrescente;Nublado;Simples;Reta;Sim;109986;Bicicleta;;NA;Passageiro;Lesões Leves;8;Masculino;0;1;0;0;-17,8752;-41,5206;SR-MG;DEL4/11;UOP01/MG
61267;134044;11/08/2017;sexta-feira;18:00:00;MG;116;279;TEOFILO OTONI;Sim;Falta de Atenção à Condução;1;Colisão traseira;Com Vítimas Feridas;Anoitecer;Decrescente;Nublado;Simples;Reta;Sim;109986;Bicicleta;;NA;Condutor;Lesões Graves;48;Masculino;0;0;1;0;-17,8752;-41,5206;SR-MG;DEL4/11;UOP01/MG
61272;132387;11/08/2017;sexta-feira;16:45:00;BA;101;717,5;EUNAPOLIS;Sim;Não guardar distância de segurança;2;Queda de ocupante de veículo;Com Vítimas Feridas;Pleno dia;Decrescente;Céu Claro;Simples;Reta;Sim;108448;Bicicleta;;NA;Condutor;Lesões Leves;25;Feminino;0;1;0;0;-16,36814783;-39,58114998;SR-BA;DEL10/9;UOP01/BA
61272;132387;11/08/2017;sexta-feira;16:45:00;BA;101;717,5;EUNAPOLIS;Não;Falta de Atenção à Condução;2;Queda de ocupante de veículo;Com Vítimas Feridas;Pleno dia;Decrescente;Céu Claro;Simples;Reta;Sim;108448;Bicicleta;;NA;Condutor;Lesões Leves;25;Feminino;0;1;0;0;-16,36814783;-39,58114998;SR-BA;DEL10/9;UOP01/BA
61272;132387;11/08/2017;sexta-feira;16:45:00;BA;101;717,5;EUNAPOLIS;Sim;Não guardar distância de segurança;1;Colisão lateral;Com Vítimas Feridas;Pleno dia;Decrescente;Céu Claro;Simples;Reta;Sim;108448;Bicicleta;;NA;Condutor;Lesões Leves;25;Feminino;0;1;0;0;-16,36814783;-39,58114998;SR-BA;DEL10/9;UOP01/BA
61272;132387;11/08/2017;sexta-feira;16:45:00;BA;101;717,5;EUNAPOLIS;Não;Falta de Atenção à Condução;1;Colisão lateral;Com Vítimas Feridas;Pleno dia;Decrescente;Céu Claro;Simples;Reta;Sim;108448;Bicicleta;;NA;Condutor;Lesões Leves;25;Feminino;0;1;0;0;-16,36814783;-39,58114998;SR-BA;DEL10/9;UOP01/BA
61281;132314;11/08/2017;sexta-feira;17:50:00;RJ;101;484;ANGRA DOS REIS;Sim;Falta de Atenção à Condução;1;Colisão transversal;Com Vítimas Feridas;Plena Noite;Crescente;Nublado;Simples;Curva;Não;108487;Bicicleta;;NA;Condutor;Lesões Leves;52;Masculino;0;1;0;0;-22,99342954;-44,30410624;SR-RJ;DEL5/3;UOP02/RJ
61316;132509;11/08/2017;sexta-feira;20:00:00;RN;226;174,8;CURRAIS NOVOS;Sim;Falta de Atenção à Condução;1;Danos eventuais;Com Vítimas Feridas;Plena Noite;Crescente;Céu Claro;Simples;Reta;Não;108658;Bicicleta;;NA;Condutor;Lesões Leves;34;Masculino;0;1;0;0;-6,25746185;-36,51061565;SR-RN;DEL15/3;UOP02/RN
61320;132506;11/08/2017;sexta-feira;18:30:00;SC;280;29,5;ARAQUARI;Sim;Falta de Atenção à Condução;1;Colisão transversal;Com Vítimas Feridas;Plena Noite;Decrescente;Garoa/Chuvisco;Simples;Reta;Não;108672;Bicicleta;;NA;Condutor;Não Informado;NA;Não Informado;0;0;0;0;-26,41337804;-48,75840902;SR-SC;DEL8/3;UOP03/SC
61406;132517;12/08/2017;sábado;02:30:00;RJ;356;168,2;SAO JOAO DA BARRA;Sim;Ingestão de Álcool;1;Colisão traseira;Com Vítimas Fatais;Plena Noite;Crescente;Céu Claro;Simples;Curva;Não;108695;Bicicleta;;NA;Condutor;Óbito;81;Masculino;0;0;0;1;-21,7180179;-41,1083705;SR-RJ;DEL5/8;UOP02/RJ
61406;132517;12/08/2017;sábado;02:30:00;RJ;356;168,2;SAO JOAO DA BARRA;Não;Sinalização da via insuficiente ou inadequada;1;Colisão traseira;Com Vítimas Fatais;Plena Noite;Crescente;Céu Claro;Simples;Curva;Não;108695;Bicicleta;;NA;Condutor;Óbito;81;Masculino;0;0;0;1;-21,7180179;-41,1083705;SR-RJ;DEL5/8;UOP02/RJ
61406;132517;12/08/2017;sábado;02:30:00;RJ;356;168,2;SAO JOAO DA BARRA;Não;Deficiência ou não Acionamento do Sistema de Iluminação/Sinalização do Veículo;1;Colisão traseira;Com Vítimas Fatais;Plena Noite;Crescente;Céu Claro;Simples;Curva;Não;108695;Bicicleta;;NA;Condutor;Óbito;81;Masculino;0;0;0;1;-21,7180179;-41,1083705;SR-RJ;DEL5/8;UOP02/RJ
61406;132517;12/08/2017;sábado;02:30:00;RJ;356;168,2;SAO JOAO DA BARRA;Não;Não guardar distância de segurança;1;Colisão traseira;Com Vítimas Fatais;Plena Noite;Crescente;Céu Claro;Simples;Curva;Não;108695;Bicicleta;;NA;Condutor;Óbito;81;Masculino;0;0;0;1;-21,7180179;-41,1083705;SR-RJ;DEL5/8;UOP02/RJ
61406;132550;12/08/2017;sábado;02:30:00;RJ;356;168,2;SAO JOAO DA BARRA;Sim;Ingestão de Álcool;1;Colisão traseira;Com Vítimas Fatais;Plena Noite;Crescente;Céu Claro;Simples;Curva;Não;108697;Bicicleta;;NA;Condutor;Lesões Leves;61;Masculino;0;1;0;0;-21,7180179;-41,1083705;SR-RJ;DEL5/8;UOP02/RJ