id;pesid;data_inversa;dia_semana;horario;uf;br;km;municipio;causa_principal;causa_acidente;ordem_tipo_acidente;tipo_acidente;classificacao_acidente;fase_dia;sentido_via;condicao_metereologica;tipo_pista;tracado_via;uso_solo;id_veiculo;tipo_veiculo;marca;ano_fabricacao_veiculo;tipo_envolvido;estado_fisico;idade;sexo;ilesos;feridos_leves;feridos_graves;mortos;latitude;longitude;regional;delegacia;uop
61406;132550;12/08/2017;sábado;02:30:00;RJ;356;168,2;SAO JOAO DA BARRA;Não;Sinalização da via insuficiente ou inadequada;1;Colisão traseira;Com Vítimas Fatais;Plena Noite;Crescente;Céu Claro;Simples;Curva;Não;108697;Bicicleta;;NA;Condutor;Lesões Leves;61;Masculino;0;1;0;0;-21,7180179;-41,1083705;SR-RJ;DEL5/8;UOP02/RJ
61406;132550;12/08/2017;sábado;02:30:00;RJ;356;168,2;SAO JOAO DA BARRA;Não;Deficiência ou não Acionamento do Sistema de Iluminação/Sinalização do Veículo;1;Colisão traseira;Com Vítimas Fatais;Plena Noite;Crescente;Céu Claro;Simples;Curva;Não;108697;Bicicleta;;NA;Condutor;Lesões Leves;61;Masculino;0;1;0;0;-21,7180179;-41,1083705;SR-RJ;DEL5/8;UOP02/RJ
61406;132550;12/08/2017;sábado;02:30:00;RJ;356;168,2;SAO JOAO DA BARRA;Não;Não guardar distância de segurança;1;Colisão traseira;Com Vítimas Fatais;Plena Noite;Crescente;Céu Claro;Simples;Curva;Não;108697;Bicicleta;;NA;Condutor;Lesões Leves;61;Masculino;0;1;0;0;-21,7180179;-41,1083705;SR-RJ;DEL5/8;UOP02/RJ
61512;132869;12/08/2017;sábado;14:10:00;SC;280;0,9;SAO FRANCISCO DO SUL;Sim;Carga excessiva e/ou mal acondicionada;2;Queda de ocupante de veículo;Com Vítimas Feridas;Pleno dia;Decrescente;Nublado;Simples;Curva;Não;108929;Bicicleta;;NA;Condutor;Lesões Leves;62;Masculino;0;1;0;0;-26,2360824;-48,62922996;SR-SC;DEL8/3;UOP03/SC
61512;132869;12/08/2017;sábado;14:10:00;SC;280;0,9;SAO FRANCISCO DO SUL;Não;Velocidade Incompatível;2;Queda de ocupante de veículo;Com Vítimas Feridas;Pleno dia;Decrescente;Nublado;Simples;Curva;Não;108929;Bicicleta;;NA;Condutor;Lesões Leves;62;Masculino;0;1;0;0;-26,2360824;-48,62922996;SR-SC;DEL8/3;UOP03/SC
61512;132869;12/08/2017;sábado;14:10:00;SC;280;0,9;SAO FRANCISCO DO SUL;Sim;Carga excessiva e/ou mal acondicionada;1;Derramamento de carga;Com Vítimas Feridas;Pleno dia;Decrescente;Nublado;Simples;Curva;Não;108929;Bicicleta;;NA;Condutor;Lesões Leves;62;Masculino;0;1;0;0;-26,2360824;-48,62922996;SR-SC;DEL8/3;UOP03/SC
61512;132869;12/08/2017;sábado;14:10:00;SC;280;0,9;SAO FRANCISCO DO SUL;Não;Velocidade Incompatível;1;Derramamento de carga;Com Vítimas Feridas;Pleno dia;Decrescente;Nublado;Simples;Curva;Não;108929;Bicicleta;;NA;Condutor;Lesões Leves;62;Masculino;0;1;0;0;-26,2360824;-48,62922996;SR-SC;DEL8/3;UOP03/SC
61599;132879;12/08/2017;sábado;19:30:00;PR;277;0,2;PARANAGUA;Sim;Falta de Atenção à Condução;2;Queda de ocupante de veículo;Com Vítimas Feridas;Plena Noite;Crescente;Céu Claro;Simples;Reta;Sim;108971;Bicicleta;;NA;Condutor;Lesões Leves;67;Masculino;0;1;0;0;-25,52245006;-48,54704708;SR-PR;DEL7/1;UOP07/PR
61599;132879;12/08/2017;sábado;19:30:00;PR;277;0,2;PARANAGUA;Sim;Falta de Atenção à Condução;1;Colisão traseira;Com Vítimas Feridas;Plena Noite;Crescente;Céu Claro;Simples;Reta;Sim;108971;Bicicleta;;NA;Condutor;Lesões Leves;67;Masculino;0;1;0;0;-25,52245006;-48,54704708;SR-PR;DEL7/1;UOP07/PR
61599;132922;12/08/2017;sábado;19:30:00;PR;277;0,2;PARANAGUA;Sim;Falta de Atenção à Condução;2;Queda de ocupante de veículo;Com Vítimas Feridas;Plena Noite;Crescente;Céu Claro;Simples;Reta;Sim;108971;Bicicleta;;NA;Testemunha;Não Informado;NA;Não Informado;0;0;0;0;-25,52245006;-48,54704708;SR-PR;DEL7/1;UOP07/PR
61599;132922;12/08/2017;sábado;19:30:00;PR;277;0,2;PARANAGUA;Sim;Falta de Atenção à Condução;1;Colisão traseira;Com Vítimas Feridas;Plena Noite;Crescente;Céu Claro;Simples;Reta;Sim;108971;Bicicleta;;NA;Testemunha;Não Informado;NA;Não Informado;0;0;0;0;-25,52245006;-48,54704708;SR-PR;DEL7/1;UOP07/PR
61604;135713;12/08/2017;sábado;18:20:00;MT;163;822;SINOP;Sim;Falta de Atenção à Condução;1;Queda de ocupante de veículo;Com Vítimas Feridas;Anoitecer;Crescente;Céu Claro;Simples;Reta;Sim;111286;Bicicleta;;NA;Condutor;Ileso;NA;Masculino;1;0;0;0;-11,9813;-55,517;SR-MT;DEL2/6;UOP01/MT
61604;135660;12/08/2017;sábado;18:20:00;MT;163;822;SINOP;Sim;Falta de Atenção à Condução;1;Queda de ocupante de veículo;Com Vítimas Feridas;Anoitecer;Crescente;Céu Claro;Simples;Reta;Sim;111281;Bicicleta;MONARK/;NA;Condutor;Lesões Graves;52;Masculino;0;0;1;0;-11,9813;-55,517;SR-MT;DEL2/6;UOP01/MT
61651;133004;12/08/2017;sábado;23:00:00;SP;101;46,8;UBATUBA;Sim;Falta de Atenção à Condução;1;Colisão transversal;Com Vítimas Feridas;Plena Noite;Crescente;Céu Claro;Simples;Reta;Não;109040;Bicicleta;;NA;Condutor;Lesões Leves;39;Masculino;0;1;0;0;-23,43104831;-45,08333623;SR-SP;DEL6/7;UOP01/SP
61679;135061;12/08/2017;sábado;23:50:00;MS;163;256;DOURADOS;Sim;Falta de Atenção à Condução;1;Colisão frontal;Com Vítimas Feridas;Plena Noite;Crescente;Céu Claro;Dupla;Reta;Não;109104;Bicicleta;;NA;Condutor;Lesões Leves;76;Masculino;0;1;0;0;-22,25853716;-54,79424983;SR-MS;DEL3/4;UOP01/MS
61860;133377;13/08/2017;domingo;16:45:00;PB;101;89;JOAO PESSOA;Sim;Falta de Atenção à Condução;1;Colisão com objeto em movimento;Com Vítimas Feridas;Pleno dia;Crescente;Céu Claro;Dupla;Curva;Sim;109413;Bicicleta;;NA;Condutor;Lesões Graves;38;Masculino;0;0;1;0;-7,16630038;-34,89807934;SR-PB;DEL14/1;UOP01/PB
61887;134024;13/08/2017;domingo;18:25:00;PR;277;4,7;PARANAGUA;Sim;Falta de Atenção à Condução;1;Colisão lateral;Com Vítimas Feridas;Plena Noite;Crescente;Garoa/Chuvisco;Simples;Curva;Sim;109618;Bicicleta;CALOI/MONDO;2000;Condutor;Lesões Leves;50;Masculino;0;1;0;0;-25,55537845;-48,56374651;SR-PR;DEL7/1;UOP07/PR
61897;133419;13/08/2017;domingo;18:45:00;MA;316;549;CAXIAS;Sim;Falta de Atenção à Condução;1;Atropelamento de Pedestre;Com Vítimas Feridas;Plena Noite;Crescente;Céu Claro;Simples;Reta;Sim;109458;Bicicleta;;NA;Condutor;Lesões Leves;0;Masculino;0;1;0;0;-4,8846;-43,3798;SR-MA;DEL18/3;UOP02/MA
61914;133363;13/08/2017;domingo;17:40:00;BA;242;198;ITABERABA;Sim;Ultrapassagem Indevida;1;Colisão traseira;Com Vítimas Feridas;Anoitecer;Crescente;Céu Claro;Simples;Reta;Não;109416;Bicicleta;;NA;Condutor;Lesões Graves;19;Masculino;0;0;1;0;-12,527946;-40,307278;SR-BA;DEL10/6;UOP02/BA
61947;133564;13/08/2017;domingo;20:20:00;RN;304;37,3;MOSSORO;Sim;Ingestão de Álcool;2;Tombamento;Com Vítimas Feridas;Plena Noite;Crescente;Céu Claro;Dupla;Reta;Sim;109442;Bicicleta;;NA;Condutor;Não Informado;NA;Não Informado;0;0;0;0;-5,1736738;-37,36131012;SR-RN;DEL15/4;UOP02/RN
61947;133564;13/08/2017;domingo;20:20:00;RN;304;37,3;MOSSORO;Sim;Ingestão de Álcool;1;Colisão transversal;Com Vítimas Feridas;Plena Noite;Crescente;Céu Claro;Dupla;Reta;Sim;109442;Bicicleta;;NA;Condutor;Não Informado;NA;Não Informado;0;0;0;0;-5,1736738;-37,36131012;SR-RN;DEL15/4;UOP02/RN
61959;135874;13/08/2017;domingo;21:10:00;RJ;40;5,9;COMENDADOR LEVY GASPARIAN;Sim;Falta de Atenção à Condução;1;Colisão com objeto em movimento;Com Vítimas Feridas;Plena Noite;Decrescente;Nublado;Dupla;Reta;Sim;111422;Bicicleta;;NA;Condutor;Lesões Graves;29;Masculino;0;0;1;0;-22,03286011;-43,22375536;SR-RJ;DEL5/6;UOP01/RJ
62039;138662;14/08/2017;segunda-feira;06:00:00;GO;251;29;CRISTALINA;Sim;Falta de Atenção à Condução;1;Colisão transversal;Com Vítimas Feridas;Pleno dia;Decrescente;Céu Claro;Simples;Reta;Sim;109821;Bicicleta;;NA;Condutor;Lesões Graves;38;Masculino;0;0;1;0;-16,769066;-47,614;SR-DF;UOP01/DF;
62252;134192;15/08/2017;terça-feira;07:00:00;DF;40;1;BRASILIA;Sim;Falta de Atenção à Condução;1;Colisão traseira;Com Vítimas Feridas;Pleno dia;Decrescente;Sol;Dupla;Reta;Sim;110120;Bicicleta;;NA;Condutor;Lesões Leves;30;Masculino;0;1;0;0;-15,98536208;-47,98751414;SR-DF;UOP01/DF;
62258;134229;15/08/2017;terça-feira;07:00:00;DF;70;6,1;BRASILIA;Sim;Desobediência às normas de trânsito pelo condutor;1;Colisão transversal;Com Vítimas Feridas;Pleno dia;Decrescente;Sol;Dupla;Reta;Sim;110148;Bicicleta;;NA;Condutor;Lesões Leves;36;Masculino;0;1;0;0;-15,79082887;-48,10657203;SR-DF;UOP06/DF;
62267;136166;15/08/2017;terça-feira;05:50:00;PR;277;237,2;IRATI;Sim;Velocidade Incompatível;2;Atropelamento de Pedestre;Com Vítimas Fatais;Plena Noite;Crescente;Garoa/Chuvisco;Simples;Reta;Não;111671;Bicicleta;;NA;Condutor;Óbito;36;Masculino;0;0;0;1;-25,45883117;-50,605672;SR-PR;DEL7/3;UOP04/PR
62267;136166;15/08/2017;terça-feira;05:50:00;PR;277;237,2;IRATI;Sim;Velocidade Incompatível;1;Colisão traseira;Com Vítimas Fatais;Plena Noite;Crescente;Garoa/Chuvisco;Simples;Reta;Não;111671;Bicicleta;;NA;Condutor;Óbito;36;Masculino;0;0;0;1;-25,45883117;-50,605672;SR-PR;DEL7/3;UOP04/PR
62398;134633;15/08/2017;terça-feira;17:25:00;DF;70;15;BRASILIA;Sim;Falta de Atenção à Condução;2;Atropelamento de Pedestre;Com Vítimas Feridas;Pleno dia;Crescente;Céu Claro;Dupla;Reta;Sim;110438;Bicicleta;;NA;Condutor;Lesões Leves;29;Masculino;0;1;0;0;-15,79777677;-48,18869054;SR-DF;UOP06/DF;
62398;134633;15/08/2017;terça-feira;17:25:00;DF;70;15;BRASILIA;Sim;Falta de Atenção à Condução;1;Capotamento;Com Vítimas Feridas;Pleno dia;Crescente;Céu Claro;Dupla;Reta;Sim;110438;Bicicleta;;NA;Condutor;Lesões Leves;29;Masculino;0;1;0;0;-15,79777677;-48,18869054;SR-DF;UOP06/DF;
62409;134776;15/08/2017;terça-feira;17:55:00;PR;153;336;IRATI;Sim;Falta de Atenção à Condução;2;Queda de ocupante de veículo;Com Vítimas Feridas;Plena Noite;Crescente;Nublado;Simples;Reta;Sim;110591;Bicicleta;;NA;Condutor;Lesões Leves;17;Masculino;0;1;0;0;-25,4995938;-50,64896286;SR-PR;DEL7/3;UOP04/PR
62409;134776;15/08/2017;terça-feira;17:55:00;PR;153;336;IRATI;Sim;Falta de Atenção à Condução;1;Colisão transversal;Com Vítimas Feridas;Plena Noite;Crescente;Nublado;Simples;Reta;Sim;110591;Bicicleta;;NA;Condutor;Lesões Leves;17;Masculino;0;1;0;0;-25,4995938;-50,64896286;SR-PR;DEL7/3;UOP04/PR
62413;134619;15/08/2017;terça-feira;18:30:00;CE;222;305,7;TIANGUA;Sim;Falta de Atenção à Condução;1;Colisão transversal;Com Vítimas Feridas;Plena Noite;Decrescente;Nublado;Simples;Não Informado;Não;110445;Bicicleta;;NA;Condutor;Lesões Graves;25;Masculino;0;0;1;0;-3,67823413;-40,97084999;SR-CE;DEL16/4;UOP02/CE
62824;135611;17/08/2017;quinta-feira;12:20:00;SP;459;31,2;LORENA;Sim;Falta de Atenção à Condução;1;Colisão traseira;Com Vítimas Feridas;Pleno dia;Crescente;Chuva;Simples;Reta;Não;111245;Bicicleta;;NA;Condutor;Lesões Leves;48;Masculino;0;1;0;0;-22,73430396;-45,09779199;SR-SP;DEL6/8;UOP03/SP
62850;135736;17/08/2017;quinta-feira;14:10:00;SC;101;401,8;MARACAJA;Sim;Falta de Atenção à Condução;1;Colisão transversal;Com Vítimas Feridas;Pleno dia;Crescente;Céu Claro;Simples;Reta;Sim;111306;Bicicleta;;NA;Condutor;Lesões Graves;30;Feminino;0;0;1;0;-28,86384959;-49,44637191;SR-SC;DEL8/2;UOP02/SC
62923;135867;17/08/2017;quinta-feira;19:50:00;SC;101;202,5;SAO JOSE;Sim;Falta de Atenção à Condução;1;Colisão transversal;Com Vítimas Feridas;Plena Noite;Crescente;Céu Claro;Múltipla;Interseção de vias;Sim;111403;Bicicleta;;NA;Condutor;Lesões Leves;25;Feminino;0;1;0;0;-27,56104349;-48,61680363;SR-SC;DEL8/1;UOP01/SC
63077;137137;18/08/2017;sexta-feira;12:40:00;PA;316;9;MARITUBA;Sim;Falta de Atenção à Condução;1;Colisão com objeto em movimento;Com Vítimas Feridas;Pleno dia;Crescente;Céu Claro;Dupla;Reta;Sim;111750;Bicicleta;;NA;Condutor;Lesões Leves;40;Masculino;0;1;0;0;-1,3658;-48,3666;SR-PA;DEL19/1;UOP01/PA
63098;136392;18/08/2017;sexta-feira;15:08:00;BA;101;209;GOVERNADOR MANGABEIRA;Sim;Falta de Atenção à Condução;1;Colisão transversal;Com Vítimas Fatais;Pleno dia;Crescente;Sol;Simples;Não Informado;Sim;111885;Bicicleta;;NA;Condutor;Óbito;40;Masculino;0;0;0;1;-12,6024;-39,0524;SR-BA;DEL10/1;UOP03/BA
63205;136464;18/08/2017;sexta-feira;20:00:00;MG;146;467,7;CABO VERDE;Sim;Falta de Atenção à Condução;2;Saída de leito carroçável;Com Vítimas Fatais;Plena Noite;Decrescente;Céu Claro;Simples;Desvio Temporário;Não;111963;Bicicleta;;NA;Condutor;Óbito;61;Masculino;0;0;0;1;-21,51499969;-46,40100628;SR-MG;DEL4/13;UOP01/MG
63205;136464;18/08/2017;sexta-feira;20:00:00;MG;146;467,7;CABO VERDE;Sim;Falta de Atenção à Condução;1;Colisão com objeto em movimento;Com Vítimas Fatais;Plena Noite;Decrescente;Céu Claro;Simples;Desvio Temporário;Não;111963;Bicicleta;;NA;Condutor;Óbito;61;Masculino;0;0;0;1;-21,51499969;-46,40100628;SR-MG;DEL4/13;UOP01/MG
63210;137178;18/08/2017;sexta-feira;19:30:00;BA;101;709,3;EUNAPOLIS;Sim;Falta de Atenção à Condução;1;Colisão transversal;Com Vítimas Fatais;Plena Noite;Crescente;Céu Claro;Simples;Reta;Não;112561;Bicicleta;;NA;Passageiro;Lesões Graves;17;Feminino;0;0;1;0;-16,3731;-39,5751;SR-BA;DEL10/9;UOP01/BA
63210;137175;18/08/2017;sexta-feira;19:30:00;BA;101;709,3;EUNAPOLIS;Sim;Falta de Atenção à Condução;1;Colisão transversal;Com Vítimas Fatais;Plena Noite;Crescente;Céu Claro;Simples;Reta;Não;112561;Bicicleta;;NA;Condutor;Óbito;21;Masculino;0;0;0;1;-16,3731;-39,5751;SR-BA;DEL10/9;UOP01/BA
63230;138913;18/08/2017;sexta-feira;21:15:00;PA;316;12,1;MARITUBA;Sim;Falta de Atenção à Condução;1;Colisão transversal;Com Vítimas Feridas;Plena Noite;Crescente;Céu Claro;Dupla;Reta;Sim;113900;Bicicleta;;NA;Condutor;Lesões Leves;19;Masculino;0;1;0;0;-1,36544771;-48,33874673;SR-PA;DEL19/1;UOP01/PA
63232;138985;18/08/2017;sexta-feira;20:45:00;MS;163;263;DOURADOS;Sim;Falta de Atenção à Condução;1;Colisão frontal;Com Vítimas Feridas;Plena Noite;Crescente;Garoa/Chuvisco;Dupla;Reta;Sim;113977;Bicicleta;;NA;Condutor;Lesões Graves;11;Masculino;0;0;1;0;-22,23154654;-54,74719048;SR-MS;DEL3/4;UOP01/MS
63232;138985;18/08/2017;sexta-feira;20:45:00;MS;163;263;DOURADOS;Não;Desobediência às normas de trânsito pelo condutor;1;Colisão frontal;Com Vítimas Feridas;Plena Noite;Crescente;Garoa/Chuvisco;Dupla;Reta;Sim;113977;Bicicleta;;NA;Condutor;Lesões Graves;11;Masculino;0;0;1;0;-22,23154654;-54,74719048;SR-MS;DEL3/4;UOP01/MS
63449;136942;19/08/2017;sábado;16:00:00;BA;101;522;BUERAREMA;Sim;Falta de Atenção à Condução;1;Colisão traseira;Com Vítimas Fatais;Pleno dia;Decrescente;Céu Claro;Simples;Reta;Não;112349;Bicicleta;;NA;Condutor;Óbito;77;Masculino;0;0;0;1;-14,9323;-39,3009;SR-BA;DEL10/5;UOP01/BA
63456;136882;19/08/2017;sábado;12:10:00;RO;364;681;CANDEIAS DO JAMARI;Sim;Falta de Atenção à Condução;1;Colisão transversal;Com Vítimas Fatais;Pleno dia;Crescente;Sol;Simples;Interseção de vias;Não;112300;Bicicleta;;NA;Condutor;Óbito;22;Masculino;0;0;0;1;-8,78668966;-63,59333038;SR-RO;DEL21/1;UOP01/RO
63505;136934;19/08/2017;sábado;19:25:00;RS;287;398;SANTIAGO;Sim;Falta de Atenção à Condução;2;Queda de ocupante de veículo;Com Vítimas Feridas;Plena Noite;Crescente;Nublado;Simples;Reta;Sim;112332;Bicicleta;;NA;Condutor;Lesões Leves;45;Masculino;0;1;0;0;-29,175;-54,8529;SR-RS;DEL9/12;UOP02/RS
63505;136934;19/08/2017;sábado;19:25:00;RS;287;398;SANTIAGO;Sim;Falta de Atenção à Condução;1;Colisão traseira;Com Vítimas Feridas;Plena Noite;Crescente;Nublado;Simples;Reta;Sim;112332;Bicicleta;;NA;Condutor;Lesões Leves;45;Masculino;0;1;0;0;-29,175;-54,8529;SR-RS;DEL9/12;UOP02/RS
63671;137534;20/08/2017;domingo;09:45:00;RJ;101;297;ITABORAI;Sim;Falta de Atenção à Condução;1;Colisão frontal;Com Vítimas Fatais;Pleno dia;Decrescente;Céu Claro;Simples;Reta;Sim;112803;Bicicleta;;NA;Condutor;Lesões Leves;NA;Masculino;0;1;0;0;-22,7472;-42,8585;SR-RJ;DEL5/2;UOP02/RJ
63803;137596;20/08/2017;domingo;18:30:00;RN;304;244,3;SANTA MARIA;Sim;Restrição de Visibilidade;1;Colisão traseira;Com Vítimas Fatais;Plena Noite;Decrescente;Céu Claro;Simples;Reta;Não;112886;Bicicleta;;NA;Condutor;Óbito;64;Masculino;0;0;0;1;-5,822297;-35,804408;SR-RN;DEL15/1;UOP02/RN
63804;137543;20/08/2017;domingo;17:00:00;ES;101;65,8;SAO MATEUS;Sim;Falta de Atenção à Condução;1;Colisão transversal;Com Vítimas Feridas;Plena Noite;Crescente;Nublado;Múltipla;Retorno Regulamentado;Sim;112830;Bicicleta;;NA;Condutor;Lesões Leves;19;Masculino;0;1;0;0;-18,7159899;-39,87539021;SR-ES;DEL12/4;UOP02/ES
63804;137545;20/08/2017;domingo;17:00:00;ES;101;65,8;SAO MATEUS;Sim;Falta de Atenção à Condução;1;Colisão transversal;Com Vítimas Feridas;Plena Noite;Crescente;Nublado;Múltipla;Retorno Regulamentado;Sim;112830;Bicicleta;;NA;Passageiro;Lesões Leves;17;Feminino;0;1;0;0;-18,7159899;-39,87539021;SR-ES;DEL12/4;UOP02/ES
63823;137736;20/08/2017;domingo;18:40:00;PI;402;0,3;BURITI DOS LOPES;Sim;Restrição de Visibilidade;1;Queda de ocupante de veículo;Com Vítimas Feridas;Pleno dia;Crescente;Céu Claro;Simples;Reta;Não;112931;Bicicleta;;NA;Condutor;Lesões Leves;48;Masculino;0;1;0;0;-3,093889;-41,90118;SR-PI;DEL17/5;UOP01/PI
63946;137776;13/05/2017;sábado;13:00:00;ES;447;12;VILA VELHA;Sim;Falta de Atenção à Condução;1;Atropelamento de Pedestre;Com Vítimas Feridas;Pleno dia;Crescente;Nublado;Dupla;Reta;Sim;112995;Bicicleta;;NA;Testemunha;Não Informado;NA;Não Informado;0;0;0;0;-20,34561278;-40,3305316;SR-ES;DEL12/1;UOP01/ES
63946;137772;13/05/2017;sábado;13:00:00;ES;447;12;VILA VELHA;Sim;Falta de Atenção à Condução;1;Atropelamento de Pedestre;Com Vítimas Feridas;Pleno dia;Crescente;Nublado;Dupla;Reta;Sim;112995;Bicicleta;;NA;Condutor;Lesões Graves;40;Masculino;0;0;1;0;-20,34561278;-40,3305316;SR-ES;DEL12/1;UOP01/ES
64100;140057;21/08/2017;segunda-feira;13:20:00;ES;101;146,9;LINHARES;Sim;Falta de Atenção à Condução;1;Colisão lateral;Com Vítimas Feridas;Pleno dia;Crescente;Chuva;Múltipla;Reta;Sim;114893;Bicicleta;;NA;Condutor;Lesões Leves;56;Masculino;0;1;0;0;-19,39896647;-40,062802;SR-ES;DEL12/4;UOP01/ES
64207;139497;22/08/2017;terça-feira;09:30:00;SC;101;151;ITAPEMA;Sim;Falta de Atenção à Condução;1;Colisão lateral;Com Vítimas Feridas;Pleno dia;Crescente;Céu Claro;Simples;Interseção de vias;Sim;114404;Bicicleta;;NA;Condutor;Lesões Graves;46;Feminino;0;0;1;0;-27,0643;-48,596;SR-SC;DEL8/4;UOP03/SC
64316;138785;22/08/2017;terça-feira;18:10:00;PR;158;520;PATO BRANCO;Sim;Não guardar distância de segurança;2;Queda de ocupante de veículo;Com Vítimas Feridas;Anoitecer;Crescente;Céu Claro;Simples;Não Informado;Sim;113794;Bicicleta;;NA;Condutor;Lesões Leves;65;Masculino;0;1;0;0;-26,2101;-52,6807;SR-PR;DEL7/2;UOP01/PR
64316;138785;22/08/2017;terça-feira;18:10:00;PR;158;520;PATO BRANCO;Não;Falta de Atenção à Condução;2;Queda de ocupante de veículo;Com Vítimas Feridas;Anoitecer;Crescente;Céu Claro;Simples;Não Informado;Sim;113794;Bicicleta;;NA;Condutor;Lesões Leves;65;Masculino;0;1;0;0;-26,2101;-52,6807;SR-PR;DEL7/2;UOP01/PR
64316;138785;22/08/2017;terça-feira;18:10:00;PR;158;520;PATO BRANCO;Não;Defeito Mecânico no Veículo;2;Queda de ocupante de veículo;Com Vítimas Feridas;Anoitecer;Crescente;Céu Claro;Simples;Não Informado;Sim;113794;Bicicleta;;NA;Condutor;Lesões Leves;65;Masculino;0;1;0;0;-26,2101;-52,6807;SR-PR;DEL7/2;UOP01/PR
64316;138785;22/08/2017;terça-feira;18:10:00;PR;158;520;PATO BRANCO;Sim;Não guardar distância de segurança;1;Colisão transversal;Com Vítimas Feridas;Anoitecer;Crescente;Céu Claro;Simples;Não Informado;Sim;113794;Bicicleta;;NA;Condutor;Lesões Leves;65;Masculino;0;1;0;0;-26,2101;-52,6807;SR-PR;DEL7/2;UOP01/PR
64316;138785;22/08/2017;terça-feira;18:10:00;PR;158;520;PATO BRANCO;Não;Falta de Atenção à Condução;1;Colisão transversal;Com Vítimas Feridas;Anoitecer;Crescente;Céu Claro;Simples;Não Informado;Sim;113794;Bicicleta;;NA;Condutor;Lesões Leves;65;Masculino;0;1;0;0;-26,2101;-52,6807;SR-PR;DEL7/2;UOP01/PR
64316;138785;22/08/2017;terça-feira;18:10:00;PR;158;520;PATO BRANCO;Não;Defeito Mecânico no Veículo;1;Colisão transversal;Com Vítimas Feridas;Anoitecer;Crescente;Céu Claro;Simples;Não Informado;Sim;113794;Bicicleta;;NA;Condutor;Lesões Leves;65;Masculino;0;1;0;0;-26,2101;-52,6807;SR-PR;DEL7/2;UOP01/PR
64325;142963;22/08/2017;terça-feira;18:10:00;PI;343;4,6;TERESINA;Sim;Falta de Atenção à Condução;1;Colisão transversal;Com Vítimas Feridas;Plena Noite;Crescente;Céu Claro;Simples;Ponte;Sim;115544;Bicicleta;;NA;Condutor;Lesões Graves;36;Masculino;0;0;1;0;-5,081198;-42,79259831;SR-PI;DEL17/1;UOP01/PI
64325;142963;22/08/2017;terça-feira;18:10:00;PI;343;4,6;TERESINA;Não;Desobediência às normas de trânsito pelo condutor;1;Colisão transversal;Com Vítimas Feridas;Plena Noite;Crescente;Céu Claro;Simples;Ponte;Sim;115544;Bicicleta;;NA;Condutor;Lesões Graves;36;Masculino;0;0;1;0;-5,081198;-42,79259831;SR-PI;DEL17/1;UOP01/PI
64342;138859;22/08/2017;terça-feira;18:33:00;PR;476;358,3;UNIAO DA VITORIA;Sim;Não guardar distância de segurança;1;Colisão frontal;Com Vítimas Feridas;Anoitecer;Decrescente;Céu Claro;Simples;Curva;Não;113847;Bicicleta;;NA;Condutor;Lesões Graves;41;Masculino;0;0;1;0;-26,19945887;-51,05547767;SR-PR;DEL7/2;UOP02/PR
64342;139740;22/08/2017;terça-feira;18:33:00;PR;476;358,3;UNIAO DA VITORIA;Sim;Não guardar distância de segurança;1;Colisão frontal;Com Vítimas Feridas;Anoitecer;Decrescente;Céu Claro;Simples;Curva;Não;113847;Bicicleta;;NA;Testemunha;Não Informado;NA;Não Informado;0;0;0;0;-26,19945887;-51,05547767;SR-PR;DEL7/2;UOP02/PR
64342;139742;22/08/2017;terça-feira;18:33:00;PR;476;358,3;UNIAO DA VITORIA;Sim;Não guardar distância de segurança;1;Colisão frontal;Com Vítimas Feridas;Anoitecer;Decrescente;Céu Claro;Simples;Curva;Não;113847;Bicicleta;;NA;Testemunha;Não Informado;NA;Não Informado;0;0;0;0;-26,19945887;-51,05547767;SR-PR;DEL7/2;UOP02/PR
64342;139744;22/08/2017;terça-feira;18:33:00;PR;476;358,3;UNIAO DA VITORIA;Sim;Não guardar distância de segurança;1;Colisão frontal;Com Vítimas Feridas;Anoitecer;Decrescente;Céu Claro;Simples;Curva;Não;113847;Bicicleta;;NA;Testemunha;Não Informado;NA;Não Informado;0;0;0;0;-26,19945887;-51,05547767;SR-PR;DEL7/2;UOP02/PR
64346;138869;14/08/2017;segunda-feira;22:10:00;PR;476;70;TUNAS DO PARANA;Sim;Restrição de Visibilidade;1;Colisão frontal;Com Vítimas Feridas;Plena Noite;Decrescente;Ignorado;Simples;Reta;Não;113752;Bicicleta;MONARK/;NA;Condutor;Lesões Graves;31;Masculino;0;0;1;0;-25,0694;-49,0883;SR-PR;DEL7/1;UOP01/PR
64350;138955;22/08/2017;terça-feira;18:00:00;AC;364;122,7;RIO BRANCO;Sim;Sinalização da via insuficiente ou inadequada;1;Colisão transversal;Com Vítimas Feridas;Plena Noite;Decrescente;Céu Claro;Dupla;Reta;Sim;113789;Bicicleta;;NA;Condutor;Lesões Leves;49;Masculino;0;1;0;0;-10,01189712;-67,7788344;SR-AC;UOP01/AC;