id;pesid;data_inversa;dia_semana;horario;uf;br;km;municipio;causa_principal;causa_acidente;ordem_tipo_acidente;tipo_acidente;classificacao_acidente;fase_dia;sentido_via;condicao_metereologica;tipo_pista;tracado_via;uso_solo;id_veiculo;tipo_veiculo;marca;ano_fabricacao_veiculo;tipo_envolvido;estado_fisico;idade;sexo;ilesos;feridos_leves;feridos_graves;mortos;latitude;longitude;regional;delegacia;uop
66181;144464;30/08/2017;quarta-feira;06:10:00;PE;101;69,5;RECIFE;Sim;Falta de Atenção à Condução;1;Colisão transversal;Com Vítimas Feridas;Pleno dia;Crescente;Céu Claro;Múltipla;Interseção de vias;Sim;117179;Bicicleta;;NA;Condutor;Lesões Leves;53;Masculino;0;1;0;0;-8,06378;-34,9446;SR-PE;DEL11/1;UOP01/PE
66181;144464;30/08/2017;quarta-feira;06:10:00;PE;101;69,5;RECIFE;Não;Velocidade Incompatível;1;Colisão transversal;Com Vítimas Feridas;Pleno dia;Crescente;Céu Claro;Múltipla;Interseção de vias;Sim;117179;Bicicleta;;NA;Condutor;Lesões Leves;53;Masculino;0;1;0;0;-8,06378;-34,9446;SR-PE;DEL11/1;UOP01/PE
66212;142813;23/08/2017;quarta-feira;13:30:00;CE;20;416,8;MARACANAU;Sim;Falta de Atenção à Condução;1;Colisão transversal;Com Vítimas Fatais;Pleno dia;Decrescente;Céu Claro;Simples;Reta;Sim;117251;Bicicleta;;NA;Condutor;Óbito;47;Masculino;0;0;0;1;-3,83460279;-38,6113999;SR-CE;DEL16/1;UOP02/CE
66222;143190;30/08/2017;quarta-feira;08:30:00;RJ;101;52;CAMPOS DOS GOYTACAZES;Sim;Falta de Atenção à Condução;1;Colisão lateral;Com Vítimas Feridas;Pleno dia;Crescente;Céu Claro;Simples;Reta;Sim;117392;Bicicleta;;NA;Condutor;Lesões Leves;25;Masculino;0;1;0;0;-21,6516;-41,3113;SR-RJ;DEL5/8;UOP01/RJ
66232;142873;09/07/2017;domingo;11:35:00;RN;226;134,8;CAMPO REDONDO;Sim;Falta de Atenção à Condução;1;Colisão transversal;Com Vítimas Feridas;Pleno dia;Decrescente;Céu Claro;Simples;Reta;Sim;117291;Bicicleta;;NA;Condutor;Lesões Graves;69;Masculino;0;0;1;0;-6,21559912;-36,17461088;SR-RN;DEL15/3;UOP02/RN
66252;144457;30/08/2017;quarta-feira;11:55:00;SP;101;48,5;UBATUBA;Sim;Falta de Atenção à Condução;1;Colisão traseira;Com Vítimas Feridas;Pleno dia;Decrescente;Sol;Simples;Reta;Sim;118137;Bicicleta;;NA;Testemunha;Não Informado;NA;Não Informado;0;0;0;0;-23,44686868;-45,08239746;SR-SP;DEL6/7;UOP01/SP
66252;143927;30/08/2017;quarta-feira;11:55:00;SP;101;48,5;UBATUBA;Sim;Falta de Atenção à Condução;1;Colisão traseira;Com Vítimas Feridas;Pleno dia;Decrescente;Sol;Simples;Reta;Sim;118137;Bicicleta;;NA;Condutor;Lesões Graves;48;Masculino;0;0;1;0;-23,44686868;-45,08239746;SR-SP;DEL6/7;UOP01/SP
66315;147375;30/08/2017;quarta-feira;17:30:00;BA;367;81,1;EUNAPOLIS;Sim;Falta de Atenção à Condução;1;Atropelamento de Pedestre;Com Vítimas Feridas;Plena Noite;Crescente;Ignorado;Simples;Não Informado;Não;121192;Bicicleta;;NA;Condutor;Lesões Leves;66;Masculino;0;1;0;0;-16,3876853;-39,584676;SR-BA;DEL10/9;UOP01/BA
66355;146151;30/08/2017;quarta-feira;20:40:00;PI;343;305,9;ALTOS;Sim;Falta de Atenção à Condução;1;Colisão transversal;Com Vítimas Feridas;Plena Noite;Crescente;Céu Claro;Simples;Reta;Sim;120169;Bicicleta;;NA;Condutor;Lesões Graves;36;Masculino;0;0;1;0;-5,03770889;-42,44823037;SR-PI;DEL17/1;UOP01/PI
66450;143394;24/08/2017;quinta-feira;19:00:00;PR;163;249,4;TOLEDO;Sim;Falta de Atenção do Pedestre;1;Colisão frontal;Com Vítimas Fatais;Plena Noite;Crescente;Céu Claro;Simples;Reta;Não;117704;Bicicleta;;NA;Condutor;Óbito;42;Masculino;0;0;0;1;-24,69309366;-53,74370098;SR-PR;DEL7/6;UOP04/PR
66511;143572;31/08/2017;quinta-feira;15:30:00;SC;470;58,3;BLUMENAU;Sim;Falta de Atenção à Condução;1;Colisão lateral;Com Vítimas Feridas;Pleno dia;Decrescente;Nublado;Simples;Reta;Sim;117880;Bicicleta;;NA;Condutor;Lesões Graves;56;Masculino;0;0;1;0;-26,87817221;-49,13220048;SR-SC;DEL8/4;UOP01/SC
66529;143594;31/08/2017;quinta-feira;16:45:00;PB;230;146,2;CAMPINA GRANDE;Sim;Desobediência às normas de trânsito pelo condutor;1;Queda de ocupante de veículo;Com Vítimas Feridas;Pleno dia;Crescente;Sol;Dupla;Reta;Sim;117897;Bicicleta;;NA;Condutor;Lesões Leves;22;Masculino;0;1;0;0;-7,24590767;-35,84997259;SR-PB;DEL14/2;UOP01/PB
66541;143628;31/08/2017;quinta-feira;17:40:00;PI;316;9,2;TERESINA;Sim;Falta de Atenção à Condução;1;Colisão transversal;Com Vítimas Feridas;Anoitecer;Decrescente;Céu Claro;Simples;Reta;Sim;117930;Bicicleta;;NA;Condutor;Lesões Graves;42;Masculino;0;0;1;0;-5,17988034;-42,76447989;SR-PI;DEL17/1;UOP02/PI
66562;143785;31/08/2017;quinta-feira;19:10:00;PR;369;18,8;CAMBARA;Sim;Falta de Atenção à Condução;1;Colisão transversal;Com Vítimas Feridas;Plena Noite;Crescente;Céu Claro;Simples;Não Informado;Sim;118071;Bicicleta;;NA;Condutor;Lesões Leves;23;Masculino;0;1;0;0;-23,03595567;-50,06762532;SR-PR;DEL7/7;UOP07/PR
66591;143764;31/08/2017;quinta-feira;20:25:00;MS;262;363,6;CAMPO GRANDE;Sim;Mal Súbito;1;Tombamento;Com Vítimas Feridas;Plena Noite;Crescente;Céu Claro;Simples;Ponte;Não;118043;Bicicleta;;NA;Condutor;Lesões Leves;40;Masculino;0;1;0;0;-20,500964;-54,731511;SR-MS;DEL3/1;UOP03/MS
66591;143764;31/08/2017;quinta-feira;20:25:00;MS;262;363,6;CAMPO GRANDE;Não;Objeto estático sobre o leito carroçável;1;Tombamento;Com Vítimas Feridas;Plena Noite;Crescente;Céu Claro;Simples;Ponte;Não;118043;Bicicleta;;NA;Condutor;Lesões Leves;40;Masculino;0;1;0;0;-20,500964;-54,731511;SR-MS;DEL3/1;UOP03/MS
66674;146141;01/09/2017;sexta-feira;07:30:00;MG;116;414;GOVERNADOR VALADARES;Sim;Falta de Atenção à Condução;1;Colisão frontal;Com Vítimas Feridas;Pleno dia;Decrescente;Céu Claro;Simples;Reta;Sim;120183;Bicicleta;;NA;Condutor;Lesões Leves;25;Feminino;0;1;0;0;-18,87925403;-41,96108196;SR-MG;DEL4/6;UOP01/MG
66716;144318;01/09/2017;sexta-feira;11:10:00;PA;316;26;BENEVIDES;Sim;Falta de Atenção do Pedestre;1;Atropelamento de Pedestre;Com Vítimas Feridas;Pleno dia;Decrescente;Céu Claro;Dupla;Reta;Sim;118545;Bicicleta;;NA;Testemunha;Não Informado;NA;Não Informado;0;0;0;0;-1,32289813;-48,23053837;SR-PA;DEL19/1;UOP01/PA
66716;144317;01/09/2017;sexta-feira;11:10:00;PA;316;26;BENEVIDES;Sim;Falta de Atenção do Pedestre;1;Atropelamento de Pedestre;Com Vítimas Feridas;Pleno dia;Decrescente;Céu Claro;Dupla;Reta;Sim;118545;Bicicleta;;NA;Condutor;Lesões Graves;79;Masculino;0;0;1;0;-1,32289813;-48,23053837;SR-PA;DEL19/1;UOP01/PA
66723;147907;01/09/2017;sexta-feira;12:05:00;RN;304;39,3;MOSSORO;Sim;Falta de Atenção à Condução;1;Colisão transversal;Com Vítimas Feridas;Pleno dia;Decrescente;Sol;Dupla;Reta;Sim;121572;Bicicleta;MONARK/;NA;Condutor;Lesões Leves;24;Masculino;0;1;0;0;-5,19030836;-37,37547576;SR-RN;DEL15/4;UOP02/RN
66723;147907;01/09/2017;sexta-feira;12:05:00;RN;304;39,3;MOSSORO;Não;Desobediência às normas de trânsito pelo condutor;1;Colisão transversal;Com Vítimas Feridas;Pleno dia;Decrescente;Sol;Dupla;Reta;Sim;121572;Bicicleta;MONARK/;NA;Condutor;Lesões Leves;24;Masculino;0;1;0;0;-5,19030836;-37,37547576;SR-RN;DEL15/4;UOP02/RN
66763;147470;01/09/2017;sexta-feira;15:00:00;GO;153;319,9;RIANAPOLIS;Sim;Falta de Atenção à Condução;1;Colisão traseira;Com Vítimas Feridas;Pleno dia;Crescente;Sol;Simples;Ponte;Não;118360;Bicicleta;MONARK/;NA;Condutor;Lesões Graves;57;Masculino;0;0;1;0;-15,4567618;-49,50251162;SR-GO;DEL1/2;UOP02/GO
66787;144157;01/09/2017;sexta-feira;16:50:00;RJ;116;138;DUQUE DE CAXIAS;Sim;Defeito Mecânico no Veículo;1;Colisão traseira;Com Vítimas Feridas;Pleno dia;Crescente;Céu Claro;Simples;Reta;Sim;118374;Bicicleta;;NA;Condutor;Lesões Leves;16;Masculino;0;1;0;0;-22,6498;-43,2336;SR-RJ;DEL5/4;UOP02/RJ
66813;144128;01/09/2017;sexta-feira;16:40:00;MG;40;756,3;EWBANK DA CAMARA;Sim;Falta de Atenção à Condução;1;Colisão lateral;Com Vítimas Feridas;Pleno dia;Crescente;Céu Claro;Dupla;Reta;Não;118365;Bicicleta;;NA;Condutor;Lesões Leves;40;Masculino;0;1;0;0;-21,53227165;-43,51489837;SR-MG;DEL4/5;UOP01/MG
66857;144295;01/09/2017;sexta-feira;21:05:00;SE;235;2,2;ARACAJU;Sim;Ingestão de Álcool;1;Colisão transversal;Com Vítimas Feridas;Plena Noite;Decrescente;Nublado;Dupla;Não Informado;Sim;118498;Bicicleta;;NA;Condutor;Lesões Graves;56;Masculino;0;0;1;0;-10,90768003;-37,09167973;SR-SE;DEL20/1;UOP01/SE
66866;146333;01/09/2017;sexta-feira;21:13:00;RO;364;722;PORTO VELHO;Sim;Ingestão de Álcool;2;Queda de ocupante de veículo;Com Vítimas Feridas;Plena Noite;Decrescente;Céu Claro;Dupla;Curva;Não;120297;Bicicleta;;NA;Condutor;Lesões Graves;37;Masculino;0;0;1;0;-8,8259;-63,9326;SR-RO;DEL21/1;UOP01/RO
66866;146333;01/09/2017;sexta-feira;21:13:00;RO;364;722;PORTO VELHO;Não;Restrição de Visibilidade;2;Queda de ocupante de veículo;Com Vítimas Feridas;Plena Noite;Decrescente;Céu Claro;Dupla;Curva;Não;120297;Bicicleta;;NA;Condutor;Lesões Graves;37;Masculino;0;0;1;0;-8,8259;-63,9326;SR-RO;DEL21/1;UOP01/RO
66866;146333;01/09/2017;sexta-feira;21:13:00;RO;364;722;PORTO VELHO;Sim;Ingestão de Álcool;1;Colisão traseira;Com Vítimas Feridas;Plena Noite;Decrescente;Céu Claro;Dupla;Curva;Não;120297;Bicicleta;;NA;Condutor;Lesões Graves;37;Masculino;0;0;1;0;-8,8259;-63,9326;SR-RO;DEL21/1;UOP01/RO
66866;146333;01/09/2017;sexta-feira;21:13:00;RO;364;722;PORTO VELHO;Não;Restrição de Visibilidade;1;Colisão traseira;Com Vítimas Feridas;Plena Noite;Decrescente;Céu Claro;Dupla;Curva;Não;120297;Bicicleta;;NA;Condutor;Lesões Graves;37;Masculino;0;0;1;0;-8,8259;-63,9326;SR-RO;DEL21/1;UOP01/RO
66868;144294;01/09/2017;sexta-feira;21:50:00;SC;101;95,4;BARRA VELHA;Sim;Falta de Atenção à Condução;1;Colisão transversal;Com Vítimas Fatais;Plena Noite;Decrescente;Céu Claro;Dupla;Não Informado;Não;120354;Bicicleta;;NA;Pedestre;Óbito;NA;Não Informado;0;0;0;1;-26,71711413;-48,70272044;SR-SC;DEL8/3;UOP02/SC
66868;146389;01/09/2017;sexta-feira;21:50:00;SC;101;95,4;BARRA VELHA;Sim;Falta de Atenção à Condução;1;Colisão transversal;Com Vítimas Fatais;Plena Noite;Decrescente;Céu Claro;Dupla;Não Informado;Não;120354;Bicicleta;;NA;Condutor;Óbito;NA;Masculino;0;0;0;1;-26,71711413;-48,70272044;SR-SC;DEL8/3;UOP02/SC
66876;144292;01/09/2017;sexta-feira;12:30:00;MG;262;37;MANHUACU;Sim;Falta de Atenção à Condução;1;Colisão transversal;Com Vítimas Feridas;Pleno dia;Decrescente;Céu Claro;Simples;Interseção de vias;Sim;118493;Bicicleta;;NA;Condutor;Lesões Leves;21;Masculino;0;1;0;0;-20,2706;-42,0395;SR-MG;DEL4/6;UOP04/MG
66958;144438;02/09/2017;sábado;07:40:00;MG;262;811,6;UBERABA;Sim;Falta de Atenção à Condução;1;Colisão lateral;Com Vítimas Feridas;Pleno dia;Crescente;Céu Claro;Dupla;Reta;Sim;118651;Bicicleta;;NA;Condutor;Lesões Leves;37;Masculino;0;1;0;0;-19,76695;-47,98841;SR-MG;DEL4/15;UOP01/MG
66979;144463;02/09/2017;sábado;08:45:00;MG;116;421;GOVERNADOR VALADARES;Sim;Avarias e/ou desgaste excessivo no pneu;1;Queda de ocupante de veículo;Com Vítimas Feridas;Pleno dia;Decrescente;Céu Claro;Simples;Curva;Não;118683;Bicicleta;;NA;Condutor;Lesões Leves;44;Masculino;0;1;0;0;-18,92424091;-41,93969876;SR-MG;DEL4/6;UOP01/MG
66979;144732;02/09/2017;sábado;08:45:00;MG;116;421;GOVERNADOR VALADARES;Sim;Avarias e/ou desgaste excessivo no pneu;1;Queda de ocupante de veículo;Com Vítimas Feridas;Pleno dia;Decrescente;Céu Claro;Simples;Curva;Não;118683;Bicicleta;;NA;Passageiro;Lesões Leves;7;Masculino;0;1;0;0;-18,92424091;-41,93969876;SR-MG;DEL4/6;UOP01/MG
67062;147026;02/09/2017;sábado;15:05:00;ES;101;254;SERRA;Sim;Desobediência às normas de trânsito pelo condutor;1;Colisão frontal;Com Vítimas Feridas;Pleno dia;Crescente;Nublado;Simples;Reta;Não;118966;Bicicleta;;NA;Condutor;Lesões Graves;21;Masculino;0;0;1;0;-20,1215224;-40,3077898;SR-ES;DEL12/2;UOP01/ES
67066;146773;02/09/2017;sábado;14:45:00;RJ;116;76;TERESOPOLIS;Sim;Falta de Atenção do Pedestre;1;Atropelamento de Pedestre;Com Vítimas Feridas;Pleno dia;Crescente;Céu Claro;Simples;Reta;Não;120493;Bicicleta;;NA;Condutor;Lesões Graves;37;Masculino;0;0;1;0;-22,3440609;-42,937849;SR-RJ;DEL5/4;UOP01/RJ
67076;169404;02/09/2017;sábado;16:00:00;PE;101;100;CABO DE SANTO AGOSTINHO;Sim;Falta de Atenção à Condução;1;Colisão transversal;Com Vítimas Feridas;Pleno dia;Decrescente;Céu Claro;Simples;Reta;Não;118993;Bicicleta;;NA;Condutor;Lesões Leves;NA;Masculino;0;1;0;0;-8,2678;-35,0531;SR-PE;DEL11/1;UOP03/PE
67090;146693;02/09/2017;sábado;17:10:00;GO;40;8,8;LUZIANIA;Sim;Velocidade Incompatível;1;Colisão transversal;Com Vítimas Fatais;Pleno dia;Decrescente;Céu Claro;Dupla;Reta;Sim;120641;Bicicleta;;NA;Condutor;Óbito;64;Masculino;0;0;0;1;-16,131158;-47,957739;SR-DF;UOP01/DF;
67107;144707;02/09/2017;sábado;18:20:00;CE;20;209;BOA VIAGEM;Sim;Ingestão de Álcool;1;Colisão com objeto em movimento;Com Vítimas Feridas;Anoitecer;Decrescente;Céu Claro;Simples;Reta;Sim;118887;Bicicleta;;NA;Condutor;Lesões Leves;54;Masculino;0;1;0;0;-5,0848;-39,7065;SR-CE;DEL16/2;UOP02/CE
67126;144783;02/09/2017;sábado;19:00:00;AP;210;1;MACAPA;Sim;Falta de Atenção à Condução;1;Colisão com objeto em movimento;Com Vítimas Feridas;Plena Noite;Decrescente;Céu Claro;Simples;Reta;Sim;118959;Bicicleta;;NA;Condutor;Lesões Leves;29;Feminino;0;1;0;0;0,07961867;-51,07260704;SR-AP;UOP01/AP;
67126;144783;02/09/2017;sábado;19:00:00;AP;210;1;MACAPA;Não;Restrição de Visibilidade;1;Colisão com objeto em movimento;Com Vítimas Feridas;Plena Noite;Decrescente;Céu Claro;Simples;Reta;Sim;118959;Bicicleta;;NA;Condutor;Lesões Leves;29;Feminino;0;1;0;0;0,07961867;-51,07260704;SR-AP;UOP01/AP;
67128;145612;02/09/2017;sábado;19:15:00;PA;316;4;ANANINDEUA;Sim;Falta de Atenção à Condução;1;Colisão transversal;Com Vítimas Fatais;Plena Noite;Decrescente;Céu Claro;Dupla;Reta;Sim;119005;Bicicleta;;NA;Condutor;Óbito;21;Masculino;0;0;0;1;-1,38139691;-48,4000808;SR-PA;DEL19/1;UOP01/PA
67142;144738;02/09/2017;sábado;18:30:00;ES;101;65;SAO MATEUS;Sim;Falta de Atenção à Condução;1;Colisão transversal;Com Vítimas Feridas;Plena Noite;Crescente;Céu Claro;Simples;Reta;Sim;118912;Bicicleta;;NA;Condutor;Lesões Leves;55;Feminino;0;1;0;0;-18,7195;-39,8681;SR-ES;DEL12/4;UOP02/ES
67153;144741;02/09/2017;sábado;19:00:00;MA;135;89,6;ITAPECURU MIRIM;Sim;Falta de Atenção à Condução;1;Colisão traseira;Com Vítimas Feridas;Plena Noite;Crescente;Nublado;Simples;Reta;Não;118914;Bicicleta;;NA;Condutor;Lesões Graves;44;Masculino;0;0;1;0;-3,28666476;-44,41331238;SR-MA;DEL18/1;UOP02/MA
67178;144786;08/08/2017;terça-feira;19:45:00;PR;476;195;LAPA;Sim;Falta de Atenção à Condução;1;Queda de ocupante de veículo;Com Vítimas Feridas;Plena Noite;Decrescente;Céu Claro;Simples;Reta;Sim;118970;Bicicleta;;NA;Condutor;Lesões Graves;NA;Masculino;0;0;1;0;-25,747223;-49,718887;SR-PR;DEL7/1;UOP04/PR
67193;146813;02/09/2017;sábado;23:30:00;GO;20;6,8;FORMOSA;Sim;Ingestão de Álcool;1;Colisão lateral;Com Vítimas Feridas;Plena Noite;Decrescente;Céu Claro;Simples;Curva;Não;120703;Bicicleta;;NA;Condutor;Lesões Graves;18;Masculino;0;0;1;0;-15,54683635;-47,29338527;SR-DF;UOP04/DF;
67196;146988;02/09/2017;sábado;19:20:00;RO;364;342,1;JI-PARANA;Sim;Falta de Atenção à Condução;1;Colisão lateral;Com Vítimas Feridas;Plena Noite;Decrescente;Céu Claro;Dupla;Reta;Sim;120855;Bicicleta;;NA;Condutor;Lesões Leves;48;Masculino;0;1;0;0;-10,88480999;-61,93604001;SR-RO;DEL21/2;UOP01/RO
67300;145146;03/09/2017;domingo;09:15:00;SC;101;172;TIJUCAS;Sim;Falta de Atenção à Condução;1;Queda de ocupante de veículo;Com Vítimas Feridas;Pleno dia;Crescente;Nublado;Dupla;Reta;Não;119196;Bicicleta;;NA;Condutor;Ileso;23;Masculino;1;0;0;0;-27,3133;-48,6321;SR-SC;DEL8/4;UOP03/SC
67300;145142;03/09/2017;domingo;09:15:00;SC;101;172;TIJUCAS;Sim;Falta de Atenção à Condução;1;Queda de ocupante de veículo;Com Vítimas Feridas;Pleno dia;Crescente;Nublado;Dupla;Reta;Não;119195;Bicicleta;;NA;Condutor;Lesões Leves;25;Masculino;0;1;0;0;-27,3133;-48,6321;SR-SC;DEL8/4;UOP03/SC
67351;145180;03/09/2017;domingo;14:35:00;PE;428;187,9;PETROLINA;Sim;Ingestão de Álcool;2;Colisão frontal;Com Vítimas Feridas;Pleno dia;Crescente;Sol;Simples;Rotatória;Sim;119310;Bicicleta;;NA;Condutor;Lesões Graves;36;Masculino;0;0;1;0;-9,374537;-40,48868001;SR-PE;DEL11/6;UOP01/PE
67351;145180;03/09/2017;domingo;14:35:00;PE;428;187,9;PETROLINA;Sim;Ingestão de Álcool;1;Colisão traseira;Com Vítimas Feridas;Pleno dia;Crescente;Sol;Simples;Rotatória;Sim;119310;Bicicleta;;NA;Condutor;Lesões Graves;36;Masculino;0;0;1;0;-9,374537;-40,48868001;SR-PE;DEL11/6;UOP01/PE
67428;147495;03/09/2017;domingo;18:00:00;MS;60;428,7;SIDROLANDIA;Sim;Falta de Atenção à Condução;1;Colisão frontal;Com Vítimas Feridas;Plena Noite;Decrescente;Céu Claro;Simples;Reta;Sim;119585;Bicicleta;;NA;Condutor;Lesões Leves;39;Feminino;0;1;0;0;-20,98355952;-55,01266479;SR-MS;DEL3/1;UOP04/MS
67466;146858;03/09/2017;domingo;20:35:00;DF;60;4;BRASILIA;Sim;Falta de Atenção à Condução;1;Colisão lateral;Com Vítimas Feridas;Plena Noite;Decrescente;Céu Claro;Dupla;Reta;Não;120736;Bicicleta;CALOI/MONDO;NA;Condutor;Lesões Leves;217;Masculino;0;1;0;0;-15,892721;-48,095741;SR-DF;UOP03/DF;
67470;147818;03/09/2017;domingo;20:15:00;DF;251;29;BRASILIA;Sim;Falta de Atenção à Condução;1;Colisão transversal;Com Vítimas Feridas;Plena Noite;Decrescente;Céu Claro;Simples;Reta;Não;121505;Bicicleta;;NA;Testemunha;Não Informado;NA;Não Informado;0;0;0;0;-15,948226;-47,71098;SR-DF;UOP01/DF;
67470;147918;03/09/2017;domingo;20:15:00;DF;251;29;BRASILIA;Sim;Falta de Atenção à Condução;1;Colisão transversal;Com Vítimas Feridas;Plena Noite;Decrescente;Céu Claro;Simples;Reta;Não;121505;Bicicleta;;NA;Condutor;Lesões Graves;NA;Masculino;0;0;1;0;-15,948226;-47,71098;SR-DF;UOP01/DF;
67483;145585;03/09/2017;domingo;21:30:00;PA;222;239;MARABA;Sim;Desobediência às normas de trânsito pelo condutor;1;Colisão frontal;Com Vítimas Feridas;Plena Noite;Decrescente;Céu Claro;Simples;Reta;Não;120197;Bicicleta;;NA;Testemunha;Não Informado;NA;Não Informado;0;0;0;0;-5,2991;-49,073;SR-PA;DEL19/3;UOP01/PA
67483;145585;03/09/2017;domingo;21:30:00;PA;222;239;MARABA;Não;Ingestão de Álcool;1;Colisão frontal;Com Vítimas Feridas;Plena Noite;Decrescente;Céu Claro;Simples;Reta;Não;120197;Bicicleta;;NA;Testemunha;Não Informado;NA;Não Informado;0;0;0;0;-5,2991;-49,073;SR-PA;DEL19/3;UOP01/PA
67483;146177;03/09/2017;domingo;21:30:00;PA;222;239;MARABA;Sim;Desobediência às normas de trânsito pelo condutor;1;Colisão frontal;Com Vítimas Feridas;Plena Noite;Decrescente;Céu Claro;Simples;Reta;Não;120197;Bicicleta;;NA;Condutor;Lesões Leves;22;Masculino;0;1;0;0;-5,2991;-49,073;SR-PA;DEL19/3;UOP01/PA
67483;146177;03/09/2017;domingo;21:30:00;PA;222;239;MARABA;Não;Ingestão de Álcool;1;Colisão frontal;Com Vítimas Feridas;Plena Noite;Decrescente;Céu Claro;Simples;Reta;Não;120197;Bicicleta;;NA;Condutor;Lesões Leves;22;Masculino;0;1;0;0;-5,2991;-49,073;SR-PA;DEL19/3;UOP01/PA
67489;147524;03/09/2017;domingo;20:15:00;MS;262;348,9;CAMPO GRANDE;Sim;Falta de Atenção à Condução;1;Colisão traseira;Com Vítimas Feridas;Plena Noite;Crescente;Céu Claro;Simples;Reta;Sim;119578;Bicicleta;;NA;Condutor;Lesões Leves;44;Masculino;0;1;0;0;-20,6924328;-54,5717947;SR-MS;DEL3/1;UOP03/MS
67509;147383;03/09/2017;domingo;22:00:00;SC;101;302;LAGUNA;Sim;Falta de Atenção à Condução;1;Colisão transversal;Com Vítimas Fatais;Plena Noite;Crescente;Céu Claro;Dupla;Reta;Não;121197;Bicicleta;;NA;Condutor;Óbito;36;Masculino;0;0;0;1;-28,3789;-48,7661;SR-SC;DEL8/2;UOP03/SC
67518;145481;03/09/2017;domingo;21:40:00;MT;70;733,8;CACERES;Sim;Falta de Atenção à Condução;1;Colisão transversal;Com Vítimas Feridas;Plena Noite;Crescente;Céu Claro;Simples;Reta;Sim;119590;Bicicleta;;NA;Condutor;Lesões Leves;36;Feminino;0;1;0;0;-16,0858877;-57,69676477;SR-MT;DEL2/3;UOP01/MT
67541;145662;04/09/2017;segunda-feira;10:42:00;PA;316;8;ANANINDEUA;Sim;Falta de Atenção à Condução;3;Queda de ocupante de veículo;Com Vítimas Feridas;Pleno dia;Crescente;Céu Claro;Dupla;Reta;Sim;119769;Bicicleta;;NA;Condutor;Lesões Leves;29;Masculino;0;1;0;0;-1,3677;-48,3756;SR-PA;DEL19/1;UOP01/PA
67541;145662;04/09/2017;segunda-feira;10:42:00;PA;316;8;ANANINDEUA;Sim;Falta de Atenção à Condução;2;Colisão lateral;Com Vítimas Feridas;Pleno dia;Crescente;Céu Claro;Dupla;Reta;Sim;119769;Bicicleta;;NA;Condutor;Lesões Leves;29;Masculino;0;1;0;0;-1,3677;-48,3756;SR-PA;DEL19/1;UOP01/PA
67541;145662;04/09/2017;segunda-feira;10:42:00;PA;316;8;ANANINDEUA;Sim;Falta de Atenção à Condução;1;Colisão transversal;Com Vítimas Feridas;Pleno dia;Crescente;Céu Claro;Dupla;Reta;Sim;119769;Bicicleta;;NA;Condutor;Lesões Leves;29;Masculino;0;1;0;0;-1,3677;-48,3756;SR-PA;DEL19/1;UOP01/PA
67671;148005;04/09/2017;segunda-feira;08:30:00;SP;101;47,9;UBATUBA;Sim;Falta de Atenção à Condução;1;Colisão transversal;Com Vítimas Feridas;Pleno dia;Crescente;Céu Claro;Simples;Curva;Sim;121662;Bicicleta;;NA;Condutor;Lesões Leves;56;Masculino;0;1;0;0;-23,43777348;-45,08788526;SR-SP;DEL6/7;UOP01/SP
67680;148004;04/09/2017;segunda-feira;18:50:00;PR;277;596,1;CASCAVEL;Sim;Falta de Atenção à Condução;1;Colisão transversal;Com Vítimas Feridas;Plena Noite;Decrescente;Céu Claro;Simples;Reta;Sim;121666;Bicicleta;;NA;Condutor;Lesões Graves;11;Masculino;0;0;1;0;-24,98861471;-53,50819498;SR-PR;DEL7/4;UOP01/PR
67712;145777;23/07/2017;domingo;10:28:00;PR;277;62;SAO JOSE DOS PINHAIS;Sim;Desobediência às normas de trânsito pelo condutor;1;Colisão transversal;Com Vítimas Feridas;Pleno dia;Crescente;Céu Claro;Simples;Desvio Temporário;Não;119908;Bicicleta;;NA;Condutor;Lesões Leves;52;Masculino;0;1;0;0;-25,54782358;-49,04627323;SR-PR;DEL7/1;UOP06/PR
67764;145991;05/09/2017;terça-feira;03:10:00;PR;277;509,7;GUARANIACU;Sim;Falta de Atenção à Condução;1;Colisão traseira;Com Vítimas Feridas;Plena Noite;Decrescente;Céu Claro;Simples;Reta;Não;120090;Bicicleta;;NA;Condutor;Lesões Leves;41;Masculino;0;1;0;0;-25,12188107;-52,77406633;SR-PR;DEL7/4;UOP02/PR
67790;146080;05/09/2017;terça-feira;06:30:00;ES;101;265,5;SERRA;Sim;Desobediência às normas de trânsito pelo condutor;1;Queda de ocupante de veículo;Com Vítimas Feridas;Pleno dia;Crescente;Sol;Múltipla;Reta;Sim;120157;Bicicleta;;NA;Condutor;Lesões Graves;37;Masculino;0;0;1;0;-20,1882427;-40,26847333;SR-ES;DEL12/2;UOP01/ES