id;pesid;data_inversa;dia_semana;horario;uf;br;km;municipio;causa_principal;causa_acidente;ordem_tipo_acidente;tipo_acidente;classificacao_acidente;fase_dia;sentido_via;condicao_metereologica;tipo_pista;tracado_via;uso_solo;id_veiculo;tipo_veiculo;marca;ano_fabricacao_veiculo;tipo_envolvido;estado_fisico;idade;sexo;ilesos;feridos_leves;feridos_graves;mortos;latitude;longitude;regional;delegacia;uop
70889;153012;17/09/2017;domingo;08:40:00;SP;101;32,5;UBATUBA;Não;Defeito Mecânico no Veículo;1;Colisão traseira;Com Vítimas Feridas;Pleno dia;Decrescente;Nublado;Simples;Não Informado;Não;125751;Bicicleta;;NA;Condutor;Lesões Leves;35;Feminino;0;1;0;0;-23,38980003;-44,98906762;SR-SP;DEL6/7;UOP01/SP
70906;153117;11/07/2017;terça-feira;18:00:00;MG;116;175;PADRE PARAISO;Sim;Restrição de Visibilidade;1;Colisão traseira;Com Vítimas Feridas;Pleno dia;Decrescente;Céu Claro;Simples;Curva;Não;125863;Bicicleta;;NA;Condutor;Lesões Leves;49;Masculino;0;1;0;0;-17,0543;-41,4605;SR-MG;DEL4/11;UOP02/MG
70951;153491;17/09/2017;domingo;11:30:00;MG;50;28,1;ARAGUARI;Sim;Falta de Atenção à Condução;1;Queda de ocupante de veículo;Com Vítimas Feridas;Pleno dia;Crescente;Céu Claro;Dupla;Reta;Não;126185;Bicicleta;;NA;Condutor;Lesões Leves;19;Masculino;0;1;0;0;-18,61773817;-48,11747789;SR-MG;DEL4/15;UOP02/MG
70959;154683;17/09/2017;domingo;14:30:00;PA;316;22;BENEVIDES;Sim;Falta de Atenção à Condução;1;Colisão transversal;Com Vítimas Feridas;Pleno dia;Decrescente;Céu Claro;Dupla;Reta;Sim;125897;Bicicleta;;NA;Condutor;Lesões Leves;NA;Masculino;0;1;0;0;-1,34992745;-48,25473189;SR-PA;DEL19/1;UOP01/PA
70959;154683;17/09/2017;domingo;14:30:00;PA;316;22;BENEVIDES;Não;Ingestão de Álcool;1;Colisão transversal;Com Vítimas Feridas;Pleno dia;Decrescente;Céu Claro;Dupla;Reta;Sim;125897;Bicicleta;;NA;Condutor;Lesões Leves;NA;Masculino;0;1;0;0;-1,34992745;-48,25473189;SR-PA;DEL19/1;UOP01/PA
71043;153384;17/09/2017;domingo;19:00:00;MS;163;488,4;CAMPO GRANDE;Sim;Falta de Atenção à Condução;1;Colisão traseira;Com Vítimas Feridas;Plena Noite;Decrescente;Céu Claro;Simples;Reta;Não;126072;Bicicleta;;NA;Testemunha;Não Informado;NA;Não Informado;0;0;0;0;-20,411775;-54,550007;SR-MS;DEL3/1;UOP02/MS
71043;153380;17/09/2017;domingo;19:00:00;MS;163;488,4;CAMPO GRANDE;Sim;Falta de Atenção à Condução;1;Colisão traseira;Com Vítimas Feridas;Plena Noite;Decrescente;Céu Claro;Simples;Reta;Não;126072;Bicicleta;;NA;Condutor;Lesões Leves;20;Masculino;0;1;0;0;-20,411775;-54,550007;SR-MS;DEL3/1;UOP02/MS
71153;153650;15/09/2017;sexta-feira;23:00:00;SC;280;54,8;GUARAMIRIM;Sim;Falta de Atenção à Condução;1;Colisão transversal;Com Vítimas Feridas;Plena Noite;Crescente;Céu Claro;Simples;Reta;Sim;126304;Bicicleta;;NA;Condutor;Ileso;NA;Masculino;1;0;0;0;-26,47607602;-48,99434566;SR-SC;DEL8/3;UOP03/SC
71154;153598;18/09/2017;segunda-feira;06:45:00;RN;101;106,6;PARNAMIRIM;Sim;Falta de Atenção à Condução;2;Colisão lateral;Com Vítimas Feridas;Pleno dia;Decrescente;Sol;Dupla;Reta;Sim;126250;Bicicleta;;NA;Condutor;Lesões Leves;42;Feminino;0;1;0;0;-5,910958;-35,261411;SR-RN;DEL15/1;UOP01/RN
71154;153598;18/09/2017;segunda-feira;06:45:00;RN;101;106,6;PARNAMIRIM;Sim;Falta de Atenção à Condução;1;Colisão transversal;Com Vítimas Feridas;Pleno dia;Decrescente;Sol;Dupla;Reta;Sim;126250;Bicicleta;;NA;Condutor;Lesões Leves;42;Feminino;0;1;0;0;-5,910958;-35,261411;SR-RN;DEL15/1;UOP01/RN
71188;153611;18/09/2017;segunda-feira;09:50:00;ES;101;298;VIANA;Sim;Falta de Atenção à Condução;1;Colisão frontal;Com Vítimas Feridas;Pleno dia;Decrescente;Céu Claro;Dupla;Reta;Sim;126271;Bicicleta;;NA;Condutor;Lesões Leves;77;Masculino;0;1;0;0;-20,35324774;-40,41502655;SR-ES;DEL12/1;UOP01/ES
71240;153973;18/09/2017;segunda-feira;13:25:00;MG;116;413;GOVERNADOR VALADARES;Sim;Desobediência às normas de trânsito pelo condutor;1;Colisão frontal;Com Vítimas Feridas;Pleno dia;Crescente;Céu Claro;Simples;Reta;Sim;126359;Bicicleta;;NA;Condutor;Lesões Leves;21;Masculino;0;1;0;0;-18,8732;-41,9673;SR-MG;DEL4/6;UOP01/MG
71285;153891;18/09/2017;segunda-feira;17:20:00;PR;277;98;CURITIBA;Sim;Ingestão de Álcool;1;Colisão transversal;Com Vítimas Feridas;Pleno dia;Crescente;Céu Claro;Dupla;Reta;Sim;126473;Bicicleta;;NA;Passageiro;Lesões Leves;6;Feminino;0;1;0;0;-25,42998555;-49,34895247;SR-PR;DEL7/1;UOP04/PR
71285;153890;18/09/2017;segunda-feira;17:20:00;PR;277;98;CURITIBA;Sim;Ingestão de Álcool;1;Colisão transversal;Com Vítimas Feridas;Pleno dia;Crescente;Céu Claro;Dupla;Reta;Sim;126473;Bicicleta;;NA;Condutor;Lesões Leves;38;Feminino;0;1;0;0;-25,42998555;-49,34895247;SR-PR;DEL7/1;UOP04/PR
71288;154099;18/09/2017;segunda-feira;17:20:00;CE;226;231;PEDRA BRANCA;Sim;Falta de Atenção à Condução;1;Colisão transversal;Com Vítimas Fatais;Pleno dia;Crescente;Céu Claro;Simples;Reta;Não;126566;Bicicleta;;NA;Passageiro;Ileso;14;Feminino;1;0;0;0;-5,427;-39,8437;SR-CE;DEL16/2;UOP02/CE
71288;154055;18/09/2017;segunda-feira;17:20:00;CE;226;231;PEDRA BRANCA;Sim;Falta de Atenção à Condução;1;Colisão transversal;Com Vítimas Fatais;Pleno dia;Crescente;Céu Claro;Simples;Reta;Não;126566;Bicicleta;;NA;Condutor;Óbito;61;Masculino;0;0;0;1;-5,427;-39,8437;SR-CE;DEL16/2;UOP02/CE
71313;153940;18/09/2017;segunda-feira;18:15:00;MG;116;401,5;GOVERNADOR VALADARES;Sim;Ingestão de Álcool;1;Colisão transversal;Com Vítimas Feridas;Plena Noite;Decrescente;Céu Claro;Simples;Reta;Não;126488;Bicicleta;;NA;Condutor;Lesões Leves;33;Masculino;0;1;0;0;-18,77691802;-41,98713303;SR-MG;DEL4/6;UOP01/MG
71379;154294;19/09/2017;terça-feira;06:45:00;MG;40;528,2;CONTAGEM;Sim;Desobediência às normas de trânsito pelo condutor;1;Atropelamento de Pedestre;Com Vítimas Feridas;Pleno dia;Crescente;Céu Claro;Dupla;Reta;Sim;126816;Bicicleta;;NA;Condutor;Ileso;NA;Não Informado;1;0;0;0;-19,91742;-44,03969;SR-MG;DEL4/1;UOP03/MG
71379;154296;19/09/2017;terça-feira;06:45:00;MG;40;528,2;CONTAGEM;Sim;Desobediência às normas de trânsito pelo condutor;1;Atropelamento de Pedestre;Com Vítimas Feridas;Pleno dia;Crescente;Céu Claro;Dupla;Reta;Sim;126816;Bicicleta;;NA;Pedestre;Lesões Leves;53;Feminino;0;1;0;0;-19,91742;-44,03969;SR-MG;DEL4/1;UOP03/MG
71379;154290;19/09/2017;terça-feira;06:45:00;MG;40;528,2;CONTAGEM;Sim;Desobediência às normas de trânsito pelo condutor;1;Atropelamento de Pedestre;Com Vítimas Feridas;Pleno dia;Crescente;Céu Claro;Dupla;Reta;Sim;126816;Bicicleta;;NA;Pedestre;Lesões Leves;66;Masculino;0;1;0;0;-19,91742;-44,03969;SR-MG;DEL4/1;UOP03/MG
71395;154152;19/09/2017;terça-feira;06:30:00;MS;163;263;DOURADOS;Sim;Falta de Atenção à Condução;1;Colisão transversal;Com Vítimas Feridas;Pleno dia;Crescente;Céu Claro;Dupla;Rotatória;Sim;126694;Bicicleta;;NA;Condutor;Lesões Leves;60;Masculino;0;1;0;0;-22,23203318;-54,74786103;SR-MS;DEL3/4;UOP01/MS
71417;156319;19/09/2017;terça-feira;10:40:00;MG;365;623;UBERLANDIA;Sim;Não guardar distância de segurança;1;Colisão lateral;Com Vítimas Feridas;Pleno dia;Decrescente;Céu Claro;Dupla;Reta;Sim;128522;Bicicleta;;NA;Condutor;Lesões Leves;31;Masculino;0;1;0;0;-18,90975776;-48,30814892;SR-MG;DEL4/15;UOP01/MG
71455;155487;19/09/2017;terça-feira;12:30:00;MG;262;372,8;JUATUBA;Sim;Falta de Atenção à Condução;1;Colisão traseira;Com Vítimas Feridas;Pleno dia;Crescente;Céu Claro;Dupla;Curva;Sim;126934;Bicicleta;;NA;Condutor;Lesões Graves;34;Masculino;0;0;1;0;-19,9506895;-44,37857509;SR-MG;DEL4/1;UOP03/MG
71486;154550;19/09/2017;terça-feira;16:26:00;MG;356;264,5;MURIAE;Sim;Ultrapassagem Indevida;1;Colisão transversal;Com Vítimas Feridas;Pleno dia;Crescente;Céu Claro;Simples;Interseção de vias;Sim;126999;Bicicleta;;NA;Condutor;Lesões Leves;28;Feminino;0;1;0;0;-21,12472704;-42,38049299;SR-MG;DEL4/7;UOP02/MG
71532;154551;19/09/2017;terça-feira;18:50:00;PR;277;1;PARANAGUA;Sim;Falta de Atenção à Condução;1;Colisão lateral;Com Vítimas Feridas;Plena Noite;Decrescente;Céu Claro;Simples;Reta;Não;127017;Bicicleta;;NA;Condutor;Lesões Leves;24;Masculino;0;1;0;0;-25,52616784;-48,54748964;SR-PR;DEL7/1;UOP07/PR
71618;155158;20/09/2017;quarta-feira;08:00:00;MA;10;251;IMPERATRIZ;Sim;Falta de Atenção à Condução;1;Colisão transversal;Com Vítimas Feridas;Pleno dia;Crescente;Sol;Simples;Interseção de vias;Sim;127138;Bicicleta;;NA;Condutor;Lesões Leves;70;Masculino;0;1;0;0;-5,53483242;-47,4698478;SR-MA;DEL18/4;UOP01/MA
71664;154860;20/09/2017;quarta-feira;13:50:00;AC;364;124,9;RIO BRANCO;Sim;Falta de Atenção à Condução;1;Colisão transversal;Com Vítimas Feridas;Pleno dia;Crescente;Céu Claro;Dupla;Rotatória;Sim;127257;Bicicleta;;NA;Condutor;Lesões Leves;55;Masculino;0;1;0;0;-10,0120239;-67,79849231;SR-AC;UOP01/AC;
71737;154960;06/07/2017;quinta-feira;06:30:00;CE;222;3;FORTALEZA;Sim;Falta de Atenção à Condução;1;Queda de ocupante de veículo;Com Vítimas Feridas;Pleno dia;Decrescente;Céu Claro;Múltipla;Reta;Sim;127348;Bicicleta;;NA;Condutor;Lesões Graves;62;Masculino;0;0;1;0;-3,74028819;-38,59480977;SR-CE;DEL16/1;UOP01/CE
71928;155543;21/09/2017;quinta-feira;16:50:00;DF;70;6,2;BRASILIA;Sim;Falta de Atenção à Condução;1;Colisão traseira;Com Vítimas Feridas;Pleno dia;Crescente;Céu Claro;Dupla;Reta;Sim;127844;Bicicleta;;NA;Condutor;Lesões Leves;54;Masculino;0;1;0;0;-15,79064304;-48,10664177;SR-DF;UOP06/DF;
71928;155548;21/09/2017;quinta-feira;16:50:00;DF;70;6,2;BRASILIA;Sim;Falta de Atenção à Condução;1;Colisão traseira;Com Vítimas Feridas;Pleno dia;Crescente;Céu Claro;Dupla;Reta;Sim;127844;Bicicleta;;NA;Testemunha;Não Informado;NA;Não Informado;0;0;0;0;-15,79064304;-48,10664177;SR-DF;UOP06/DF;
71929;155532;21/09/2017;quinta-feira;17:00:00;SC;NA;NA;BALNEARIO CAMBORIU;Sim;Falta de Atenção à Condução;1;Colisão transversal;Com Vítimas Feridas;Pleno dia;Não Informado;Céu Claro;Simples;Reta;Sim;127831;Bicicleta;;NA;Condutor;Lesões Leves;NA;Masculino;0;1;0;0;-27,00354857;-48,63170474;SR-SC;DEL8/4;UOP03/SC
71975;157634;21/09/2017;quinta-feira;19:30:00;SC;101;40;JOINVILLE;Sim;Desobediência às normas de trânsito pelo condutor;1;Colisão transversal;Com Vítimas Feridas;Plena Noite;Crescente;Nublado;Dupla;Interseção de vias;Sim;129574;Bicicleta;;NA;Testemunha;Não Informado;NA;Não Informado;0;0;0;0;-26,3095;-48,8783;SR-SC;DEL8/3;UOP01/SC
71975;157553;21/09/2017;quinta-feira;19:30:00;SC;101;40;JOINVILLE;Sim;Desobediência às normas de trânsito pelo condutor;1;Colisão transversal;Com Vítimas Feridas;Plena Noite;Crescente;Nublado;Dupla;Interseção de vias;Sim;129574;Bicicleta;;NA;Condutor;Lesões Graves;41;Feminino;0;0;1;0;-26,3095;-48,8783;SR-SC;DEL8/3;UOP01/SC
72007;157943;21/09/2017;quinta-feira;21:40:00;SP;459;32;LORENA;Sim;Falta de Atenção à Condução;1;Colisão transversal;Com Vítimas Feridas;Plena Noite;Crescente;Céu Claro;Simples;Reta;Não;127898;Bicicleta;;NA;Condutor;Lesões Graves;33;Masculino;0;0;1;0;-22,74158394;-45,09333578;SR-SP;DEL6/8;UOP03/SP
72133;155864;22/09/2017;sexta-feira;12:10:00;ES;101;295,6;CARIACICA;Sim;Desobediência às normas de trânsito pelo condutor;1;Colisão transversal;Com Vítimas Feridas;Pleno dia;Crescente;Céu Claro;Dupla;Reta;Sim;128104;Bicicleta;;NA;Condutor;Lesões Leves;24;Masculino;0;1;0;0;-20,34817737;-40,41135834;SR-ES;DEL12/1;UOP01/ES
72156;156007;22/09/2017;sexta-feira;14:10:00;PA;316;8;ANANINDEUA;Sim;Desobediência às normas de trânsito pelo condutor;1;Colisão com objeto em movimento;Com Vítimas Feridas;Pleno dia;Crescente;Céu Claro;Dupla;Reta;Sim;128246;Bicicleta;;NA;Condutor;Lesões Leves;32;Masculino;0;1;0;0;-1,36762505;-48,37539911;SR-PA;DEL19/1;UOP01/PA
72172;157889;22/09/2017;sexta-feira;15:50:00;PE;101;8;GOIANA;Sim;Falta de Atenção à Condução;1;Colisão transversal;Com Vítimas Feridas;Pleno dia;Decrescente;Céu Claro;Dupla;Reta;Sim;129869;Bicicleta;;NA;Condutor;Lesões Leves;17;Feminino;0;1;0;0;-7,56326879;-34,99030081;SR-PE;DEL11/1;UOP02/PE
72185;158377;22/09/2017;sexta-feira;16:20:00;MG;40;802,5;MATIAS BARBOSA;Sim;Falta de Atenção à Condução;1;Colisão com objeto estático;Com Vítimas Feridas;Pleno dia;Crescente;Céu Claro;Dupla;Interseção de vias;Não;130234;Bicicleta;;NA;Condutor;Lesões Leves;25;Masculino;0;1;0;0;-21,84769726;-43,38008523;SR-MG;DEL4/5;UOP01/MG
72228;158308;22/09/2017;sexta-feira;19:15:00;PA;163;999;SANTAREM;Sim;Falta de Atenção à Condução;1;Colisão lateral;Com Vítimas Feridas;Plena Noite;Crescente;Céu Claro;Simples;Reta;Sim;128291;Bicicleta;;NA;Passageiro;Lesões Leves;44;Feminino;0;1;0;0;-2,4806167;-54,73112136;SR-PA;DEL19/5;UOP01/PA
72228;158306;22/09/2017;sexta-feira;19:15:00;PA;163;999;SANTAREM;Sim;Falta de Atenção à Condução;1;Colisão lateral;Com Vítimas Feridas;Plena Noite;Crescente;Céu Claro;Simples;Reta;Sim;128291;Bicicleta;;NA;Condutor;Lesões Leves;40;Masculino;0;1;0;0;-2,4806167;-54,73112136;SR-PA;DEL19/5;UOP01/PA
72282;157557;22/09/2017;sexta-feira;21:20:00;RS;290;1,3;OSORIO;Sim;Falta de Atenção à Condução;1;Colisão transversal;Com Vítimas Feridas;Plena Noite;Decrescente;Chuva;Dupla;Curva;Não;129444;Bicicleta;;NA;Condutor;Lesões Leves;30;Masculino;0;1;0;0;-29,895016;-50,285646;SR-RS;DEL9/3;UOP02/RS
72282;157557;22/09/2017;sexta-feira;21:20:00;RS;290;1,3;OSORIO;Não;Restrição de Visibilidade;1;Colisão transversal;Com Vítimas Feridas;Plena Noite;Decrescente;Chuva;Dupla;Curva;Não;129444;Bicicleta;;NA;Condutor;Lesões Leves;30;Masculino;0;1;0;0;-29,895016;-50,285646;SR-RS;DEL9/3;UOP02/RS
72377;156982;23/09/2017;sábado;06:10:00;PE;428;191,5;PETROLINA;Sim;Ingestão de Álcool;1;Colisão lateral;Com Vítimas Feridas;Amanhecer;Crescente;Nublado;Simples;Reta;Sim;129100;Bicicleta;;NA;Condutor;Lesões Leves;43;Masculino;0;1;0;0;-9,3837497;-40,51824931;SR-PE;DEL11/6;UOP01/PE
72398;156681;23/09/2017;sábado;09:40:00;GO;153;70;PORANGATU;Sim;Falta de Atenção à Condução;1;Colisão transversal;Com Vítimas Feridas;Pleno dia;Crescente;Céu Claro;Simples;Reta;Sim;128842;Bicicleta;;NA;Condutor;Lesões Graves;18;Masculino;0;0;1;0;-13,4253;-49,1304;SR-GO;DEL1/7;UOP01/GO
72412;156390;23/09/2017;sábado;09:30:00;PR;277;55,1;SAO JOSE DOS PINHAIS;Sim;Falta de Atenção à Condução;1;Queda de ocupante de veículo;Com Vítimas Feridas;Pleno dia;Crescente;Nevoeiro/Neblina;Dupla;Reta;Não;128570;Bicicleta;;NA;Condutor;Lesões Leves;49;Masculino;0;1;0;0;-25,5747077;-48,98540787;SR-PR;DEL7/1;UOP06/PR
72416;156574;23/09/2017;sábado;10:30:00;SC;101;336,2;TUBARAO;Sim;Falta de Atenção à Condução;1;Colisão frontal;Com Vítimas Feridas;Pleno dia;Decrescente;Céu Claro;Simples;Reta;Sim;128718;Bicicleta;;NA;Testemunha;Não Informado;NA;Não Informado;0;0;0;0;-28,47465654;-49,02637124;SR-SC;DEL8/2;UOP01/SC
72416;156573;23/09/2017;sábado;10:30:00;SC;101;336,2;TUBARAO;Sim;Falta de Atenção à Condução;1;Colisão frontal;Com Vítimas Feridas;Pleno dia;Decrescente;Céu Claro;Simples;Reta;Sim;128718;Bicicleta;;NA;Condutor;Lesões Leves;27;Feminino;0;1;0;0;-28,47465654;-49,02637124;SR-SC;DEL8/2;UOP01/SC
72468;156768;23/09/2017;sábado;15:30:00;PR;116;6;CAMPINA GRANDE DO SUL;Sim;Falta de Atenção à Condução;1;Colisão transversal;Com Vítimas Feridas;Pleno dia;Crescente;Nublado;Dupla;Reta;Sim;128688;Bicicleta;;NA;Condutor;Lesões Leves;69;Masculino;0;1;0;0;-25,3669;-49,0996;SR-PR;DEL7/1;UOP02/PR
72472;156520;23/09/2017;sábado;15:50:00;ES;101;301;VIANA;Sim;Desobediência às normas de trânsito pelo condutor;1;Colisão frontal;Com Vítimas Feridas;Pleno dia;Crescente;Céu Claro;Dupla;Desvio Temporário;Sim;128683;Bicicleta;;NA;Condutor;Lesões Leves;63;Masculino;0;1;0;0;-20,36253191;-40,44055581;SR-ES;DEL12/1;UOP01/ES
72514;156784;23/09/2017;sábado;12:10:00;MG;40;425,7;PARAOPEBA;Sim;Falta de Atenção à Condução;2;Queda de ocupante de veículo;Com Vítimas Feridas;Pleno dia;Crescente;Céu Claro;Dupla;Reta;Sim;128945;Bicicleta;;NA;Condutor;Ileso;51;Masculino;1;0;0;0;-19,16737343;-44,51682687;SR-MG;DEL4/2;UOP01/MG
72514;156784;23/09/2017;sábado;12:10:00;MG;40;425,7;PARAOPEBA;Sim;Falta de Atenção à Condução;1;Colisão lateral;Com Vítimas Feridas;Pleno dia;Crescente;Céu Claro;Dupla;Reta;Sim;128945;Bicicleta;;NA;Condutor;Ileso;51;Masculino;1;0;0;0;-19,16737343;-44,51682687;SR-MG;DEL4/2;UOP01/MG
72514;156785;23/09/2017;sábado;12:10:00;MG;40;425,7;PARAOPEBA;Sim;Falta de Atenção à Condução;2;Queda de ocupante de veículo;Com Vítimas Feridas;Pleno dia;Crescente;Céu Claro;Dupla;Reta;Sim;128946;Bicicleta;;NA;Condutor;Lesões Graves;33;Masculino;0;0;1;0;-19,16737343;-44,51682687;SR-MG;DEL4/2;UOP01/MG
72514;156785;23/09/2017;sábado;12:10:00;MG;40;425,7;PARAOPEBA;Sim;Falta de Atenção à Condução;1;Colisão lateral;Com Vítimas Feridas;Pleno dia;Crescente;Céu Claro;Dupla;Reta;Sim;128946;Bicicleta;;NA;Condutor;Lesões Graves;33;Masculino;0;0;1;0;-19,16737343;-44,51682687;SR-MG;DEL4/2;UOP01/MG
72550;156670;23/09/2017;sábado;21:30:00;ES;101;263,5;SERRA;Sim;Falta de Atenção à Condução;1;Colisão lateral;Com Vítimas Feridas;Plena Noite;Crescente;Céu Claro;Dupla;Reta;Sim;128830;Bicicleta;;NA;Condutor;Lesões Leves;46;Masculino;0;1;0;0;-20,18744603;-40,26729888;SR-ES;DEL12/2;UOP01/ES
72578;156741;23/09/2017;sábado;23:30:00;SC;101;122,5;ITAJAI;Sim;Falta de Atenção à Condução;1;Colisão frontal;Com Vítimas Fatais;Plena Noite;Decrescente;Nublado;Dupla;Reta;Não;128900;Bicicleta;;NA;Condutor;Óbito;50;Masculino;0;0;0;1;-26,93315901;-48,70203495;SR-SC;DEL8/4;UOP04/SC
72578;156747;23/09/2017;sábado;23:30:00;SC;101;122,5;ITAJAI;Sim;Falta de Atenção à Condução;1;Colisão frontal;Com Vítimas Fatais;Plena Noite;Decrescente;Nublado;Dupla;Reta;Não;128900;Bicicleta;;NA;Testemunha;Não Informado;NA;Não Informado;0;0;0;0;-26,93315901;-48,70203495;SR-SC;DEL8/4;UOP04/SC
72661;157038;24/09/2017;domingo;08:40:00;MA;135;7,6;SAO LUIS;Sim;Falta de Atenção à Condução;1;Colisão lateral;Com Vítimas Feridas;Pleno dia;Crescente;Sol;Dupla;Reta;Sim;129131;Bicicleta;;NA;Passageiro;Lesões Leves;43;Feminino;0;1;0;0;-2,63975404;-44,27114993;SR-MA;DEL18/1;UOP01/MA
72661;157037;24/09/2017;domingo;08:40:00;MA;135;7,6;SAO LUIS;Sim;Falta de Atenção à Condução;1;Colisão lateral;Com Vítimas Feridas;Pleno dia;Crescente;Sol;Dupla;Reta;Sim;129131;Bicicleta;;NA;Condutor;Lesões Leves;36;Masculino;0;1;0;0;-2,63975404;-44,27114993;SR-MA;DEL18/1;UOP01/MA
72796;158180;24/09/2017;domingo;18:45:00;AL;316;178;BELEM;Sim;Falta de Atenção à Condução;1;Colisão frontal;Com Vítimas Fatais;Plena Noite;Crescente;Chuva;Simples;Reta;Sim;130088;Bicicleta;;NA;Condutor;Óbito;67;Masculino;0;0;0;1;-9,5792;-36,5012;SR-AL;DEL13/3;UOP01/AL
72800;159410;24/09/2017;domingo;19:15:00;MG;40;513;RIBEIRAO DAS NEVES;Sim;Ultrapassagem Indevida;1;Colisão frontal;Com Vítimas Feridas;Plena Noite;Decrescente;Céu Claro;Dupla;Não Informado;Não;129313;Bicicleta;;NA;Testemunha;Não Informado;NA;Não Informado;0;0;0;0;-19,7985;-44,1051;SR-MG;DEL4/1;UOP03/MG
72800;159407;24/09/2017;domingo;19:15:00;MG;40;513;RIBEIRAO DAS NEVES;Sim;Ultrapassagem Indevida;1;Colisão frontal;Com Vítimas Feridas;Plena Noite;Decrescente;Céu Claro;Dupla;Não Informado;Não;129313;Bicicleta;;NA;Condutor;Lesões Graves;19;Masculino;0;0;1;0;-19,7985;-44,1051;SR-MG;DEL4/1;UOP03/MG
72819;157169;24/09/2017;domingo;07:20:00;MG;116;72;MEDINA;Sim;Falta de Atenção à Condução;1;Colisão lateral;Com Vítimas Feridas;Anoitecer;Crescente;Sol;Simples;Curva;Sim;129216;Bicicleta;;NA;Condutor;Lesões Graves;20;Masculino;0;0;1;0;-16,2203;-41,4711;SR-MG;DEL4/11;UOP02/MG
72965;158591;25/09/2017;segunda-feira;11:25:00;CE;116;37,3;HORIZONTE;Sim;Falta de Atenção à Condução;1;Colisão transversal;Com Vítimas Feridas;Pleno dia;Crescente;Céu Claro;Dupla;Reta;Sim;130392;Bicicleta;;NA;Condutor;Lesões Graves;53;Masculino;0;0;1;0;-4,07780071;-38,50005986;SR-CE;DEL16/1;UOP02/CE
73119;157890;26/09/2017;terça-feira;05:35:00;SC;101;83;BARRA VELHA;Sim;Falta de Atenção à Condução;1;Colisão frontal;Com Vítimas Feridas;Plena Noite;Decrescente;Céu Claro;Simples;Reta;Sim;129861;Bicicleta;;NA;Condutor;Lesões Leves;19;Feminino;0;1;0;0;-26,62142571;-48,71662438;SR-SC;DEL8/3;UOP02/SC
73261;159663;26/09/2017;terça-feira;17:50:00;SC;282;2,3;FLORIANOPOLIS;Sim;Falta de Atenção à Condução;1;Colisão transversal;Com Vítimas Feridas;Anoitecer;Decrescente;Nublado;Dupla;Reta;Sim;131344;Bicicleta;;NA;Condutor;Lesões Leves;20;Masculino;0;1;0;0;-27,60325116;-48,59144032;SR-SC;DEL8/1;UOP01/SC
73283;158402;26/09/2017;terça-feira;19:15:00;RJ;40;61,1;PETROPOLIS;Sim;Desobediência às normas de trânsito pelo condutor;1;Colisão lateral;Com Vítimas Feridas;Plena Noite;Crescente;Nublado;Simples;Não Informado;Sim;130246;Bicicleta;;NA;Condutor;Lesões Graves;24;Masculino;0;0;1;0;-22,40868773;-43,14571381;SR-RJ;DEL5/6;UOP03/RJ
73283;158402;26/09/2017;terça-feira;19:15:00;RJ;40;61,1;PETROPOLIS;Não;Ingestão de Álcool;1;Colisão lateral;Com Vítimas Feridas;Plena Noite;Crescente;Nublado;Simples;Não Informado;Sim;130246;Bicicleta;;NA;Condutor;Lesões Graves;24;Masculino;0;0;1;0;-22,40868773;-43,14571381;SR-RJ;DEL5/6;UOP03/RJ
73302;160222;26/09/2017;terça-feira;21:00:00;DF;60;26;BRASILIA;Sim;Falta de Atenção à Condução;1;Queda de ocupante de veículo;Com Vítimas Feridas;Plena Noite;Crescente;Céu Claro;Dupla;Reta;Não;130258;Bicicleta;;NA;Condutor;Lesões Graves;41;Feminino;0;0;1;0;-15,99448974;-48,23613698;SR-DF;UOP03/DF;
73409;158562;27/09/2017;quarta-feira;11:40:00;PR;376;391,3;TIBAGI;Sim;Defeito Mecânico no Veículo;1;Tombamento;Com Vítimas Feridas;Pleno dia;Crescente;Céu Claro;Simples;Curva;Não;130385;Bicicleta;;NA;Condutor;Lesões Leves;53;Masculino;0;1;0;0;-24,48721681;-50,73196207;SR-PR;DEL7/3;UOP05/PR
73505;160433;27/09/2017;quarta-feira;19:00:00;BA;101;717;EUNAPOLIS;Sim;Falta de Atenção à Condução;1;Colisão lateral;Com Vítimas Feridas;Plena Noite;Crescente;Céu Claro;Simples;Reta;Sim;131996;Bicicleta;;NA;Condutor;Lesões Leves;62;Feminino;0;1;0;0;-16,3965027;-39,584676;SR-BA;DEL10/9;UOP01/BA
73558;161799;28/09/2017;quinta-feira;07:15:00;PR;476;139,5;CURITIBA;Sim;Falta de Atenção à Condução;1;Colisão frontal;Com Vítimas Feridas;Pleno dia;Crescente;Céu Claro;Múltipla;Reta;Não;133179;Bicicleta;;NA;Condutor;Lesões Leves;47;Masculino;0;1;0;0;-25,5162947;-49,29169669;SR-PR;DEL7/1;UOP01/PR