id;pesid;data_inversa;dia_semana;horario;uf;br;km;municipio;causa_principal;causa_acidente;ordem_tipo_acidente;tipo_acidente;classificacao_acidente;fase_dia;sentido_via;condicao_metereologica;tipo_pista;tracado_via;uso_solo;id_veiculo;tipo_veiculo;marca;ano_fabricacao_veiculo;tipo_envolvido;estado_fisico;idade;sexo;ilesos;feridos_leves;feridos_graves;mortos;latitude;longitude;regional;delegacia;uop
82443;177802;30/10/2017;segunda-feira;17:00:00;PE;232;6;RECIFE;Sim;Falta de Atenção à Condução;1;Colisão lateral;Sem Vítimas;Anoitecer;Crescente;Céu Claro;Dupla;Reta;Sim;146495;Bicicleta;;NA;Condutor;Ileso;25;Masculino;1;0;0;0;-8,0712;-34,9547;SR-PE;DEL11/1;UOP01/PE
82536;184707;31/10/2017;terça-feira;07:00:00;ES;101;417;CACHOEIRO DE ITAPEMIRIM;Sim;Falta de Atenção à Condução;1;Queda de ocupante de veículo;Com Vítimas Feridas;Pleno dia;Decrescente;Garoa/Chuvisco;Simples;Reta;Não;152254;Bicicleta;;NA;Condutor;Lesões Leves;61;Masculino;0;1;0;0;-20,9653;-41,107;SR-ES;DEL12/3;UOP02/ES
82695;182292;31/10/2017;terça-feira;18:00:00;CE;116;6,7;FORTALEZA;Sim;Falta de Atenção à Condução;5;Tombamento;Com Vítimas Fatais;Plena Noite;Crescente;Céu Claro;Múltipla;Reta;Sim;147011;Bicicleta;;NA;Testemunha;Não Informado;NA;Não Informado;0;0;0;0;-3,807108;-38,50195;SR-CE;DEL16/1;UOP02/CE
82695;182292;31/10/2017;terça-feira;18:00:00;CE;116;6,7;FORTALEZA;Sim;Falta de Atenção à Condução;4;Colisão com objeto estático;Com Vítimas Fatais;Plena Noite;Crescente;Céu Claro;Múltipla;Reta;Sim;147011;Bicicleta;;NA;Testemunha;Não Informado;NA;Não Informado;0;0;0;0;-3,807108;-38,50195;SR-CE;DEL16/1;UOP02/CE
82695;182292;31/10/2017;terça-feira;18:00:00;CE;116;6,7;FORTALEZA;Sim;Falta de Atenção à Condução;3;Queda de ocupante de veículo;Com Vítimas Fatais;Plena Noite;Crescente;Céu Claro;Múltipla;Reta;Sim;147011;Bicicleta;;NA;Testemunha;Não Informado;NA;Não Informado;0;0;0;0;-3,807108;-38,50195;SR-CE;DEL16/1;UOP02/CE
82695;182292;31/10/2017;terça-feira;18:00:00;CE;116;6,7;FORTALEZA;Sim;Falta de Atenção à Condução;2;Queda de ocupante de veículo;Com Vítimas Fatais;Plena Noite;Crescente;Céu Claro;Múltipla;Reta;Sim;147011;Bicicleta;;NA;Testemunha;Não Informado;NA;Não Informado;0;0;0;0;-3,807108;-38,50195;SR-CE;DEL16/1;UOP02/CE
82695;182292;31/10/2017;terça-feira;18:00:00;CE;116;6,7;FORTALEZA;Sim;Falta de Atenção à Condução;1;Colisão transversal;Com Vítimas Fatais;Plena Noite;Crescente;Céu Claro;Múltipla;Reta;Sim;147011;Bicicleta;;NA;Testemunha;Não Informado;NA;Não Informado;0;0;0;0;-3,807108;-38,50195;SR-CE;DEL16/1;UOP02/CE
82695;178478;31/10/2017;terça-feira;18:00:00;CE;116;6,7;FORTALEZA;Sim;Falta de Atenção à Condução;5;Tombamento;Com Vítimas Fatais;Plena Noite;Crescente;Céu Claro;Múltipla;Reta;Sim;147011;Bicicleta;;NA;Condutor;Óbito;52;Masculino;0;0;0;1;-3,807108;-38,50195;SR-CE;DEL16/1;UOP02/CE
82695;178478;31/10/2017;terça-feira;18:00:00;CE;116;6,7;FORTALEZA;Sim;Falta de Atenção à Condução;4;Colisão com objeto estático;Com Vítimas Fatais;Plena Noite;Crescente;Céu Claro;Múltipla;Reta;Sim;147011;Bicicleta;;NA;Condutor;Óbito;52;Masculino;0;0;0;1;-3,807108;-38,50195;SR-CE;DEL16/1;UOP02/CE
82695;178478;31/10/2017;terça-feira;18:00:00;CE;116;6,7;FORTALEZA;Sim;Falta de Atenção à Condução;3;Queda de ocupante de veículo;Com Vítimas Fatais;Plena Noite;Crescente;Céu Claro;Múltipla;Reta;Sim;147011;Bicicleta;;NA;Condutor;Óbito;52;Masculino;0;0;0;1;-3,807108;-38,50195;SR-CE;DEL16/1;UOP02/CE
82695;178478;31/10/2017;terça-feira;18:00:00;CE;116;6,7;FORTALEZA;Sim;Falta de Atenção à Condução;2;Queda de ocupante de veículo;Com Vítimas Fatais;Plena Noite;Crescente;Céu Claro;Múltipla;Reta;Sim;147011;Bicicleta;;NA;Condutor;Óbito;52;Masculino;0;0;0;1;-3,807108;-38,50195;SR-CE;DEL16/1;UOP02/CE
82695;178478;31/10/2017;terça-feira;18:00:00;CE;116;6,7;FORTALEZA;Sim;Falta de Atenção à Condução;1;Colisão transversal;Com Vítimas Fatais;Plena Noite;Crescente;Céu Claro;Múltipla;Reta;Sim;147011;Bicicleta;;NA;Condutor;Óbito;52;Masculino;0;0;0;1;-3,807108;-38,50195;SR-CE;DEL16/1;UOP02/CE
82700;181148;31/10/2017;terça-feira;19:00:00;RS;116;297,8;GUAIBA;Sim;Falta de Atenção do Pedestre;1;Atropelamento de Pedestre;Com Vítimas Feridas;Pleno dia;Crescente;Céu Claro;Dupla;Reta;Sim;147332;Bicicleta;;NA;Condutor;Lesões Graves;13;Masculino;0;0;1;0;-30,10126;-51,34344;SR-RS;DEL9/2;UOP01/RS
82809;181087;25/10/2017;quarta-feira;07:05:00;SC;101;132;BALNEARIO CAMBORIU;Sim;Falta de Atenção à Condução;1;Colisão lateral;Com Vítimas Feridas;Pleno dia;Crescente;Nublado;Simples;Reta;Sim;149135;Bicicleta;;NA;Condutor;Lesões Graves;50;Masculino;0;0;1;0;-26,99896;-48,64811;SR-SC;DEL8/4;UOP03/SC
82910;183223;01/11/2017;quarta-feira;18:00:00;SC;280;305;PORTO UNIAO;Sim;Falta de Atenção à Condução;1;Colisão transversal;Com Vítimas Feridas;Pleno dia;Crescente;Céu Claro;Simples;Reta;Sim;150935;Bicicleta;;NA;Condutor;Lesões Leves;59;Masculino;0;1;0;0;-26,2426;-51,0744;SR-SC;DEL8/6;UOP04/SC
82915;179049;01/11/2017;quarta-feira;18:10:00;SP;116;150;SAO JOSE DOS CAMPOS;Sim;Falta de Atenção à Condução;1;Colisão frontal;Com Vítimas Feridas;Anoitecer;Crescente;Nublado;Múltipla;Reta;Sim;147408;Bicicleta;;NA;Condutor;Lesões Leves;31;Masculino;0;1;0;0;-23,21487;-45,89521;SR-SP;DEL6/2;UOP01/SP
82915;179050;01/11/2017;quarta-feira;18:10:00;SP;116;150;SAO JOSE DOS CAMPOS;Sim;Falta de Atenção à Condução;1;Colisão frontal;Com Vítimas Feridas;Anoitecer;Crescente;Nublado;Múltipla;Reta;Sim;147409;Bicicleta;;NA;Condutor;Lesões Leves;28;Masculino;0;1;0;0;-23,21487;-45,89521;SR-SP;DEL6/2;UOP01/SP
82979;182818;01/11/2017;quarta-feira;22:20:00;RJ;116;213,8;PARACAMBI;Sim;Restrição de Visibilidade;1;Colisão transversal;Sem Vítimas;Plena Noite;Crescente;Ignorado;Dupla;Curva;Não;147604;Bicicleta;;NA;Condutor;Ileso;81;Masculino;1;0;0;0;-22,69298;-43,77236;SR-RJ;DEL5/1;UOP03/RJ
82979;182818;01/11/2017;quarta-feira;22:20:00;RJ;116;213,8;PARACAMBI;Não;Falta de Atenção à Condução;1;Colisão transversal;Sem Vítimas;Plena Noite;Crescente;Ignorado;Dupla;Curva;Não;147604;Bicicleta;;NA;Condutor;Ileso;81;Masculino;1;0;0;0;-22,69298;-43,77236;SR-RJ;DEL5/1;UOP03/RJ
83001;178978;02/11/2017;quinta-feira;01:30:00;SC;470;162;TROMBUDO CENTRAL;Sim;Restrição de Visibilidade;2;Colisão com objeto estático;Com Vítimas Feridas;Plena Noite;Decrescente;Céu Claro;Simples;Curva;Não;147482;Bicicleta;;NA;Condutor;Lesões Leves;52;Masculino;0;1;0;0;-27,28283;-49,81681;SR-SC;DEL8/4;UOP02/SC
83001;178978;02/11/2017;quinta-feira;01:30:00;SC;470;162;TROMBUDO CENTRAL;Sim;Restrição de Visibilidade;1;Tombamento;Com Vítimas Feridas;Plena Noite;Decrescente;Céu Claro;Simples;Curva;Não;147482;Bicicleta;;NA;Condutor;Lesões Leves;52;Masculino;0;1;0;0;-27,28283;-49,81681;SR-SC;DEL8/4;UOP02/SC
83055;181210;02/11/2017;quinta-feira;11:00:00;DF;80;19;BRASILIA;Sim;Falta de Atenção à Condução;1;Colisão frontal;Com Vítimas Feridas;Pleno dia;Crescente;Céu Claro;Dupla;Reta;Sim;149247;Bicicleta;;NA;Condutor;Lesões Leves;72;Masculino;0;1;0;0;-15,66518;-48,20351;SR-DF;UOP06/DF;
83077;179217;02/11/2017;quinta-feira;11:50:00;ES;101;144;LINHARES;Sim;Ingestão de Álcool;1;Tombamento;Com Vítimas Feridas;Pleno dia;Crescente;Nublado;Dupla;Reta;Sim;147641;Bicicleta;;NA;Condutor;Lesões Leves;46;Masculino;0;1;0;0;-19,3757;-40,0662;SR-ES;DEL12/4;UOP01/ES
83192;179471;02/11/2017;quinta-feira;19:10:00;MA;222;335,1;IGARAPE DO MEIO;Sim;Falta de Atenção à Condução;1;Colisão traseira;Com Vítimas Feridas;Plena Noite;Decrescente;Céu Claro;Simples;Reta;Sim;147815;Bicicleta;MONARK/;NA;Condutor;Lesões Graves;71;Masculino;0;0;1;0;-3,62505;-45,15722;SR-MA;DEL18/2;UOP02/MA
83264;179725;03/11/2017;sexta-feira;11:45:00;RJ;101;81;CAMPOS DOS GOYTACAZES;Sim;Ingestão de Álcool;2;Queda de ocupante de veículo;Com Vítimas Feridas;Pleno dia;Crescente;Nublado;Simples;Reta;Não;148030;Bicicleta;;NA;Condutor;Lesões Leves;50;Masculino;0;1;0;0;-21,83162;-41,45111;SR-RJ;DEL5/8;UOP02/RJ
83264;179725;03/11/2017;sexta-feira;11:45:00;RJ;101;81;CAMPOS DOS GOYTACAZES;Sim;Ingestão de Álcool;1;Colisão com objeto em movimento;Com Vítimas Feridas;Pleno dia;Crescente;Nublado;Simples;Reta;Não;148030;Bicicleta;;NA;Condutor;Lesões Leves;50;Masculino;0;1;0;0;-21,83162;-41,45111;SR-RJ;DEL5/8;UOP02/RJ
83384;180810;03/11/2017;sexta-feira;19:45:00;PR;376;1;SAO JOSE DOS PINHAIS;Sim;Objeto estático sobre o leito carroçável;1;Colisão traseira;Com Vítimas Feridas;Plena Noite;Decrescente;Garoa/Chuvisco;Dupla;Reta;Sim;148784;Bicicleta;;NA;Condutor;Lesões Leves;17;Feminino;0;1;0;0;-25,5583;-49,18528;SR-PR;DEL7/7;UOP04/PR
83384;180992;03/11/2017;sexta-feira;19:45:00;PR;376;1;SAO JOSE DOS PINHAIS;Sim;Objeto estático sobre o leito carroçável;1;Colisão traseira;Com Vítimas Feridas;Plena Noite;Decrescente;Garoa/Chuvisco;Dupla;Reta;Sim;148784;Bicicleta;;NA;Testemunha;Não Informado;NA;Não Informado;0;0;0;0;-25,5583;-49,18528;SR-PR;DEL7/7;UOP04/PR
83512;180103;30/06/2017;sexta-feira;23:45:00;PR;116;166,2;QUITANDINHA;Sim;Falta de Atenção à Condução;1;Colisão traseira;Com Vítimas Feridas;Plena Noite;Crescente;Ignorado;Simples;Curva;Sim;148379;Bicicleta;MONARK/;NA;Condutor;Lesões Graves;60;Masculino;0;0;1;0;-25,87502;-49,4824;SR-PR;DEL7/1;UOP03/PR
83512;180103;30/06/2017;sexta-feira;23:45:00;PR;116;166,2;QUITANDINHA;Não;Ingestão de Álcool;1;Colisão traseira;Com Vítimas Feridas;Plena Noite;Crescente;Ignorado;Simples;Curva;Sim;148379;Bicicleta;MONARK/;NA;Condutor;Lesões Graves;60;Masculino;0;0;1;0;-25,87502;-49,4824;SR-PR;DEL7/1;UOP03/PR
83556;180242;04/11/2017;sábado;14:50:00;SC;163;71,6;SAO MIGUEL DO OESTE;Sim;Não guardar distância de segurança;1;Queda de ocupante de veículo;Com Vítimas Feridas;Pleno dia;Crescente;Nublado;Dupla;Não Informado;Sim;148478;Bicicleta;;NA;Condutor;Lesões Leves;49;Masculino;0;1;0;0;-26,70809;-53,51425;SR-SC;DEL8/8;UOP03/SC
83556;180388;04/11/2017;sábado;14:50:00;SC;163;71,6;SAO MIGUEL DO OESTE;Sim;Não guardar distância de segurança;1;Queda de ocupante de veículo;Com Vítimas Feridas;Pleno dia;Crescente;Nublado;Dupla;Não Informado;Sim;148478;Bicicleta;;NA;Testemunha;Não Informado;NA;Não Informado;0;0;0;0;-26,70809;-53,51425;SR-SC;DEL8/8;UOP03/SC
83556;180388;04/11/2017;sábado;14:50:00;SC;163;71,6;SAO MIGUEL DO OESTE;Sim;Não guardar distância de segurança;1;Queda de ocupante de veículo;Com Vítimas Feridas;Pleno dia;Crescente;Nublado;Dupla;Não Informado;Sim;148476;Bicicleta;;NA;Testemunha;Não Informado;NA;Não Informado;0;0;0;0;-26,70809;-53,51425;SR-SC;DEL8/8;UOP03/SC
83556;180389;04/11/2017;sábado;14:50:00;SC;163;71,6;SAO MIGUEL DO OESTE;Sim;Não guardar distância de segurança;1;Queda de ocupante de veículo;Com Vítimas Feridas;Pleno dia;Crescente;Nublado;Dupla;Não Informado;Sim;148478;Bicicleta;;NA;Testemunha;Não Informado;NA;Não Informado;0;0;0;0;-26,70809;-53,51425;SR-SC;DEL8/8;UOP03/SC
83556;180389;04/11/2017;sábado;14:50:00;SC;163;71,6;SAO MIGUEL DO OESTE;Sim;Não guardar distância de segurança;1;Queda de ocupante de veículo;Com Vítimas Feridas;Pleno dia;Crescente;Nublado;Dupla;Não Informado;Sim;148476;Bicicleta;;NA;Testemunha;Não Informado;NA;Não Informado;0;0;0;0;-26,70809;-53,51425;SR-SC;DEL8/8;UOP03/SC
83556;180387;04/11/2017;sábado;14:50:00;SC;163;71,6;SAO MIGUEL DO OESTE;Sim;Não guardar distância de segurança;1;Queda de ocupante de veículo;Com Vítimas Feridas;Pleno dia;Crescente;Nublado;Dupla;Não Informado;Sim;148476;Bicicleta;;NA;Condutor;Lesões Graves;58;Masculino;0;0;1;0;-26,70809;-53,51425;SR-SC;DEL8/8;UOP03/SC
83619;180407;04/11/2017;sábado;20:05:00;RJ;101;263,9;RIO BONITO;Sim;Falta de Atenção à Condução;1;Colisão traseira;Com Vítimas Fatais;Plena Noite;Crescente;Céu Claro;Dupla;Reta;Sim;148625;Bicicleta;;NA;Condutor;Óbito;38;Masculino;0;0;0;1;-22,71815;-42,63487;SR-RJ;DEL5/2;UOP03/RJ
83788;181824;05/11/2017;domingo;11:30:00;CE;116;515,2;BREJO SANTO;Sim;Falta de Atenção à Condução;1;Colisão transversal;Com Vítimas Feridas;Pleno dia;Crescente;Céu Claro;Simples;Reta;Não;148915;Bicicleta;;NA;Condutor;Lesões Graves;906;Masculino;0;0;1;0;-7,59514;-39,02628;SR-CE;DEL16/5;UOP03/CE
83826;180894;05/11/2017;domingo;16:00:00;PR;277;79,8;CURITIBA;Sim;Ingestão de Álcool;1;Colisão traseira;Com Vítimas Feridas;Pleno dia;Crescente;Nublado;Dupla;Reta;Sim;149007;Bicicleta;;NA;Condutor;Lesões Leves;48;Masculino;0;1;0;0;-25,47412;-49,2091;SR-PR;DEL7/1;UOP06/PR
83891;182869;05/11/2017;domingo;19:45:00;SC;280;21;ARAQUARI;Sim;Desobediência às normas de trânsito pelo condutor;1;Colisão transversal;Com Vítimas Feridas;Plena Noite;Decrescente;Nublado;Simples;Reta;Sim;149757;Bicicleta;;NA;Passageiro;Lesões Graves;21;Masculino;0;0;1;0;-26,37034;-48,68886;SR-SC;DEL8/3;UOP03/SC
83891;181796;05/11/2017;domingo;19:45:00;SC;280;21;ARAQUARI;Sim;Desobediência às normas de trânsito pelo condutor;1;Colisão transversal;Com Vítimas Feridas;Plena Noite;Decrescente;Nublado;Simples;Reta;Sim;149757;Bicicleta;;NA;Condutor;Lesões Graves;34;Masculino;0;0;1;0;-26,37034;-48,68886;SR-SC;DEL8/3;UOP03/SC
83994;181855;06/11/2017;segunda-feira;08:00:00;SP;101;47,5;UBATUBA;Sim;Falta de Atenção à Condução;1;Colisão transversal;Sem Vítimas;Pleno dia;Crescente;Chuva;Simples;Reta;Sim;149174;Bicicleta;;NA;Condutor;Não Informado;NA;Não Informado;0;0;0;0;-23,43303;-45,08538;SR-SP;DEL6/7;UOP01/SP
84023;183209;06/11/2017;segunda-feira;07:10:00;RO;319;62;PORTO VELHO;Sim;Falta de Atenção à Condução;1;Colisão transversal;Com Vítimas Feridas;Pleno dia;Crescente;Céu Claro;Dupla;Reta;Sim;150728;Bicicleta;;NA;Condutor;Lesões Graves;75;Masculino;0;0;1;0;-8,762345;-63,90435;SR-RO;DEL21/1;UOP01/RO
84085;181310;06/11/2017;segunda-feira;14:20:00;SC;101;195;BIGUACU;Sim;Falta de Atenção à Condução;1;Tombamento;Com Vítimas Feridas;Pleno dia;Crescente;Sol;Dupla;Viaduto;Sim;149324;Bicicleta;;NA;Condutor;Lesões Leves;33;Feminino;0;1;0;0;-27,50672;-48,64749;SR-SC;DEL8/1;UOP01/SC
84230;183370;07/11/2017;terça-feira;07:58:00;RS;116;612,4;ARROIO GRANDE;Sim;Desobediência às normas de trânsito pelo condutor;1;Colisão transversal;Com Vítimas Feridas;Pleno dia;Decrescente;Céu Claro;Simples;Reta;Sim;151018;Bicicleta;MONARK/;NA;Testemunha;Não Informado;NA;Não Informado;0;0;0;0;-32,24944;-53,07362;SR-RS;DEL9/7;UOP03/RS
84230;183316;07/11/2017;terça-feira;07:58:00;RS;116;612,4;ARROIO GRANDE;Sim;Desobediência às normas de trânsito pelo condutor;1;Colisão transversal;Com Vítimas Feridas;Pleno dia;Decrescente;Céu Claro;Simples;Reta;Sim;151018;Bicicleta;MONARK/;NA;Condutor;Lesões Graves;70;Masculino;0;0;1;0;-32,24944;-53,07362;SR-RS;DEL9/7;UOP03/RS
84245;181645;07/11/2017;terça-feira;08:50:00;DF;60;0,6;BRASILIA;Sim;Falta de Atenção à Condução;1;Colisão transversal;Com Vítimas Feridas;Pleno dia;Decrescente;Nublado;Dupla;Reta;Sim;149622;Bicicleta;;NA;Condutor;Lesões Graves;29;Masculino;0;0;1;0;-15,88407;-48,06545;SR-DF;UOP03/DF;
84292;181823;07/11/2017;terça-feira;12:55:00;PR;476;131;CURITIBA;Sim;Falta de Atenção à Condução;1;Colisão traseira;Com Vítimas Feridas;Pleno dia;Decrescente;Céu Claro;Simples;Não Informado;Sim;149778;Bicicleta;;NA;Condutor;Lesões Leves;20;Masculino;0;1;0;0;-25,4544;-49,2475;SR-PR;DEL7/1;UOP06/PR
84295;184061;07/11/2017;terça-feira;13:30:00;DF;20;7,4;BRASILIA;Sim;Falta de Atenção à Condução;1;Colisão transversal;Com Vítimas Feridas;Pleno dia;Decrescente;Nublado;Dupla;Reta;Sim;151723;Bicicleta;;NA;Condutor;Lesões Leves;64;Masculino;0;1;0;0;-15,66048;-47,79651;SR-DF;UOP04/DF;
84321;181834;07/11/2017;terça-feira;13:55:00;RR;401;1,9;BOA VISTA;Sim;Falta de Atenção à Condução;1;Colisão transversal;Com Vítimas Feridas;Pleno dia;Decrescente;Nublado;Dupla;Interseção de vias;Sim;149783;Bicicleta;;NA;Testemunha;Não Informado;NA;Não Informado;0;0;0;0;2,819364;-60,67377;SR-RR;UOP01/RR;
84321;181834;07/11/2017;terça-feira;13:55:00;RR;401;1,9;BOA VISTA;Não;Desobediência às normas de trânsito pelo condutor;1;Colisão transversal;Com Vítimas Feridas;Pleno dia;Decrescente;Nublado;Dupla;Interseção de vias;Sim;149783;Bicicleta;;NA;Testemunha;Não Informado;NA;Não Informado;0;0;0;0;2,819364;-60,67377;SR-RR;UOP01/RR;
84321;181831;07/11/2017;terça-feira;13:55:00;RR;401;1,9;BOA VISTA;Sim;Falta de Atenção à Condução;1;Colisão transversal;Com Vítimas Feridas;Pleno dia;Decrescente;Nublado;Dupla;Interseção de vias;Sim;149783;Bicicleta;;NA;Condutor;Lesões Leves;10;Masculino;0;1;0;0;2,819364;-60,67377;SR-RR;UOP01/RR;
84321;181831;07/11/2017;terça-feira;13:55:00;RR;401;1,9;BOA VISTA;Não;Desobediência às normas de trânsito pelo condutor;1;Colisão transversal;Com Vítimas Feridas;Pleno dia;Decrescente;Nublado;Dupla;Interseção de vias;Sim;149783;Bicicleta;;NA;Condutor;Lesões Leves;10;Masculino;0;1;0;0;2,819364;-60,67377;SR-RR;UOP01/RR;
84372;184867;07/11/2017;terça-feira;18:55:00;SP;116;0,5;GUARULHOS;Sim;Desobediência às normas de trânsito pelo condutor;1;Colisão transversal;Sem Vítimas;Anoitecer;Crescente;Nublado;Dupla;Não Informado;Sim;149899;Bicicleta;;NA;Condutor;Ileso;NA;Masculino;1;0;0;0;-23,44993;-46,49021;SR-SP;DEL6/1;UOP01/SP
84402;182064;07/11/2017;terça-feira;21:20:00;MG;381;639,9;SANTO ANTONIO DO AMPARO;Sim;Falta de Atenção à Condução;1;Colisão transversal;Com Vítimas Fatais;Plena Noite;Decrescente;Céu Claro;Dupla;Curva;Não;149981;Bicicleta;;NA;Condutor;Óbito;45;Masculino;0;0;0;1;-20,89869;-44,8546;SR-MG;DEL4/4;UOP01/MG
84460;182300;08/11/2017;quarta-feira;07:30:00;ES;262;16,9;VIANA;Sim;Falta de Atenção à Condução;1;Colisão com objeto em movimento;Com Vítimas Feridas;Pleno dia;Decrescente;Garoa/Chuvisco;Simples;Reta;Sim;150194;Bicicleta;;NA;Condutor;Lesões Graves;48;Masculino;0;0;1;0;-20,38691;-40,47377;SR-ES;DEL12/1;UOP01/ES
84473;182188;08/11/2017;quarta-feira;08:40:00;RJ;101;0;TANGUA;Sim;Não guardar distância de segurança;1;Colisão lateral;Com Vítimas Feridas;Pleno dia;Decrescente;Nublado;Dupla;Reta;Sim;150088;Bicicleta;;NA;Condutor;Lesões Leves;47;Masculino;0;1;0;0;-22,7384;-42,7687;SR-RJ;DEL5/8;UOP01/RJ
84479;182178;08/11/2017;quarta-feira;09:00:00;ES;101;257;SERRA;Sim;Desobediência às normas de trânsito pelo condutor;1;Colisão lateral;Com Vítimas Feridas;Pleno dia;Crescente;Chuva;Simples;Reta;Não;150067;Bicicleta;;NA;Condutor;Lesões Leves;47;Masculino;0;1;0;0;-20,12654;-40,30124;SR-ES;DEL12/2;UOP01/ES
84497;182480;08/11/2017;quarta-feira;10:25:00;RJ;101;73;CAMPOS DOS GOYTACAZES;Sim;Falta de Atenção à Condução;1;Atropelamento de Pedestre;Com Vítimas Feridas;Pleno dia;Crescente;Nublado;Simples;Curva;Sim;150305;Bicicleta;;NA;Condutor;Lesões Graves;39;Masculino;0;0;1;0;-21,8004;-41,3948;SR-RJ;DEL5/8;UOP02/RJ
84497;184262;08/11/2017;quarta-feira;10:25:00;RJ;101;73;CAMPOS DOS GOYTACAZES;Sim;Falta de Atenção à Condução;1;Atropelamento de Pedestre;Com Vítimas Feridas;Pleno dia;Crescente;Nublado;Simples;Curva;Sim;150305;Bicicleta;;NA;Testemunha;Não Informado;NA;Não Informado;0;0;0;0;-21,8004;-41,3948;SR-RJ;DEL5/8;UOP02/RJ
84564;182459;28/08/2017;segunda-feira;13:00:00;MG;116;416;GOVERNADOR VALADARES;Sim;Desobediência às normas de trânsito pelo condutor;1;Colisão lateral;Com Vítimas Feridas;Pleno dia;Decrescente;Ignorado;Simples;Curva;Sim;150236;Bicicleta;MONARK/;NA;Condutor;Lesões Graves;NA;Masculino;0;0;1;0;-18,89619;-41,94796;SR-MG;DEL4/6;UOP01/MG
84575;182556;08/11/2017;quarta-feira;18:11:00;MS;163;260,2;DOURADOS;Sim;Falta de Atenção à Condução;1;Colisão lateral;Com Vítimas Feridas;Pleno dia;Decrescente;Céu Claro;Dupla;Reta;Sim;150388;Bicicleta;;NA;Testemunha;Não Informado;NA;Não Informado;0;0;0;0;-22,23945;-54,76762;SR-MS;DEL3/4;UOP01/MS
84575;182555;08/11/2017;quarta-feira;18:11:00;MS;163;260,2;DOURADOS;Sim;Falta de Atenção à Condução;1;Colisão lateral;Com Vítimas Feridas;Pleno dia;Decrescente;Céu Claro;Dupla;Reta;Sim;150388;Bicicleta;;NA;Condutor;Lesões Graves;18;Masculino;0;0;1;0;-22,23945;-54,76762;SR-MS;DEL3/4;UOP01/MS
84599;182543;08/11/2017;quarta-feira;20:20:00;PB;101;44,6;MAMANGUAPE;Sim;Falta de Atenção à Condução;1;Colisão traseira;Com Vítimas Fatais;Plena Noite;Decrescente;Céu Claro;Dupla;Reta;Não;150376;Bicicleta;;NA;Condutor;Óbito;NA;Não Informado;0;0;0;1;-6,876281;-35,1322;SR-PB;DEL14/1;UOP03/PB
84687;182743;09/11/2017;quinta-feira;09:50:00;SC;101;31,5;JOINVILLE;Sim;Restrição de Visibilidade;1;Colisão traseira;Com Vítimas Feridas;Pleno dia;Crescente;Nublado;Dupla;Reta;Não;150504;Bicicleta;;NA;Condutor;Lesões Graves;64;Masculino;0;0;1;0;-26,24079;-48,9126;SR-SC;DEL8/3;UOP01/SC
84769;182975;09/11/2017;quinta-feira;17:10:00;SC;282;4,5;SAO JOSE;Sim;Falta de Atenção à Condução;1;Danos eventuais;Com Vítimas Feridas;Pleno dia;Crescente;Céu Claro;Dupla;Reta;Sim;150724;Bicicleta;;NA;Condutor;Lesões Leves;51;Masculino;0;1;0;0;-27,59135;-48,6068;SR-SC;DEL8/1;UOP01/SC
84810;183015;09/11/2017;quinta-feira;18:00:00;BA;324;514,4;FEIRA DE SANTANA;Sim;Falta de Atenção à Condução;1;Colisão frontal;Com Vítimas Feridas;Plena Noite;Decrescente;Céu Claro;Simples;Não Informado;Sim;150717;Bicicleta;;NA;Condutor;Lesões Graves;24;Masculino;0;0;1;0;-12,2403;-38,93859;SR-BA;DEL10/2;UOP01/BA
84817;185104;09/11/2017;quinta-feira;18:40:00;CE;116;11,7;FORTALEZA;Sim;Falta de Atenção à Condução;1;Colisão transversal;Com Vítimas Feridas;Plena Noite;Crescente;Céu Claro;Múltipla;Reta;Sim;152566;Bicicleta;;NA;Condutor;Lesões Graves;NA;Feminino;0;0;1;0;-3,852153;-38,49551;SR-CE;DEL16/1;UOP02/CE
84825;183016;09/11/2017;quinta-feira;18:56:00;AP;210;3,3;MACAPA;Sim;Falta de Atenção à Condução;2;Tombamento;Com Vítimas Feridas;Plena Noite;Decrescente;Céu Claro;Simples;Reta;Sim;150757;Bicicleta;;NA;Passageiro;Lesões Leves;2;Feminino;0;1;0;0;0,087297;-51,09003;SR-AP;UOP01/AP;
84825;183016;09/11/2017;quinta-feira;18:56:00;AP;210;3,3;MACAPA;Não;Restrição de Visibilidade;2;Tombamento;Com Vítimas Feridas;Plena Noite;Decrescente;Céu Claro;Simples;Reta;Sim;150757;Bicicleta;;NA;Passageiro;Lesões Leves;2;Feminino;0;1;0;0;0,087297;-51,09003;SR-AP;UOP01/AP;
84825;183016;09/11/2017;quinta-feira;18:56:00;AP;210;3,3;MACAPA;Sim;Falta de Atenção à Condução;1;Colisão traseira;Com Vítimas Feridas;Plena Noite;Decrescente;Céu Claro;Simples;Reta;Sim;150757;Bicicleta;;NA;Passageiro;Lesões Leves;2;Feminino;0;1;0;0;0,087297;-51,09003;SR-AP;UOP01/AP;