id;pesid;data_inversa;dia_semana;horario;uf;br;km;municipio;causa_principal;causa_acidente;ordem_tipo_acidente;tipo_acidente;classificacao_acidente;fase_dia;sentido_via;condicao_metereologica;tipo_pista;tracado_via;uso_solo;id_veiculo;tipo_veiculo;marca;ano_fabricacao_veiculo;tipo_envolvido;estado_fisico;idade;sexo;ilesos;feridos_leves;feridos_graves;mortos;latitude;longitude;regional;delegacia;uop
84825;183016;09/11/2017;quinta-feira;18:56:00;AP;210;3,3;MACAPA;Não;Restrição de Visibilidade;1;Colisão traseira;Com Vítimas Feridas;Plena Noite;Decrescente;Céu Claro;Simples;Reta;Sim;150757;Bicicleta;;NA;Passageiro;Lesões Leves;2;Feminino;0;1;0;0;0,087297;-51,09003;SR-AP;UOP01/AP;
84825;183011;09/11/2017;quinta-feira;18:56:00;AP;210;3,3;MACAPA;Sim;Falta de Atenção à Condução;2;Tombamento;Com Vítimas Feridas;Plena Noite;Decrescente;Céu Claro;Simples;Reta;Sim;150757;Bicicleta;;NA;Passageiro;Lesões Leves;56;Feminino;0;1;0;0;0,087297;-51,09003;SR-AP;UOP01/AP;
84825;183011;09/11/2017;quinta-feira;18:56:00;AP;210;3,3;MACAPA;Não;Restrição de Visibilidade;2;Tombamento;Com Vítimas Feridas;Plena Noite;Decrescente;Céu Claro;Simples;Reta;Sim;150757;Bicicleta;;NA;Passageiro;Lesões Leves;56;Feminino;0;1;0;0;0,087297;-51,09003;SR-AP;UOP01/AP;
84825;183011;09/11/2017;quinta-feira;18:56:00;AP;210;3,3;MACAPA;Sim;Falta de Atenção à Condução;1;Colisão traseira;Com Vítimas Feridas;Plena Noite;Decrescente;Céu Claro;Simples;Reta;Sim;150757;Bicicleta;;NA;Passageiro;Lesões Leves;56;Feminino;0;1;0;0;0,087297;-51,09003;SR-AP;UOP01/AP;
84825;183011;09/11/2017;quinta-feira;18:56:00;AP;210;3,3;MACAPA;Não;Restrição de Visibilidade;1;Colisão traseira;Com Vítimas Feridas;Plena Noite;Decrescente;Céu Claro;Simples;Reta;Sim;150757;Bicicleta;;NA;Passageiro;Lesões Leves;56;Feminino;0;1;0;0;0,087297;-51,09003;SR-AP;UOP01/AP;
84825;183006;09/11/2017;quinta-feira;18:56:00;AP;210;3,3;MACAPA;Sim;Falta de Atenção à Condução;2;Tombamento;Com Vítimas Feridas;Plena Noite;Decrescente;Céu Claro;Simples;Reta;Sim;150757;Bicicleta;;NA;Condutor;Lesões Leves;64;Masculino;0;1;0;0;0,087297;-51,09003;SR-AP;UOP01/AP;
84825;183006;09/11/2017;quinta-feira;18:56:00;AP;210;3,3;MACAPA;Não;Restrição de Visibilidade;2;Tombamento;Com Vítimas Feridas;Plena Noite;Decrescente;Céu Claro;Simples;Reta;Sim;150757;Bicicleta;;NA;Condutor;Lesões Leves;64;Masculino;0;1;0;0;0,087297;-51,09003;SR-AP;UOP01/AP;
84825;183006;09/11/2017;quinta-feira;18:56:00;AP;210;3,3;MACAPA;Sim;Falta de Atenção à Condução;1;Colisão traseira;Com Vítimas Feridas;Plena Noite;Decrescente;Céu Claro;Simples;Reta;Sim;150757;Bicicleta;;NA;Condutor;Lesões Leves;64;Masculino;0;1;0;0;0,087297;-51,09003;SR-AP;UOP01/AP;
84825;183006;09/11/2017;quinta-feira;18:56:00;AP;210;3,3;MACAPA;Não;Restrição de Visibilidade;1;Colisão traseira;Com Vítimas Feridas;Plena Noite;Decrescente;Céu Claro;Simples;Reta;Sim;150757;Bicicleta;;NA;Condutor;Lesões Leves;64;Masculino;0;1;0;0;0,087297;-51,09003;SR-AP;UOP01/AP;
84921;183307;10/11/2017;sexta-feira;09:30:00;PR;376;2;SAO JOSE DOS PINHAIS;Sim;Falta de Atenção à Condução;1;Colisão frontal;Com Vítimas Feridas;Pleno dia;Decrescente;Nublado;Dupla;Reta;Sim;151006;Bicicleta;;NA;Condutor;Lesões Leves;25;Masculino;0;1;0;0;-25,55061;-49,1881;SR-PR;DEL7/1;UOP08/PR
84926;185387;10/11/2017;sexta-feira;09:30:00;SP;116;147,2;SAO JOSE DOS CAMPOS;Sim;Falta de Atenção à Condução;1;Colisão traseira;Com Vítimas Feridas;Pleno dia;Decrescente;Sol;Dupla;Reta;Sim;151028;Bicicleta;;NA;Condutor;Lesões Leves;37;Masculino;0;1;0;0;-23,19526;-45,87174;SR-SP;DEL6/2;UOP01/SP
84978;189345;10/11/2017;sexta-feira;13:30:00;SP;116;1;GUARULHOS;Sim;Desobediência às normas de trânsito pelo condutor;1;Colisão transversal;Com Vítimas Feridas;Pleno dia;Crescente;Sol;Dupla;Reta;Sim;151178;Bicicleta;;NA;Condutor;Lesões Graves;46;Masculino;0;0;1;0;-23,46326;-46,53373;SR-SP;DEL6/1;UOP01/SP
85022;197070;10/11/2017;sexta-feira;16:15:00;RJ;493;21,7;MAGE;Sim;Falta de Atenção à Condução;1;Colisão transversal;Com Vítimas Feridas;Pleno dia;Crescente;Céu Claro;Simples;Reta;Sim;162692;Bicicleta;;NA;Condutor;Lesões Graves;NA;Feminino;0;0;1;0;-22,65945;-43,05216;SR-RJ;DEL5/4;UOP02/RJ
85059;183548;10/11/2017;sexta-feira;17:40:00;RN;406;101,7;JOAO CAMARA;Sim;Falta de Atenção à Condução;1;Colisão transversal;Com Vítimas Feridas;Anoitecer;Decrescente;Nublado;Simples;Não Informado;Não;151242;Bicicleta;;NA;Condutor;Lesões Graves;29;Masculino;0;0;1;0;-5,524457;-35,81994;SR-RN;DEL15/2;UOP01/RN
85077;183705;10/11/2017;sexta-feira;17:00:00;RS;470;254;SALVADOR DO SUL;Sim;Falta de Atenção à Condução;1;Colisão com objeto em movimento;Com Vítimas Feridas;Pleno dia;Crescente;Céu Claro;Simples;Rotatória;Não;151395;Bicicleta;;NA;Condutor;Lesões Leves;54;Masculino;0;1;0;0;-29,43149;-51,51024;SR-RS;DEL9/6;UOP01/RS
85429;185467;11/11/2017;sábado;19:40:00;PA;316;10;MARITUBA;Sim;Ingestão de Álcool;1;Colisão transversal;Com Vítimas Feridas;Plena Noite;Decrescente;Céu Claro;Dupla;Reta;Sim;152895;Bicicleta;;NA;Condutor;Lesões Graves;44;Masculino;0;0;1;0;-1,365196;-48,3433;SR-PA;DEL19/1;UOP01/PA
85583;184418;12/11/2017;domingo;11:00:00;SP;381;82;SAO PAULO;Sim;Falta de Atenção à Condução;1;Colisão lateral;Com Vítimas Feridas;Pleno dia;Crescente;Sol;Dupla;Reta;Sim;152048;Bicicleta;;NA;Condutor;Lesões Leves;43;Masculino;0;1;0;0;-23,41324;-46,5816;SR-SP;DEL6/3;UOP03/SP
85583;184569;12/11/2017;domingo;11:00:00;SP;381;82;SAO PAULO;Sim;Falta de Atenção à Condução;1;Colisão lateral;Com Vítimas Feridas;Pleno dia;Crescente;Sol;Dupla;Reta;Sim;152050;Bicicleta;;NA;Condutor;Lesões Leves;33;Feminino;0;1;0;0;-23,41324;-46,5816;SR-SP;DEL6/3;UOP03/SP
85681;184598;12/11/2017;domingo;20:10:00;SC;470;57,8;BLUMENAU;Sim;Falta de Atenção à Condução;1;Colisão lateral;Com Vítimas Feridas;Plena Noite;Crescente;Céu Claro;Simples;Reta;Não;152180;Bicicleta;;NA;Condutor;Lesões Leves;20;Feminino;0;1;0;0;-26,87629;-49,12753;SR-SC;DEL8/4;UOP01/SC
85684;184671;12/11/2017;domingo;20:15:00;CE;222;233;SOBRAL;Sim;Falta de Atenção à Condução;1;Colisão transversal;Com Vítimas Fatais;Plena Noite;Crescente;Céu Claro;Simples;Reta;Não;152216;Bicicleta;MONARK/;NA;Condutor;Óbito;NA;Masculino;0;0;0;1;-3,712656;-40,4296;SR-CE;DEL16/4;UOP01/CE
85684;184671;12/11/2017;domingo;20:15:00;CE;222;233;SOBRAL;Sim;Falta de Atenção à Condução;3;Atropelamento de Pedestre;Com Vítimas Fatais;Plena Noite;Crescente;Céu Claro;Simples;Reta;Não;152216;Bicicleta;MONARK/;NA;Condutor;Óbito;NA;Masculino;0;0;0;1;-3,712656;-40,4296;SR-CE;DEL16/4;UOP01/CE
85684;184671;12/11/2017;domingo;20:15:00;CE;222;233;SOBRAL;Sim;Falta de Atenção à Condução;2;Queda de ocupante de veículo;Com Vítimas Fatais;Plena Noite;Crescente;Céu Claro;Simples;Reta;Não;152216;Bicicleta;MONARK/;NA;Condutor;Óbito;NA;Masculino;0;0;0;1;-3,712656;-40,4296;SR-CE;DEL16/4;UOP01/CE
85694;184770;12/11/2017;domingo;19:50:00;RJ;101;100;ITAGUAI;Sim;Falta de Atenção do Pedestre;1;Queda de ocupante de veículo;Com Vítimas Feridas;Plena Noite;Decrescente;Céu Claro;Dupla;Curva;Não;152184;Bicicleta;;NA;Condutor;Lesões Leves;53;Masculino;0;1;0;0;-22,85037;-43,78092;SR-RJ;DEL5/8;UOP02/RJ
85697;184655;12/11/2017;domingo;19:50:00;MS;163;393,6;NOVA ALVORADA DO SUL;Sim;Falta de Atenção à Condução;1;Colisão traseira;Com Vítimas Feridas;Plena Noite;Crescente;Céu Claro;Simples;Reta;Não;152207;Bicicleta;;NA;Condutor;Lesões Graves;60;Masculino;0;0;1;0;-21,22643;-54,45668;SR-MS;DEL3/2;UOP01/MS
85756;186782;13/11/2017;segunda-feira;05:15:00;GO;153;491;GOIANIA;Sim;Falta de Atenção à Condução;1;Colisão traseira;Com Vítimas Feridas;Amanhecer;Decrescente;Nevoeiro/Neblina;Dupla;Reta;Sim;152299;Bicicleta;;NA;Condutor;Lesões Leves;37;Masculino;0;1;0;0;-16,6302;-49,2055;SR-GO;DEL1/1;UOP01/GO
85765;186999;12/11/2017;domingo;19:30:00;MA;402;13,8;ROSARIO;Sim;Restrição de Visibilidade;1;Colisão lateral;Com Vítimas Feridas;Amanhecer;Crescente;Céu Claro;Simples;Curva;Não;154160;Bicicleta;;NA;Condutor;Lesões Graves;53;Masculino;0;0;1;0;-2,945172;-44,20997;SR-MA;DEL18/1;UOP01/MA
85765;186999;12/11/2017;domingo;19:30:00;MA;402;13,8;ROSARIO;Não;Falta de Atenção à Condução;1;Colisão lateral;Com Vítimas Feridas;Amanhecer;Crescente;Céu Claro;Simples;Curva;Não;154160;Bicicleta;;NA;Condutor;Lesões Graves;53;Masculino;0;0;1;0;-2,945172;-44,20997;SR-MA;DEL18/1;UOP01/MA
85774;185775;13/11/2017;segunda-feira;05:40:00;PA;316;4;ANANINDEUA;Sim;Falta de Atenção à Condução;1;Colisão com objeto em movimento;Com Vítimas Feridas;Amanhecer;Crescente;Céu Claro;Múltipla;Reta;Sim;153153;Bicicleta;;NA;Condutor;Lesões Leves;NA;Masculino;0;1;0;0;-1,383778;-48,40385;SR-PA;DEL19/1;UOP01/PA
85849;185074;13/11/2017;segunda-feira;12:30:00;RS;153;349;CACHOEIRA DO SUL;Sim;Falta de Atenção à Condução;2;Tombamento;Com Vítimas Feridas;Pleno dia;Crescente;Sol;Simples;Curva;Não;152540;Bicicleta;;NA;Condutor;Lesões Leves;57;Masculino;0;1;0;0;-29,7752;-52,97153;SR-RS;DEL9/2;UOP03/RS
85849;185074;13/11/2017;segunda-feira;12:30:00;RS;153;349;CACHOEIRA DO SUL;Sim;Falta de Atenção à Condução;1;Colisão transversal;Com Vítimas Feridas;Pleno dia;Crescente;Sol;Simples;Curva;Não;152540;Bicicleta;;NA;Condutor;Lesões Leves;57;Masculino;0;1;0;0;-29,7752;-52,97153;SR-RS;DEL9/2;UOP03/RS
85866;185101;13/11/2017;segunda-feira;13:10:00;PA;316;9;MARITUBA;Sim;Desobediência às normas de trânsito pelo condutor;1;Queda de ocupante de veículo;Com Vítimas Feridas;Pleno dia;Crescente;Sol;Dupla;Reta;Sim;152568;Bicicleta;;NA;Condutor;Lesões Leves;36;Masculino;0;1;0;0;-1,365652;-48,35661;SR-PA;DEL19/1;UOP01/PA
85868;185008;26/09/2017;terça-feira;19:30:00;PR;277;0,2;FOZ DO IGUACU;Sim;Falta de Atenção à Condução;1;Colisão transversal;Com Vítimas Feridas;Plena Noite;Crescente;Ignorado;Dupla;Reta;Sim;152491;Bicicleta;;NA;Condutor;Ileso;NA;Masculino;1;0;0;0;-25,50608;-54,58446;SR-PR;DEL7/5;UOP03/PR
85868;185004;26/09/2017;terça-feira;19:30:00;PR;277;0,2;FOZ DO IGUACU;Sim;Falta de Atenção à Condução;1;Colisão transversal;Com Vítimas Feridas;Plena Noite;Crescente;Ignorado;Dupla;Reta;Sim;152491;Bicicleta;;NA;Testemunha;Não Informado;NA;Não Informado;0;0;0;0;-25,50608;-54,58446;SR-PR;DEL7/5;UOP03/PR
85915;185142;13/11/2017;segunda-feira;18:40:00;SC;101;203,1;SAO JOSE;Sim;Desobediência às normas de trânsito pelo condutor;1;Colisão transversal;Com Vítimas Feridas;Pleno dia;Decrescente;Céu Claro;Dupla;Reta;Sim;152583;Bicicleta;;NA;Testemunha;Não Informado;NA;Não Informado;0;0;0;0;-27,5659;-48,6145;SR-SC;DEL8/1;UOP01/SC
85915;185140;13/11/2017;segunda-feira;18:40:00;SC;101;203,1;SAO JOSE;Sim;Desobediência às normas de trânsito pelo condutor;1;Colisão transversal;Com Vítimas Feridas;Pleno dia;Decrescente;Céu Claro;Dupla;Reta;Sim;152583;Bicicleta;;NA;Condutor;Lesões Leves;19;Masculino;0;1;0;0;-27,5659;-48,6145;SR-SC;DEL8/1;UOP01/SC
85919;185215;13/11/2017;segunda-feira;18:00:00;RN;304;32,4;MOSSORO;Sim;Restrição de Visibilidade;1;Colisão transversal;Com Vítimas Feridas;Plena Noite;Crescente;Céu Claro;Simples;Reta;Sim;152620;Bicicleta;;NA;Condutor;Lesões Leves;32;Masculino;0;1;0;0;-5,142721;-37,34662;SR-RN;DEL15/4;UOP02/RN
85950;185214;13/11/2017;segunda-feira;21:00:00;PR;476;130;CURITIBA;Sim;Velocidade Incompatível;1;Colisão frontal;Com Vítimas Fatais;Plena Noite;Decrescente;Céu Claro;Simples;Reta;Sim;152676;Bicicleta;;NA;Condutor;Óbito;43;Masculino;0;0;0;1;-25,4504;-49,2371;SR-PR;DEL7/1;UOP06/PR
85951;185190;13/11/2017;segunda-feira;19:30:00;MT;70;289;PRIMAVERA DO LESTE;Sim;Ingestão de Álcool;1;Colisão frontal;Com Vítimas Feridas;Plena Noite;Crescente;Céu Claro;Simples;Reta;Não;152646;Bicicleta;;NA;Condutor;Lesões Graves;16;Masculino;0;0;1;0;-15,5786;-54,4016;SR-MT;DEL2/5;UOP01/MT
85962;185322;13/11/2017;segunda-feira;20:37:00;PI;230;304,7;FLORIANO;Sim;Ingestão de Álcool;1;Colisão transversal;Com Vítimas Feridas;Plena Noite;Crescente;Céu Claro;Simples;Reta;Não;152802;Bicicleta;;NA;Testemunha;Não Informado;NA;Não Informado;0;0;0;0;-6,792421;-42,98469;SR-PI;DEL17/3;UOP01/PI
85962;185320;13/11/2017;segunda-feira;20:37:00;PI;230;304,7;FLORIANO;Sim;Ingestão de Álcool;1;Colisão transversal;Com Vítimas Feridas;Plena Noite;Crescente;Céu Claro;Simples;Reta;Não;152802;Bicicleta;;NA;Condutor;Lesões Graves;27;Masculino;0;0;1;0;-6,792421;-42,98469;SR-PI;DEL17/3;UOP01/PI
85990;186305;14/11/2017;terça-feira;04:40:00;SP;116;82;ROSEIRA;Sim;Sinalização da via insuficiente ou inadequada;1;Colisão traseira;Com Vítimas Fatais;Amanhecer;Decrescente;Céu Claro;Dupla;Reta;Sim;153604;Bicicleta;;NA;Condutor;Óbito;41;Masculino;0;0;0;1;-22,9092;-45,3191;SR-SP;DEL6/6;UOP01/SP
86033;185439;14/11/2017;terça-feira;07:30:00;TO;153;525;PUGMIL;Sim;Falta de Atenção à Condução;1;Colisão transversal;Com Vítimas Fatais;Pleno dia;Crescente;Nublado;Simples;Reta;Sim;152885;Bicicleta;;NA;Condutor;Óbito;11;Masculino;0;0;0;1;-10,42516;-48,89817;SR-TO;UOP02/TO;
86033;185439;14/11/2017;terça-feira;07:30:00;TO;153;525;PUGMIL;Não;Restrição de Visibilidade;1;Colisão transversal;Com Vítimas Fatais;Pleno dia;Crescente;Nublado;Simples;Reta;Sim;152885;Bicicleta;;NA;Condutor;Óbito;11;Masculino;0;0;0;1;-10,42516;-48,89817;SR-TO;UOP02/TO;
86129;185623;14/11/2017;terça-feira;15:10:00;MA;135;0,6;SAO LUIS;Sim;Carga excessiva e/ou mal acondicionada;1;Colisão transversal;Com Vítimas Feridas;Pleno dia;Decrescente;Céu Claro;Dupla;Reta;Sim;153044;Bicicleta;;NA;Condutor;Ileso;NA;Não Informado;1;0;0;0;-2,585776;-44,24323;SR-MA;DEL18/1;UOP01/MA
86218;185869;14/11/2017;terça-feira;21:45:00;MS;163;451,6;CAMPO GRANDE;Sim;Falta de Atenção à Condução;1;Colisão traseira;Com Vítimas Fatais;Plena Noite;Crescente;Céu Claro;Simples;Desvio Temporário;Não;153271;Bicicleta;;NA;Condutor;Óbito;44;Masculino;0;0;0;1;-20,71618;-54,54414;SR-MS;DEL3/1;UOP01/MS
86247;187708;15/11/2017;quarta-feira;02:25:00;PR;376;186,1;MARIALVA;Sim;Falta de Atenção à Condução;1;Colisão transversal;Com Vítimas Fatais;Plena Noite;Decrescente;Céu Claro;Dupla;Desvio Temporário;Não;154757;Bicicleta;;NA;Condutor;Óbito;70;Masculino;0;0;0;1;-23,45398;-51,84941;SR-PR;DEL7/7;UOP04/PR
86278;186114;15/11/2017;quarta-feira;07:15:00;PR;277;70;SAO JOSE DOS PINHAIS;Sim;Falta de Atenção à Condução;1;Queda de ocupante de veículo;Com Vítimas Feridas;Pleno dia;Decrescente;Céu Claro;Dupla;Reta;Não;153456;Bicicleta;;NA;Condutor;Lesões Leves;35;Masculino;0;1;0;0;-25,51301;-49,12522;SR-PR;DEL7/1;UOP06/PR
86290;186168;15/11/2017;quarta-feira;07:50:00;PR;277;63,4;SAO JOSE DOS PINHAIS;Sim;Falta de Atenção à Condução;1;Colisão traseira;Com Vítimas Feridas;Pleno dia;Crescente;Céu Claro;Dupla;Reta;Não;153470;Bicicleta;;NA;Condutor;Lesões Graves;42;Masculino;0;0;1;0;-25,54236;-49,0588;SR-PR;DEL7/1;UOP06/PR
86308;186322;15/11/2017;quarta-feira;10:40:00;PR;277;70,7;SAO JOSE DOS PINHAIS;Sim;Falta de Atenção à Condução;1;Colisão lateral;Com Vítimas Feridas;Pleno dia;Crescente;Céu Claro;Dupla;Reta;Não;153611;Bicicleta;;NA;Condutor;Lesões Leves;58;Masculino;0;1;0;0;-25,51125;-49,12838;SR-PR;DEL7/1;UOP06/PR
86338;186236;15/11/2017;quarta-feira;14:00:00;SP;381;71;MAIRIPORA;Sim;Falta de Atenção à Condução;1;Tombamento;Com Vítimas Feridas;Pleno dia;Crescente;Céu Claro;Dupla;Reta;Não;153499;Bicicleta;;NA;Condutor;Não Informado;NA;Não Informado;0;0;0;0;-23,32217;-46,58126;SR-SP;DEL6/3;UOP03/SP
86338;186169;15/11/2017;quarta-feira;14:00:00;SP;381;71;MAIRIPORA;Sim;Falta de Atenção à Condução;1;Tombamento;Com Vítimas Feridas;Pleno dia;Crescente;Céu Claro;Dupla;Reta;Não;153498;Bicicleta;CALOI/MONDO;NA;Condutor;Lesões Graves;60;Masculino;0;0;1;0;-23,32217;-46,58126;SR-SP;DEL6/3;UOP03/SP
86355;187317;15/11/2017;quarta-feira;16:00:00;SP;116;282;EMBU DAS ARTES;Sim;Ultrapassagem Indevida;1;Atropelamento de Pedestre;Com Vítimas Feridas;Pleno dia;Crescente;Céu Claro;Dupla;Reta;Não;154457;Bicicleta;;NA;Condutor;Lesões Leves;NA;Masculino;0;1;0;0;-23,6606;-46,8517;SR-SP;DEL6/4;UOP01/SP
86486;186618;16/11/2017;quinta-feira;05:30:00;ES;101;266,9;SERRA;Sim;Falta de Atenção à Condução;1;Colisão transversal;Com Vítimas Feridas;Amanhecer;Crescente;Nublado;Múltipla;Interseção de vias;Sim;153867;Bicicleta;;NA;Condutor;Lesões Graves;21;Feminino;0;0;1;0;-20,19713;-40,26895;SR-ES;DEL12/2;UOP01/ES
86549;186591;16/11/2017;quinta-feira;05:50:00;MS;158;97;PARANAIBA;Sim;Falta de Atenção à Condução;1;Atropelamento de Pedestre;Com Vítimas Feridas;Pleno dia;Crescente;Céu Claro;Dupla;Reta;Sim;153844;Bicicleta;;NA;Condutor;Lesões Graves;56;Feminino;0;0;1;0;-19,6954;-51,1808;SR-MS;DEL3/8;UOP01/MS
86565;186722;16/11/2017;quinta-feira;13:33:00;ES;101;265,9;SERRA;Sim;Falta de Atenção à Condução;1;Colisão transversal;Com Vítimas Feridas;Pleno dia;Decrescente;Céu Claro;Múltipla;Interseção de vias;Sim;153922;Bicicleta;;NA;Condutor;Lesões Graves;21;Masculino;0;0;1;0;-20,2085;-40,2696;SR-ES;DEL12/2;UOP01/ES
86623;186845;16/11/2017;quinta-feira;16:15:00;SC;470;4,2;NAVEGANTES;Sim;Falta de Atenção à Condução;1;Atropelamento de Pedestre;Com Vítimas Feridas;Pleno dia;Crescente;Sol;Simples;Interseção de vias;Não;153987;Bicicleta;;NA;Condutor;Ileso;NA;Não Informado;1;0;0;0;-26,86815;-48,67497;SR-SC;DEL8/4;UOP04/SC
86636;187019;16/11/2017;quinta-feira;17:30:00;PB;230;155,5;CAMPINA GRANDE;Sim;Falta de Atenção à Condução;1;Colisão transversal;Com Vítimas Feridas;Anoitecer;Decrescente;Céu Claro;Simples;Não Informado;Sim;154060;Bicicleta;;NA;Condutor;Lesões Leves;25;Masculino;0;1;0;0;-7,272695;-35,90988;SR-PB;DEL14/2;UOP01/PB
86716;187291;17/11/2017;sexta-feira;06:30:00;ES;101;269,8;SERRA;Sim;Falta de Atenção à Condução;1;Colisão lateral;Com Vítimas Feridas;Pleno dia;Decrescente;Céu Claro;Múltipla;Reta;Sim;154421;Bicicleta;;NA;Condutor;Lesões Leves;13;Masculino;0;1;0;0;-20;-40,26931;SR-ES;DEL12/2;UOP01/ES
86928;187556;17/11/2017;sexta-feira;21:10:00;TO;153;673;GURUPI;Sim;Falta de Atenção à Condução;1;Colisão lateral;Com Vítimas Feridas;Plena Noite;Decrescente;Nublado;Simples;Reta;Sim;154675;Bicicleta;;NA;Condutor;Lesões Leves;15;Masculino;0;1;0;0;-11,75064;-49,08887;SR-TO;UOP01/TO;
87072;187777;18/11/2017;sábado;08:00:00;PA;316;2;ANANINDEUA;Sim;Desobediência às normas de trânsito pelo condutor;1;Colisão traseira;Com Vítimas Feridas;Pleno dia;Crescente;Céu Claro;Múltipla;Reta;Sim;154942;Bicicleta;;NA;Condutor;Lesões Leves;23;Feminino;0;1;0;0;-1,396831;-48,42357;SR-PA;DEL19/1;UOP01/PA
87106;188112;18/11/2017;sábado;10:00:00;MG;251;330,8;SALINAS;Sim;Defeito Mecânico no Veículo;2;Queda de ocupante de veículo;Com Vítimas Feridas;Pleno dia;Crescente;Céu Claro;Simples;Curva;Não;155169;Bicicleta;MONARK/;NA;Condutor;Lesões Graves;16;Masculino;0;0;1;0;-16,24658;-42,3832;SR-MG;DEL4/12;UOP01/MG
87106;188112;18/11/2017;sábado;10:00:00;MG;251;330,8;SALINAS;Sim;Defeito Mecânico no Veículo;1;Colisão transversal;Com Vítimas Feridas;Pleno dia;Crescente;Céu Claro;Simples;Curva;Não;155169;Bicicleta;MONARK/;NA;Condutor;Lesões Graves;16;Masculino;0;0;1;0;-16,24658;-42,3832;SR-MG;DEL4/12;UOP01/MG
87111;190581;18/11/2017;sábado;11:35:00;RS;287;248,1;SANTA MARIA;Sim;Falta de Atenção à Condução;1;Colisão traseira;Com Vítimas Feridas;Pleno dia;Decrescente;Sol;Simples;Reta;Não;157121;Bicicleta;;NA;Condutor;Lesões Graves;35;Masculino;0;0;1;0;-29,69712;-53,8471;SR-RS;DEL9/9;UOP01/RS
87180;190160;18/11/2017;sábado;15:30:00;RN;406;150;CEARA-MIRIM;Sim;Desobediência às normas de trânsito pelo condutor;1;Colisão transversal;Com Vítimas Fatais;Pleno dia;Decrescente;Céu Claro;Simples;Reta;Sim;154963;Bicicleta;;NA;Condutor;Óbito;74;Masculino;0;0;0;1;-5,6493;-35,4357;SR-RN;DEL15/2;UOP01/RN
87232;187940;18/11/2017;sábado;18:30:00;SE;235;79,7;FREI PAULO;Sim;Desobediência às normas de trânsito pelo condutor;1;Colisão frontal;Com Vítimas Fatais;Plena Noite;Crescente;Céu Claro;Simples;Não Informado;Não;155114;Bicicleta;;NA;Condutor;Óbito;25;Masculino;0;0;0;1;-10,54123;-37,59368;SR-SE;DEL20/1;UOP02/SE
87251;187883;18/11/2017;sábado;19:35:00;GO;40;19,5;LUZIANIA;Sim;Falta de Atenção à Condução;1;Colisão transversal;Com Vítimas Feridas;Plena Noite;Crescente;Céu Claro;Dupla;Reta;Sim;155071;Bicicleta;;NA;Condutor;Lesões Graves;55;Masculino;0;0;1;0;-16,20475;-47,91977;SR-DF;UOP01/DF;
87518;189626;19/11/2017;domingo;17:40:00;SP;101;47,3;UBATUBA;Sim;Desobediência às normas de trânsito pelo condutor;1;Colisão frontal;Com Vítimas Feridas;Pleno dia;Decrescente;Garoa/Chuvisco;Simples;Reta;Sim;156394;Bicicleta;MONARK/;NA;Condutor;Lesões Leves;37;Feminino;0;1;0;0;-23,4349;-45,08668;SR-SP;DEL6/7;UOP01/SP
87531;188472;19/11/2017;domingo;18:10:00;RJ;101;72;CAMPOS DOS GOYTACAZES;Sim;Falta de Atenção à Condução;1;Colisão frontal;Com Vítimas Feridas;Anoitecer;Crescente;Céu Claro;Simples;Reta;Não;155511;Bicicleta;;NA;Condutor;Lesões Leves;29;Masculino;0;1;0;0;-21,79585;-41,39206;SR-RJ;DEL5/8;UOP02/RJ
87567;188553;19/11/2017;domingo;18:30:00;PB;101;86,9;JOAO PESSOA;Sim;Falta de Atenção à Condução;1;Colisão transversal;Com Vítimas Feridas;Plena Noite;Decrescente;Céu Claro;Dupla;Reta;Sim;155579;Bicicleta;;NA;Condutor;Lesões Graves;59;Masculino;0;0;1;0;-7,159062;-34,90626;SR-PB;DEL14/1;UOP00/PB
87743;189419;20/11/2017;segunda-feira;10:55:00;DF;80;19,8;BRASILIA;Sim;Falta de Atenção à Condução;1;Colisão transversal;Com Vítimas Feridas;Pleno dia;Crescente;Céu Claro;Dupla;Reta;Sim;156286;Bicicleta;;NA;Condutor;Lesões Leves;11;Masculino;0;1;0;0;-15,6669;-48,20374;SR-DF;UOP06/DF;
87744;191842;20/11/2017;segunda-feira;11:30:00;ES;101;267,8;SERRA;Sim;Desobediência às normas de trânsito pelo condutor;1;Colisão transversal;Com Vítimas Feridas;Pleno dia;Decrescente;Nublado;Múltipla;Interseção de vias;Sim;158158;Bicicleta;;NA;Condutor;Não Informado;NA;Não Informado;0;0;0;0;-20,20586;-40,26917;SR-ES;DEL12/2;UOP01/ES
87851;189201;20/11/2017;segunda-feira;17:45:00;RS;116;37,1;VACARIA;Sim;Falta de Atenção à Condução;1;Colisão transversal;Com Vítimas Feridas;Pleno dia;Decrescente;Sol;Simples;Interseção de vias;Sim;155960;Bicicleta;;NA;Testemunha;Não Informado;NA;Não Informado;0;0;0;0;-28,50079;-50,91967;SR-RS;DEL9/5;UOP03/RS
87851;189068;20/11/2017;segunda-feira;17:45:00;RS;116;37,1;VACARIA;Sim;Falta de Atenção à Condução;1;Colisão transversal;Com Vítimas Feridas;Pleno dia;Decrescente;Sol;Simples;Interseção de vias;Sim;155960;Bicicleta;;NA;Condutor;Lesões Graves;12;Masculino;0;0;1;0;-28,50079;-50,91967;SR-RS;DEL9/5;UOP03/RS