id;pesid;data_inversa;dia_semana;horario;uf;br;km;municipio;causa_principal;causa_acidente;ordem_tipo_acidente;tipo_acidente;classificacao_acidente;fase_dia;sentido_via;condicao_metereologica;tipo_pista;tracado_via;uso_solo;id_veiculo;tipo_veiculo;marca;ano_fabricacao_veiculo;tipo_envolvido;estado_fisico;idade;sexo;ilesos;feridos_leves;feridos_graves;mortos;latitude;longitude;regional;delegacia;uop
87855;189011;20/11/2017;segunda-feira;17:45:00;SC;116;6,9;MAFRA;Sim;Desobediência às normas de trânsito pelo condutor;1;Colisão transversal;Com Vítimas Feridas;Pleno dia;Decrescente;Sol;Simples;Interseção de vias;Sim;155953;Bicicleta;;NA;Condutor;Lesões Graves;17;Masculino;0;0;1;0;-26,15143;-49,83026;SR-SC;DEL8/6;UOP01/SC
87857;190860;20/11/2017;segunda-feira;16:20:00;RS;287;239,1;SANTA MARIA;Sim;Falta de Atenção à Condução;1;Colisão transversal;Com Vítimas Feridas;Pleno dia;Crescente;Céu Claro;Simples;Reta;Sim;155956;Bicicleta;;NA;Condutor;Lesões Leves;46;Masculino;0;1;0;0;-29,7083;-53,77009;SR-RS;DEL9/9;UOP01/RS
87920;191436;20/11/2017;segunda-feira;21:20:00;MS;262;237,3;RIBAS DO RIO PARDO;Sim;Falta de Atenção à Condução;1;Colisão transversal;Com Vítimas Feridas;Plena Noite;Crescente;Céu Claro;Simples;Reta;Sim;156242;Bicicleta;;NA;Condutor;Lesões Leves;47;Masculino;0;1;0;0;-20,45725;-53,76198;SR-MS;DEL3/1;UOP01/MS
87973;191523;21/11/2017;terça-feira;07:20:00;ES;101;66,7;SAO MATEUS;Sim;Falta de Atenção à Condução;1;Colisão lateral;Com Vítimas Feridas;Pleno dia;Crescente;Nublado;Simples;Rotatória;Não;157866;Bicicleta;;NA;Condutor;Lesões Leves;48;Masculino;0;1;0;0;-18,7222;-39,86209;SR-ES;DEL12/4;UOP02/ES
87990;189651;21/11/2017;terça-feira;08:50:00;RS;158;326;SANTA MARIA;Sim;Não guardar distância de segurança;1;Colisão lateral;Com Vítimas Feridas;Pleno dia;Crescente;Céu Claro;Simples;Não Informado;Sim;156407;Bicicleta;;NA;Condutor;Lesões Leves;31;Masculino;0;1;0;0;-29,71299;-53,80701;SR-RS;DEL9/9;UOP01/RS
87990;189651;21/11/2017;terça-feira;08:50:00;RS;158;326;SANTA MARIA;Não;Falta de Atenção à Condução;1;Colisão lateral;Com Vítimas Feridas;Pleno dia;Crescente;Céu Claro;Simples;Não Informado;Sim;156407;Bicicleta;;NA;Condutor;Lesões Leves;31;Masculino;0;1;0;0;-29,71299;-53,80701;SR-RS;DEL9/9;UOP01/RS
88147;192740;21/11/2017;terça-feira;20:30:00;PR;116;55;CAMPINA GRANDE DO SUL;Sim;Falta de Atenção à Condução;1;Colisão traseira;Com Vítimas Feridas;Plena Noite;Crescente;Nevoeiro/Neblina;Dupla;Reta;Não;158951;Bicicleta;;NA;Condutor;Lesões Graves;NA;Não Informado;0;0;1;0;-25,2753;-48,9228;SR-PR;DEL7/1;UOP02/PR
88153;189924;21/11/2017;terça-feira;19:00:00;PA;308;152,8;CAPANEMA;Sim;Falta de Atenção à Condução;1;Colisão transversal;Com Vítimas Feridas;Plena Noite;Crescente;Céu Claro;Simples;Reta;Sim;156608;Bicicleta;;NA;Condutor;Lesões Graves;74;Masculino;0;0;1;0;-1,20466;-47,16676;SR-PA;DEL19/1;UOP04/PA
88195;194349;22/11/2017;quarta-feira;04:00:00;SC;101;157;PORTO BELO;Sim;Falta de Atenção à Condução;1;Colisão lateral;Com Vítimas Feridas;Plena Noite;Crescente;Nublado;Dupla;Reta;Não;156700;Bicicleta;;NA;Condutor;Lesões Leves;31;Masculino;0;1;0;0;-27,18053;-48,61205;SR-SC;DEL8/4;UOP03/SC
88229;190116;10/11/2017;sexta-feira;12:00:00;MG;50;67;UBERLANDIA;Sim;Falta de Atenção à Condução;1;Colisão transversal;Com Vítimas Feridas;Pleno dia;Decrescente;Ignorado;Dupla;Reta;Sim;156769;Bicicleta;;NA;Testemunha;Não Informado;NA;Não Informado;0;0;0;0;-18,87526;-48,25903;SR-MG;DEL4/15;UOP01/MG
88229;190117;10/11/2017;sexta-feira;12:00:00;MG;50;67;UBERLANDIA;Sim;Falta de Atenção à Condução;1;Colisão transversal;Com Vítimas Feridas;Pleno dia;Decrescente;Ignorado;Dupla;Reta;Sim;156769;Bicicleta;;NA;Testemunha;Não Informado;NA;Não Informado;0;0;0;0;-18,87526;-48,25903;SR-MG;DEL4/15;UOP01/MG
88229;190109;10/11/2017;sexta-feira;12:00:00;MG;50;67;UBERLANDIA;Sim;Falta de Atenção à Condução;1;Colisão transversal;Com Vítimas Feridas;Pleno dia;Decrescente;Ignorado;Dupla;Reta;Sim;156769;Bicicleta;;NA;Condutor;Não Informado;NA;Não Informado;0;0;0;0;-18,87526;-48,25903;SR-MG;DEL4/15;UOP01/MG
88273;190403;22/11/2017;quarta-feira;12:40:00;SC;101;201;SAO JOSE;Sim;Falta de Atenção à Condução;1;Colisão transversal;Com Vítimas Feridas;Pleno dia;Crescente;Céu Claro;Múltipla;Interseção de vias;Sim;156924;Bicicleta;;NA;Condutor;Lesões Leves;28;Feminino;0;1;0;0;-27,5572;-48,6188;SR-SC;DEL8/1;UOP01/SC
88310;190535;22/11/2017;quarta-feira;14:40:00;SC;101;217,9;PALHOCA;Sim;Falta de Atenção à Condução;1;Colisão transversal;Com Vítimas Feridas;Pleno dia;Crescente;Céu Claro;Simples;Reta;Sim;157086;Bicicleta;;NA;Condutor;Lesões Leves;32;Masculino;0;1;0;0;-27,68596;-48,66531;SR-SC;DEL8/1;UOP02/SC
88376;190469;22/11/2017;quarta-feira;18:10:00;CE;222;308;TIANGUA;Sim;Restrição de Visibilidade;1;Colisão lateral;Com Vítimas Feridas;Anoitecer;Decrescente;Nublado;Simples;Reta;Não;157004;Bicicleta;;NA;Condutor;Lesões Leves;19;Masculino;0;1;0;0;-3,702971;-40,9874;SR-CE;DEL16/4;UOP02/CE
88458;192199;23/11/2017;quinta-feira;05:40:00;PE;101;4,8;GOIANA;Sim;Ingestão de Álcool;3;Saída de leito carroçável;Com Vítimas Feridas;Pleno dia;Crescente;Céu Claro;Dupla;Reta;Não;157205;Bicicleta;;NA;Condutor;Lesões Graves;31;Feminino;0;0;1;0;-7,540061;-34,99158;SR-PE;DEL11/1;UOP02/PE
88458;192199;23/11/2017;quinta-feira;05:40:00;PE;101;4,8;GOIANA;Sim;Ingestão de Álcool;2;Colisão com objeto estático;Com Vítimas Feridas;Pleno dia;Crescente;Céu Claro;Dupla;Reta;Não;157205;Bicicleta;;NA;Condutor;Lesões Graves;31;Feminino;0;0;1;0;-7,540061;-34,99158;SR-PE;DEL11/1;UOP02/PE
88458;192199;23/11/2017;quinta-feira;05:40:00;PE;101;4,8;GOIANA;Sim;Ingestão de Álcool;1;Colisão traseira;Com Vítimas Feridas;Pleno dia;Crescente;Céu Claro;Dupla;Reta;Não;157205;Bicicleta;;NA;Condutor;Lesões Graves;31;Feminino;0;0;1;0;-7,540061;-34,99158;SR-PE;DEL11/1;UOP02/PE
88537;190920;23/11/2017;quinta-feira;13:45:00;PR;277;83,6;CURITIBA;Sim;Falta de Atenção à Condução;1;Queda de ocupante de veículo;Com Vítimas Feridas;Pleno dia;Crescente;Céu Claro;Dupla;Reta;Sim;157370;Bicicleta;;NA;Condutor;Lesões Leves;42;Masculino;0;1;0;0;-25,448;-49,22995;SR-PR;DEL7/1;UOP06/PR
88573;191062;23/11/2017;quinta-feira;14:50:00;PA;316;23;BENEVIDES;Sim;Falta de Atenção à Condução;1;Colisão transversal;Com Vítimas Fatais;Pleno dia;Crescente;Céu Claro;Dupla;Reta;Não;157500;Bicicleta;;NA;Condutor;Óbito;73;Masculino;0;0;0;1;-1,3437;-48,2494;SR-PA;DEL19/1;UOP01/PA
88623;191116;23/11/2017;quinta-feira;18:10:00;PA;316;74;SAO FRANCISCO DO PARA;Sim;Falta de Atenção à Condução;1;Colisão transversal;Com Vítimas Feridas;Anoitecer;Decrescente;Nublado;Simples;Reta;Não;157536;Bicicleta;;NA;Condutor;Lesões Leves;47;Masculino;0;1;0;0;-1,2943;-47,8228;SR-PA;DEL19/1;UOP02/PA
88668;192086;23/11/2017;quinta-feira;14:30:00;PA;10;209;IPIXUNA DO PARA;Sim;Falta de Atenção à Condução;1;Colisão lateral;Com Vítimas Feridas;Pleno dia;Crescente;Sol;Simples;Reta;Não;158387;Bicicleta;;NA;Condutor;Lesões Graves;61;Masculino;0;0;1;0;-2,605436;-47,48516;SR-PA;DEL19/2;UOP02/PA
88696;193067;24/11/2017;sexta-feira;07:20:00;DF;70;10;BRASILIA;Sim;Falta de Atenção à Condução;1;Colisão transversal;Com Vítimas Feridas;Pleno dia;Decrescente;Céu Claro;Dupla;Reta;Sim;157662;Bicicleta;;NA;Condutor;Lesões Leves;21;Masculino;0;1;0;0;-15,78707;-48,14071;SR-DF;UOP06/DF;
88813;191625;24/11/2017;sexta-feira;17:15:00;PR;277;345,6;GUARAPUAVA;Sim;Falta de Atenção à Condução;1;Colisão frontal;Com Vítimas Feridas;Pleno dia;Crescente;Sol;Simples;Reta;Sim;157979;Bicicleta;;NA;Condutor;Lesões Leves;62;Masculino;0;1;0;0;-25,36594;-51,49001;SR-PR;DEL7/3;UOP02/PR
88889;191633;24/11/2017;sexta-feira;20:00:00;PE;232;5;RECIFE;Sim;Falta de Atenção à Condução;1;Colisão transversal;Sem Vítimas;Plena Noite;Decrescente;Céu Claro;Dupla;Reta;Sim;157984;Bicicleta;;NA;Condutor;Não Informado;NA;Não Informado;0;0;0;0;-8,069047;-34,94752;SR-PE;DEL11/1;UOP01/PE
88901;193681;24/11/2017;sexta-feira;22:15:00;DF;20;9;BRASILIA;Sim;Falta de Atenção à Condução;1;Colisão frontal;Com Vítimas Fatais;Plena Noite;Decrescente;Nublado;Dupla;Reta;Não;159684;Bicicleta;;NA;Condutor;Óbito;NA;Masculino;0;0;0;1;-15,64761;-47,76872;SR-DF;UOP04/DF;
88944;191808;25/11/2017;sábado;03:28:00;SP;116;147;SAO JOSE DOS CAMPOS;Sim;Falta de Atenção à Condução;1;Queda de ocupante de veículo;Com Vítimas Feridas;Plena Noite;Decrescente;Céu Claro;Dupla;Reta;Sim;158120;Bicicleta;;NA;Condutor;Lesões Graves;32;Masculino;0;0;1;0;-23,19568;-45,87217;SR-SP;DEL6/2;UOP01/SP
88981;191907;25/11/2017;sábado;06:40:00;SP;153;118;UBARANA;Sim;Mal Súbito;1;Tombamento;Com Vítimas Feridas;Amanhecer;Crescente;Céu Claro;Simples;Reta;Não;158215;Bicicleta;;NA;Condutor;Lesões Leves;28;Masculino;0;1;0;0;-21,15353;-49,70694;SR-SP;DEL6/9;UOP01/SP
89101;192154;25/11/2017;sábado;15:40:00;MG;116;528,3;CARATINGA;Sim;Falta de Atenção à Condução;1;Colisão transversal;Com Vítimas Feridas;Pleno dia;Crescente;Nublado;Dupla;Interseção de vias;Sim;158465;Bicicleta;SUNDOWN/BLADE 250;NA;Condutor;Lesões Leves;16;Masculino;0;1;0;0;-19,79411;-42,13773;SR-MG;DEL4/6;UOP02/MG
89252;192332;26/11/2017;domingo;02:40:00;SP;116;145;SAO JOSE DOS CAMPOS;Sim;Ingestão de Álcool;1;Colisão traseira;Com Vítimas Feridas;Plena Noite;Decrescente;Céu Claro;Dupla;Reta;Sim;158609;Bicicleta;;NA;Condutor;Lesões Leves;50;Feminino;0;1;0;0;-23,18888;-45,85865;SR-SP;DEL6/2;UOP01/SP
89252;192327;26/11/2017;domingo;02:40:00;SP;116;145;SAO JOSE DOS CAMPOS;Sim;Ingestão de Álcool;1;Colisão traseira;Com Vítimas Feridas;Plena Noite;Decrescente;Céu Claro;Dupla;Reta;Sim;158608;Bicicleta;;NA;Condutor;Lesões Graves;35;Feminino;0;0;1;0;-23,18888;-45,85865;SR-SP;DEL6/2;UOP01/SP
89260;194146;26/11/2017;domingo;03:57:00;SP;116;55,1;LORENA;Sim;Desobediência às normas de trânsito pelo condutor;1;Colisão traseira;Com Vítimas Fatais;Plena Noite;Decrescente;Nublado;Dupla;Reta;Não;160068;Bicicleta;;NA;Condutor;Óbito;NA;Masculino;0;0;0;1;-22,76412;-45,12353;SR-SP;DEL6/8;UOP02/SP
89294;193462;26/11/2017;domingo;08:00:00;RJ;40;120;DUQUE DE CAXIAS;Sim;Falta de Atenção à Condução;1;Atropelamento de Pedestre;Com Vítimas Feridas;Pleno dia;Crescente;Nublado;Múltipla;Reta;Sim;159523;Bicicleta;;NA;Condutor;Lesões Leves;46;Masculino;0;1;0;0;-22,77587;-43,28619;SR-RJ;DEL5/1;UOP01/RJ
89352;192594;26/11/2017;domingo;12:10:00;RJ;101;59,5;CAMPOS DOS GOYTACAZES;Sim;Ingestão de Álcool;1;Colisão transversal;Com Vítimas Feridas;Pleno dia;Decrescente;Céu Claro;Simples;Reta;Não;158839;Bicicleta;MONARK/;NA;Testemunha;Não Informado;NA;Não Informado;0;0;0;0;-21,71736;-41,31108;SR-RJ;DEL5/8;UOP01/RJ
89352;192599;26/11/2017;domingo;12:10:00;RJ;101;59,5;CAMPOS DOS GOYTACAZES;Sim;Ingestão de Álcool;1;Colisão transversal;Com Vítimas Feridas;Pleno dia;Decrescente;Céu Claro;Simples;Reta;Não;158839;Bicicleta;MONARK/;NA;Condutor;Lesões Graves;23;Masculino;0;0;1;0;-21,71736;-41,31108;SR-RJ;DEL5/8;UOP01/RJ
89396;192718;26/11/2017;domingo;14:40:00;TO;153;276;BRASILANDIA DO TOCANTINS;Sim;Falta de Atenção do Pedestre;1;Atropelamento de Pedestre;Com Vítimas Fatais;Pleno dia;Decrescente;Céu Claro;Simples;Não Informado;Não;160573;Bicicleta;;NA;Pedestre;Óbito;NA;Não Informado;0;0;0;1;-8,319235;-48,47298;SR-TO;UOP03/TO;
89396;192718;26/11/2017;domingo;14:40:00;TO;153;276;BRASILANDIA DO TOCANTINS;Não;Velocidade Incompatível;1;Atropelamento de Pedestre;Com Vítimas Fatais;Pleno dia;Decrescente;Céu Claro;Simples;Não Informado;Não;160573;Bicicleta;;NA;Pedestre;Óbito;NA;Não Informado;0;0;0;1;-8,319235;-48,47298;SR-TO;UOP03/TO;
89396;192719;26/11/2017;domingo;14:40:00;TO;153;276;BRASILANDIA DO TOCANTINS;Sim;Falta de Atenção do Pedestre;1;Atropelamento de Pedestre;Com Vítimas Fatais;Pleno dia;Decrescente;Céu Claro;Simples;Não Informado;Não;160573;Bicicleta;;NA;Pedestre;Óbito;NA;Não Informado;0;0;0;1;-8,319235;-48,47298;SR-TO;UOP03/TO;
89396;192719;26/11/2017;domingo;14:40:00;TO;153;276;BRASILANDIA DO TOCANTINS;Não;Velocidade Incompatível;1;Atropelamento de Pedestre;Com Vítimas Fatais;Pleno dia;Decrescente;Céu Claro;Simples;Não Informado;Não;160573;Bicicleta;;NA;Pedestre;Óbito;NA;Não Informado;0;0;0;1;-8,319235;-48,47298;SR-TO;UOP03/TO;
89396;194725;26/11/2017;domingo;14:40:00;TO;153;276;BRASILANDIA DO TOCANTINS;Sim;Falta de Atenção do Pedestre;1;Atropelamento de Pedestre;Com Vítimas Fatais;Pleno dia;Decrescente;Céu Claro;Simples;Não Informado;Não;160573;Bicicleta;;NA;Condutor;Óbito;NA;Masculino;0;0;0;1;-8,319235;-48,47298;SR-TO;UOP03/TO;
89396;194725;26/11/2017;domingo;14:40:00;TO;153;276;BRASILANDIA DO TOCANTINS;Não;Velocidade Incompatível;1;Atropelamento de Pedestre;Com Vítimas Fatais;Pleno dia;Decrescente;Céu Claro;Simples;Não Informado;Não;160573;Bicicleta;;NA;Condutor;Óbito;NA;Masculino;0;0;0;1;-8,319235;-48,47298;SR-TO;UOP03/TO;
89482;192944;26/11/2017;domingo;20:30:00;MG;40;136,1;JOAO PINHEIRO;Sim;Falta de Atenção à Condução;1;Colisão transversal;Com Vítimas Feridas;Plena Noite;Crescente;Nublado;Simples;Desvio Temporário;Não;159115;Bicicleta;;NA;Condutor;Lesões Leves;20;Masculino;0;1;0;0;-17,72138;-46,23509;SR-MG;DEL4/14;UOP01/MG
89593;198960;27/11/2017;segunda-feira;07:20:00;SC;101;114,5;ITAJAI;Sim;Falta de Atenção à Condução;1;Colisão transversal;Com Vítimas Feridas;Pleno dia;Crescente;Céu Claro;Dupla;Reta;Não;159237;Bicicleta;;NA;Condutor;Lesões Graves;55;Feminino;0;0;1;0;-26,86651;-48,72895;SR-SC;DEL8/4;UOP04/SC
89593;198960;27/11/2017;segunda-feira;07:20:00;SC;101;114,5;ITAJAI;Não;Desobediência às normas de trânsito pelo condutor;1;Colisão transversal;Com Vítimas Feridas;Pleno dia;Crescente;Céu Claro;Dupla;Reta;Não;159237;Bicicleta;;NA;Condutor;Lesões Graves;55;Feminino;0;0;1;0;-26,86651;-48,72895;SR-SC;DEL8/4;UOP04/SC
89656;193165;27/11/2017;segunda-feira;12:40:00;SC;101;87;BARRA VELHA;Sim;Falta de Atenção à Condução;1;Colisão transversal;Com Vítimas Feridas;Pleno dia;Crescente;Nublado;Simples;Desvio Temporário;Sim;159280;Bicicleta;;NA;Condutor;Lesões Leves;58;Masculino;0;1;0;0;-26,6504;-48,6869;SR-SC;DEL8/3;UOP02/SC
89663;197608;27/11/2017;segunda-feira;14:00:00;SC;280;58,6;GUARAMIRIM;Sim;Falta de Atenção à Condução;1;Colisão transversal;Com Vítimas Feridas;Pleno dia;Decrescente;Céu Claro;Simples;Curva;Sim;163142;Bicicleta;;NA;Condutor;Lesões Graves;65;Masculino;0;0;1;0;-26,47506;-49,03059;SR-SC;DEL8/3;UOP03/SC
89681;193431;27/11/2017;segunda-feira;15:30:00;ES;101;293,1;CARIACICA;Sim;Falta de Atenção à Condução;1;Colisão lateral;Com Vítimas Feridas;Pleno dia;Decrescente;Sol;Múltipla;Reta;Sim;159514;Bicicleta;;NA;Condutor;Lesões Graves;15;Masculino;0;0;1;0;-20,31724;-40,39577;SR-ES;DEL12/1;UOP01/ES
89779;195247;27/11/2017;segunda-feira;21:40:00;RJ;116;307;RESENDE;Sim;Falta de Atenção à Condução;1;Colisão transversal;Com Vítimas Feridas;Plena Noite;Decrescente;Chuva;Simples;Reta;Sim;160987;Bicicleta;;NA;Condutor;Lesões Leves;32;Masculino;0;1;0;0;-22,46937;-44,44705;SR-RJ;DEL5/7;UOP03/RJ
89954;193975;28/11/2017;terça-feira;19:00:00;MG;365;407;PATOS DE MINAS;Sim;Falta de Atenção à Condução;1;Colisão transversal;Com Vítimas Feridas;Anoitecer;Decrescente;Céu Claro;Múltipla;Reta;Não;159905;Bicicleta;;NA;Condutor;Lesões Leves;65;Masculino;0;1;0;0;-18,6341;-46,4797;SR-MG;DEL4/10;UOP01/MG
90122;194485;29/11/2017;quarta-feira;14:35:00;CE;116;63,9;CHOROZINHO;Sim;Falta de Atenção à Condução;1;Colisão frontal;Com Vítimas Feridas;Pleno dia;Crescente;Céu Claro;Simples;Reta;Não;160369;Bicicleta;;NA;Condutor;Lesões Graves;NA;Masculino;0;0;1;0;-4,284168;-38,49511;SR-CE;DEL16/3;UOP02/CE
90168;194587;29/11/2017;quarta-feira;19:45:00;GO;50;280,6;CATALAO;Sim;Falta de Atenção à Condução;1;Colisão transversal;Com Vítimas Feridas;Anoitecer;Crescente;Nublado;Simples;Rotatória;Sim;160470;Bicicleta;;NA;Condutor;Lesões Leves;20;Masculino;0;1;0;0;-18,18164;-47,94094;SR-GO;DEL1/6;UOP01/GO
90174;202522;29/11/2017;quarta-feira;18:55:00;BA;418;89;NOVA VICOSA;Sim;Falta de Atenção à Condução;1;Colisão lateral;Com Vítimas Feridas;Plena Noite;Decrescente;Nublado;Simples;Reta;Não;167241;Bicicleta;;NA;Condutor;Lesões Leves;72;Masculino;0;1;0;0;-17,8822;-39,8577;SR-BA;DEL10/9;UOP03/BA
90280;194762;17/09/2017;domingo;20:30:00;MG;116;412,9;GOVERNADOR VALADARES;Não;Falta de Atenção à Condução;2;Tombamento;Com Vítimas Feridas;Plena Noite;Crescente;Ignorado;Simples;Viaduto;Sim;160550;Bicicleta;;NA;Condutor;Lesões Graves;NA;Masculino;0;0;1;0;-18,87422;-41,96621;SR-MG;DEL4/6;UOP01/MG
90280;194762;17/09/2017;domingo;20:30:00;MG;116;412,9;GOVERNADOR VALADARES;Sim;Ultrapassagem Indevida;2;Tombamento;Com Vítimas Feridas;Plena Noite;Crescente;Ignorado;Simples;Viaduto;Sim;160550;Bicicleta;;NA;Condutor;Lesões Graves;NA;Masculino;0;0;1;0;-18,87422;-41,96621;SR-MG;DEL4/6;UOP01/MG
90280;194762;17/09/2017;domingo;20:30:00;MG;116;412,9;GOVERNADOR VALADARES;Não;Falta de Atenção à Condução;1;Colisão frontal;Com Vítimas Feridas;Plena Noite;Crescente;Ignorado;Simples;Viaduto;Sim;160550;Bicicleta;;NA;Condutor;Lesões Graves;NA;Masculino;0;0;1;0;-18,87422;-41,96621;SR-MG;DEL4/6;UOP01/MG
90280;194762;17/09/2017;domingo;20:30:00;MG;116;412,9;GOVERNADOR VALADARES;Sim;Ultrapassagem Indevida;1;Colisão frontal;Com Vítimas Feridas;Plena Noite;Crescente;Ignorado;Simples;Viaduto;Sim;160550;Bicicleta;;NA;Condutor;Lesões Graves;NA;Masculino;0;0;1;0;-18,87422;-41,96621;SR-MG;DEL4/6;UOP01/MG
90410;195082;30/11/2017;quinta-feira;18:10:00;RN;304;295,9;MACAIBA;Sim;Falta de Atenção à Condução;1;Colisão transversal;Com Vítimas Feridas;Plena Noite;Decrescente;Céu Claro;Simples;Reta;Não;160828;Bicicleta;;NA;Condutor;Lesões Leves;52;Masculino;0;1;0;0;-5,866216;-35,3595;SR-RN;DEL15/1;UOP02/RN
90422;195120;30/11/2017;quinta-feira;20:00:00;GO;40;11,4;LUZIANIA;Sim;Ingestão de Álcool;1;Colisão transversal;Com Vítimas Fatais;Plena Noite;Decrescente;Céu Claro;Dupla;Reta;Sim;162686;Bicicleta;;NA;Pedestre;Óbito;NA;Não Informado;0;0;0;1;-16,14102;-47,94917;SR-DF;UOP01/DF;
90422;197071;30/11/2017;quinta-feira;20:00:00;GO;40;11,4;LUZIANIA;Sim;Ingestão de Álcool;1;Colisão transversal;Com Vítimas Fatais;Plena Noite;Decrescente;Céu Claro;Dupla;Reta;Sim;162686;Bicicleta;;NA;Condutor;Óbito;36;Masculino;0;0;0;1;-16,14102;-47,94917;SR-DF;UOP01/DF;
90531;195211;01/11/2017;quarta-feira;20:50:00;SC;470;55,6;BLUMENAU;Sim;Falta de Atenção à Condução;1;Colisão transversal;Com Vítimas Feridas;Plena Noite;Decrescente;Nublado;Simples;Reta;Não;160958;Bicicleta;;NA;Condutor;Lesões Leves;22;Masculino;0;1;0;0;-26,87074;-49,1068;SR-SC;DEL8/4;UOP01/SC
90655;196961;01/12/2017;sexta-feira;14:40:00;MG;381;844;POUSO ALEGRE;Sim;Não guardar distância de segurança;4;Colisão traseira;Com Vítimas Feridas;Pleno dia;Crescente;Chuva;Dupla;Reta;Não;161319;Bicicleta;;NA;Condutor;Lesões Leves;34;Masculino;0;1;0;0;-22,1969;-45,85163;SR-MG;DEL4/10;UOP01/MG
90655;196961;01/12/2017;sexta-feira;14:40:00;MG;381;844;POUSO ALEGRE;Sim;Não guardar distância de segurança;3;Colisão lateral;Com Vítimas Feridas;Pleno dia;Crescente;Chuva;Dupla;Reta;Não;161319;Bicicleta;;NA;Condutor;Lesões Leves;34;Masculino;0;1;0;0;-22,1969;-45,85163;SR-MG;DEL4/10;UOP01/MG
90655;196961;01/12/2017;sexta-feira;14:40:00;MG;381;844;POUSO ALEGRE;Sim;Não guardar distância de segurança;2;Colisão lateral;Com Vítimas Feridas;Pleno dia;Crescente;Chuva;Dupla;Reta;Não;161319;Bicicleta;;NA;Condutor;Lesões Leves;34;Masculino;0;1;0;0;-22,1969;-45,85163;SR-MG;DEL4/10;UOP01/MG
90655;196961;01/12/2017;sexta-feira;14:40:00;MG;381;844;POUSO ALEGRE;Sim;Não guardar distância de segurança;1;Colisão lateral;Com Vítimas Feridas;Pleno dia;Crescente;Chuva;Dupla;Reta;Não;161319;Bicicleta;;NA;Condutor;Lesões Leves;34;Masculino;0;1;0;0;-22,1969;-45,85163;SR-MG;DEL4/10;UOP01/MG
90656;195640;01/12/2017;sexta-feira;13:00:00;MG;116;277;TEOFILO OTONI;Sim;Falta de Atenção à Condução;1;Colisão com objeto em movimento;Com Vítimas Feridas;Pleno dia;Decrescente;Nublado;Simples;Reta;Sim;161270;Bicicleta;;NA;Condutor;Lesões Leves;51;Masculino;0;1;0;0;-17,8521;-41,5141;SR-MG;DEL4/11;UOP01/MG
90656;195665;01/12/2017;sexta-feira;13:00:00;MG;116;277;TEOFILO OTONI;Sim;Falta de Atenção à Condução;1;Colisão com objeto em movimento;Com Vítimas Feridas;Pleno dia;Decrescente;Nublado;Simples;Reta;Sim;161270;Bicicleta;;NA;Testemunha;Não Informado;NA;Não Informado;0;0;0;0;-17,8521;-41,5141;SR-MG;DEL4/11;UOP01/MG
90726;195862;01/12/2017;sexta-feira;17:45:00;GO;20;178;ALVORADA DO NORTE;Sim;Falta de Atenção à Condução;1;Colisão lateral;Com Vítimas Feridas;Pleno dia;Decrescente;Nublado;Simples;Reta;Sim;161578;Bicicleta;;NA;Condutor;Lesões Graves;83;Masculino;0;0;1;0;-14,4916;-46,50411;SR-DF;UOP05/DF;
90726;195864;01/12/2017;sexta-feira;17:45:00;GO;20;178;ALVORADA DO NORTE;Sim;Falta de Atenção à Condução;1;Colisão lateral;Com Vítimas Feridas;Pleno dia;Decrescente;Nublado;Simples;Reta;Sim;161578;Bicicleta;;NA;Testemunha;Não Informado;NA;Não Informado;0;0;0;0;-14,4916;-46,50411;SR-DF;UOP05/DF;
90935;196049;02/12/2017;sábado;08:00:00;BA;367;51;PORTO SEGURO;Sim;Falta de Atenção à Condução;1;Colisão transversal;Com Vítimas Feridas;Pleno dia;Decrescente;Céu Claro;Simples;Interseção de vias;Não;161756;Bicicleta;;NA;Condutor;Lesões Graves;29;Masculino;0;0;1;0;-16,37318;-39,30755;SR-BA;DEL10/9;UOP01/BA
90956;196046;02/12/2017;sábado;10:30:00;SC;470;70;INDAIAL;Sim;Falta de Atenção à Condução;1;Colisão com objeto estático;Com Vítimas Feridas;Pleno dia;Decrescente;Céu Claro;Simples;Reta;Não;161755;Bicicleta;;NA;Condutor;Lesões Graves;24;Masculino;0;0;1;0;-26,87985;-49,24198;SR-SC;DEL8/4;UOP01/SC
90972;196034;02/12/2017;sábado;13:30:00;PR;376;206;MANDAGUARI;Sim;Falta de Atenção à Condução;1;Colisão com objeto estático;Sem Vítimas;Pleno dia;Crescente;Céu Claro;Simples;Reta;Sim;161733;Bicicleta;;NA;Condutor;Ileso;15;Masculino;1;0;0;0;-23,51842;-51,68106;SR-PR;DEL7/7;UOP04/PR
91253;203781;03/12/2017;domingo;12:50:00;SC;470;64;INDAIAL;Sim;Falta de Atenção à Condução;1;Colisão frontal;Com Vítimas Feridas;Pleno dia;Decrescente;Sol;Simples;Reta;Sim;162221;Bicicleta;;NA;Condutor;Lesões Leves;30;Masculino;0;1;0;0;-26,87451;-49,18719;SR-SC;DEL8/4;UOP01/SC