id;pesid;data_inversa;dia_semana;horario;uf;br;km;municipio;causa_principal;causa_acidente;ordem_tipo_acidente;tipo_acidente;classificacao_acidente;fase_dia;sentido_via;condicao_metereologica;tipo_pista;tracado_via;uso_solo;id_veiculo;tipo_veiculo;marca;ano_fabricacao_veiculo;tipo_envolvido;estado_fisico;idade;sexo;ilesos;feridos_leves;feridos_graves;mortos;latitude;longitude;regional;delegacia;uop
91259;196627;03/12/2017;domingo;13:00:00;GO;80;22,2;PADRE BERNARDO;Sim;Falta de Atenção à Condução;1;Colisão transversal;Com Vítimas Feridas;Pleno dia;Crescente;Nublado;Simples;Reta;Sim;162276;Bicicleta;;NA;Condutor;Lesões Leves;11;Masculino;0;1;0;0;-15,35984;-48,2258;SR-DF;UOP06/DF;
91262;206504;03/12/2017;domingo;13:20:00;ES;262;44;MARECHAL FLORIANO;Sim;Falta de Atenção à Condução;1;Colisão traseira;Com Vítimas Feridas;Pleno dia;Decrescente;Céu Claro;Simples;Reta;Não;170590;Bicicleta;;NA;Testemunha;Não Informado;NA;Não Informado;0;0;0;0;-20,3876;-40,6681;SR-ES;DEL12/1;UOP01/ES
91262;206502;03/12/2017;domingo;13:20:00;ES;262;44;MARECHAL FLORIANO;Sim;Falta de Atenção à Condução;1;Colisão traseira;Com Vítimas Feridas;Pleno dia;Decrescente;Céu Claro;Simples;Reta;Não;170590;Bicicleta;;NA;Testemunha;Não Informado;NA;Não Informado;0;0;0;0;-20,3876;-40,6681;SR-ES;DEL12/1;UOP01/ES
91262;206497;03/12/2017;domingo;13:20:00;ES;262;44;MARECHAL FLORIANO;Sim;Falta de Atenção à Condução;1;Colisão traseira;Com Vítimas Feridas;Pleno dia;Decrescente;Céu Claro;Simples;Reta;Não;170590;Bicicleta;;NA;Condutor;Lesões Graves;16;Masculino;0;0;1;0;-20,3876;-40,6681;SR-ES;DEL12/1;UOP01/ES
91341;201200;03/12/2017;domingo;19:05:00;ES;101;265;SERRA;Sim;Falta de Atenção à Condução;1;Colisão transversal;Com Vítimas Feridas;Anoitecer;Crescente;Céu Claro;Dupla;Reta;Sim;166229;Bicicleta;;NA;Condutor;Lesões Leves;27;Feminino;0;1;0;0;-20,1852;-40,26723;SR-ES;DEL12/2;UOP01/ES
91362;196802;03/12/2017;domingo;19:07:00;BA;135;170;BARREIRAS;Sim;Restrição de Visibilidade;1;Colisão traseira;Com Vítimas Fatais;Plena Noite;Decrescente;Chuva;Simples;Reta;Não;162420;Bicicleta;;NA;Condutor;Óbito;56;Masculino;0;0;0;1;-12,09;-44,97314;SR-BA;DEL10/10;UOP01/BA
91367;199303;03/12/2017;domingo;20:50:00;ES;101;237;FUNDAO;Sim;Falta de Atenção à Condução;1;Colisão transversal;Com Vítimas Feridas;Plena Noite;Crescente;Garoa/Chuvisco;Dupla;Reta;Sim;164540;Bicicleta;;NA;Testemunha;Não Informado;NA;Não Informado;0;0;0;0;-20,00594;-40,41235;SR-ES;DEL12/2;UOP01/ES
91367;204277;03/12/2017;domingo;20:50:00;ES;101;237;FUNDAO;Sim;Falta de Atenção à Condução;1;Colisão transversal;Com Vítimas Feridas;Plena Noite;Crescente;Garoa/Chuvisco;Dupla;Reta;Sim;164540;Bicicleta;;NA;Condutor;Lesões Graves;14;Masculino;0;0;1;0;-20,00594;-40,41235;SR-ES;DEL12/2;UOP01/ES
91373;196749;03/12/2017;domingo;18:15:00;CE;20;204,9;BOA VIAGEM;Sim;Falta de Atenção à Condução;1;Colisão traseira;Com Vítimas Feridas;Plena Noite;Crescente;Céu Claro;Simples;Reta;Não;162390;Bicicleta;;NA;Condutor;Lesões Leves;49;Masculino;0;1;0;0;-5,115659;-39,72503;SR-CE;DEL16/2;UOP02/CE
91401;196854;03/12/2017;domingo;21:10:00;MS;163;259,1;DOURADOS;Sim;Ingestão de Álcool;1;Colisão transversal;Com Vítimas Feridas;Plena Noite;Crescente;Nublado;Dupla;Reta;Sim;162478;Bicicleta;;NA;Condutor;Lesões Graves;27;Masculino;0;0;1;0;-22,21089;-54,71326;SR-MS;DEL3/4;UOP01/MS
91496;197385;04/12/2017;segunda-feira;08:00:00;RS;472;572,8;URUGUAIANA;Sim;Desobediência às normas de trânsito pelo condutor;1;Colisão frontal;Com Vítimas Feridas;Pleno dia;Decrescente;Céu Claro;Simples;Não Informado;Sim;162970;Bicicleta;;NA;Condutor;Lesões Leves;13;Masculino;0;1;0;0;-29,76568;-57,03365;SR-RS;DEL9/13;UOP01/RS
91496;197383;04/12/2017;segunda-feira;08:00:00;RS;472;572,8;URUGUAIANA;Sim;Desobediência às normas de trânsito pelo condutor;1;Colisão frontal;Com Vítimas Feridas;Pleno dia;Decrescente;Céu Claro;Simples;Não Informado;Sim;162947;Bicicleta;;NA;Condutor;Lesões Leves;34;Masculino;0;1;0;0;-29,76568;-57,03365;SR-RS;DEL9/13;UOP01/RS
91562;197149;04/12/2017;segunda-feira;13:25:00;RS;386;345,3;LAJEADO;Sim;Velocidade Incompatível;3;Colisão traseira;Com Vítimas Feridas;Pleno dia;Crescente;Nublado;Múltipla;Reta;Sim;162744;Bicicleta;;NA;Condutor;Lesões Leves;16;Masculino;0;1;0;0;-29,45013;-51,96916;SR-RS;DEL9/4;UOP01/RS
91562;197149;04/12/2017;segunda-feira;13:25:00;RS;386;345,3;LAJEADO;Não;Avarias e/ou desgaste excessivo no pneu;3;Colisão traseira;Com Vítimas Feridas;Pleno dia;Crescente;Nublado;Múltipla;Reta;Sim;162744;Bicicleta;;NA;Condutor;Lesões Leves;16;Masculino;0;1;0;0;-29,45013;-51,96916;SR-RS;DEL9/4;UOP01/RS
91562;197149;04/12/2017;segunda-feira;13:25:00;RS;386;345,3;LAJEADO;Não;Desobediência às normas de trânsito pelo condutor;3;Colisão traseira;Com Vítimas Feridas;Pleno dia;Crescente;Nublado;Múltipla;Reta;Sim;162744;Bicicleta;;NA;Condutor;Lesões Leves;16;Masculino;0;1;0;0;-29,45013;-51,96916;SR-RS;DEL9/4;UOP01/RS
91562;197149;04/12/2017;segunda-feira;13:25:00;RS;386;345,3;LAJEADO;Sim;Velocidade Incompatível;2;Capotamento;Com Vítimas Feridas;Pleno dia;Crescente;Nublado;Múltipla;Reta;Sim;162744;Bicicleta;;NA;Condutor;Lesões Leves;16;Masculino;0;1;0;0;-29,45013;-51,96916;SR-RS;DEL9/4;UOP01/RS
91562;197149;04/12/2017;segunda-feira;13:25:00;RS;386;345,3;LAJEADO;Não;Avarias e/ou desgaste excessivo no pneu;2;Capotamento;Com Vítimas Feridas;Pleno dia;Crescente;Nublado;Múltipla;Reta;Sim;162744;Bicicleta;;NA;Condutor;Lesões Leves;16;Masculino;0;1;0;0;-29,45013;-51,96916;SR-RS;DEL9/4;UOP01/RS
91562;197149;04/12/2017;segunda-feira;13:25:00;RS;386;345,3;LAJEADO;Não;Desobediência às normas de trânsito pelo condutor;2;Capotamento;Com Vítimas Feridas;Pleno dia;Crescente;Nublado;Múltipla;Reta;Sim;162744;Bicicleta;;NA;Condutor;Lesões Leves;16;Masculino;0;1;0;0;-29,45013;-51,96916;SR-RS;DEL9/4;UOP01/RS
91562;197149;04/12/2017;segunda-feira;13:25:00;RS;386;345,3;LAJEADO;Sim;Velocidade Incompatível;1;Saída de leito carroçável;Com Vítimas Feridas;Pleno dia;Crescente;Nublado;Múltipla;Reta;Sim;162744;Bicicleta;;NA;Condutor;Lesões Leves;16;Masculino;0;1;0;0;-29,45013;-51,96916;SR-RS;DEL9/4;UOP01/RS
91562;197149;04/12/2017;segunda-feira;13:25:00;RS;386;345,3;LAJEADO;Não;Avarias e/ou desgaste excessivo no pneu;1;Saída de leito carroçável;Com Vítimas Feridas;Pleno dia;Crescente;Nublado;Múltipla;Reta;Sim;162744;Bicicleta;;NA;Condutor;Lesões Leves;16;Masculino;0;1;0;0;-29,45013;-51,96916;SR-RS;DEL9/4;UOP01/RS
91562;197149;04/12/2017;segunda-feira;13:25:00;RS;386;345,3;LAJEADO;Não;Desobediência às normas de trânsito pelo condutor;1;Saída de leito carroçável;Com Vítimas Feridas;Pleno dia;Crescente;Nublado;Múltipla;Reta;Sim;162744;Bicicleta;;NA;Condutor;Lesões Leves;16;Masculino;0;1;0;0;-29,45013;-51,96916;SR-RS;DEL9/4;UOP01/RS
91632;197264;04/12/2017;segunda-feira;17:15:00;GO;50;96;CRISTALINA;Sim;Falta de Atenção à Condução;1;Colisão transversal;Com Vítimas Feridas;Pleno dia;Crescente;Céu Claro;Simples;Reta;Sim;162860;Bicicleta;;NA;Condutor;Lesões Graves;13;Masculino;0;0;1;0;-16,76907;-47,614;SR-DF;UOP02/DF;
91680;197280;04/12/2017;segunda-feira;18:05:00;CE;116;381,9;ICO;Sim;Defeito na Via;1;Queda de ocupante de veículo;Com Vítimas Feridas;Anoitecer;Decrescente;Céu Claro;Simples;Reta;Não;162869;Bicicleta;MONARK/;NA;Condutor;Lesões Leves;60;Masculino;0;1;0;0;-6,454356;-38,85577;SR-CE;DEL16/5;UOP01/CE
91804;198036;05/12/2017;terça-feira;08:54:00;AC;364;122;RIO BRANCO;Sim;Falta de Atenção à Condução;1;Colisão frontal;Com Vítimas Feridas;Pleno dia;Crescente;Nublado;Dupla;Reta;Sim;163462;Bicicleta;MONARK/;NA;Condutor;Lesões Leves;42;Masculino;0;1;0;0;-10,01165;-67,78717;SR-AC;UOP01/AC;
91873;198094;05/12/2017;terça-feira;18:55:00;RJ;393;288,7;VOLTA REDONDA;Sim;Falta de Atenção à Condução;1;Colisão lateral;Com Vítimas Feridas;Anoitecer;Crescente;Nublado;Simples;Reta;Sim;163528;Bicicleta;;NA;Condutor;Lesões Leves;43;Masculino;0;1;0;0;-22,50916;-44,08233;SR-RJ;DEL5/5;UOP02/RJ
91921;198046;05/12/2017;terça-feira;21:50:00;ES;262;2;CARIACICA;Sim;Falta de Atenção à Condução;1;Queda de ocupante de veículo;Com Vítimas Feridas;Plena Noite;Crescente;Nublado;Dupla;Reta;Sim;163470;Bicicleta;;NA;Condutor;Lesões Graves;56;Masculino;0;0;1;0;-20,33192;-40,36687;SR-ES;DEL12/1;UOP01/ES
91935;200082;05/12/2017;terça-feira;22:57:00;SC;101;41,2;JOINVILLE;Sim;Falta de Atenção à Condução;1;Colisão transversal;Com Vítimas Feridas;Plena Noite;Crescente;Céu Claro;Dupla;Rotatória;Sim;165251;Bicicleta;;NA;Condutor;Lesões Leves;21;Masculino;0;1;0;0;-26,31881;-48,87191;SR-SC;DEL8/3;UOP01/SC
92107;198491;06/12/2017;quarta-feira;10:00:00;CE;20;199,1;BOA VIAGEM;Sim;Mal Súbito;1;Queda de ocupante de veículo;Com Vítimas Fatais;Pleno dia;Crescente;Céu Claro;Simples;Reta;Não;163830;Bicicleta;MONARK/;NA;Condutor;Óbito;62;Masculino;0;0;0;1;-5,144332;-39,74328;SR-CE;DEL16/2;UOP02/CE
92148;198640;06/12/2017;quarta-feira;18:00:00;SC;101;134;BALNEARIO CAMBORIU;Sim;Falta de Atenção à Condução;1;Colisão traseira;Com Vítimas Feridas;Anoitecer;Decrescente;Chuva;Simples;Reta;Sim;163936;Bicicleta;;NA;Condutor;Lesões Leves;21;Masculino;0;1;0;0;-27,0049;-48,6266;SR-SC;DEL8/4;UOP03/SC
92165;198660;06/12/2017;quarta-feira;20:30:00;ES;259;60;COLATINA;Sim;Falta de Atenção à Condução;1;Colisão lateral;Com Vítimas Feridas;Plena Noite;Crescente;Nublado;Simples;Reta;Não;163941;Bicicleta;;NA;Condutor;Lesões Leves;53;Masculino;0;1;0;0;-19,52531;-40,67462;SR-ES;DEL12/2;UOP01/ES
92175;198695;06/12/2017;quarta-feira;20:00:00;SP;116;489,1;CAJATI;Sim;Falta de Atenção à Condução;1;Colisão frontal;Com Vítimas Feridas;Plena Noite;Crescente;Nublado;Múltipla;Interseção de vias;Sim;163978;Bicicleta;;NA;Condutor;Lesões Leves;29;Masculino;0;1;0;0;-24,73144;-48,10977;SR-SP;DEL6/5;UOP02/SP
92285;199187;07/12/2017;quinta-feira;08:10:00;BA;110;198;RIBEIRA DO AMPARO;Sim;Falta de Atenção do Pedestre;1;Colisão transversal;Com Vítimas Fatais;Pleno dia;Decrescente;Céu Claro;Simples;Reta;Sim;164435;Bicicleta;;NA;Condutor;Óbito;73;Masculino;0;0;0;1;-11,0552;-38,5133;SR-BA;DEL10/7;UOP02/BA
92289;199161;07/12/2017;quinta-feira;10:40:00;RS;NA;NA;URUGUAIANA;Sim;Falta de Atenção à Condução;1;Colisão transversal;Com Vítimas Feridas;Pleno dia;Não Informado;Céu Claro;Simples;Reta;Sim;164391;Bicicleta;;NA;Testemunha;Não Informado;NA;Não Informado;0;0;0;0;-29,78068;-57,06485;SR-RS;DEL9/13;UOP01/RS
92289;199146;07/12/2017;quinta-feira;10:40:00;RS;NA;NA;URUGUAIANA;Sim;Falta de Atenção à Condução;1;Colisão transversal;Com Vítimas Feridas;Pleno dia;Não Informado;Céu Claro;Simples;Reta;Sim;164391;Bicicleta;;NA;Condutor;Lesões Graves;62;Masculino;0;0;1;0;-29,78068;-57,06485;SR-RS;DEL9/13;UOP01/RS
92370;199349;07/12/2017;quinta-feira;15:24:00;RS;290;176,2;BUTIA;Sim;Ingestão de Álcool;1;Colisão transversal;Com Vítimas Feridas;Pleno dia;Crescente;Nublado;Simples;Reta;Sim;164310;Bicicleta;;NA;Condutor;Lesões Leves;50;Masculino;0;1;0;0;-30,13143;-51,97407;SR-RS;DEL9/2;UOP03/RS
92370;199349;07/12/2017;quinta-feira;15:24:00;RS;290;176,2;BUTIA;Não;Falta de Atenção à Condução;1;Colisão transversal;Com Vítimas Feridas;Pleno dia;Crescente;Nublado;Simples;Reta;Sim;164310;Bicicleta;;NA;Condutor;Lesões Leves;50;Masculino;0;1;0;0;-30,13143;-51,97407;SR-RS;DEL9/2;UOP03/RS
92370;199350;07/12/2017;quinta-feira;15:24:00;RS;290;176,2;BUTIA;Sim;Ingestão de Álcool;1;Colisão transversal;Com Vítimas Feridas;Pleno dia;Crescente;Nublado;Simples;Reta;Sim;164310;Bicicleta;;NA;Testemunha;Não Informado;NA;Não Informado;0;0;0;0;-30,13143;-51,97407;SR-RS;DEL9/2;UOP03/RS
92370;199350;07/12/2017;quinta-feira;15:24:00;RS;290;176,2;BUTIA;Não;Falta de Atenção à Condução;1;Colisão transversal;Com Vítimas Feridas;Pleno dia;Crescente;Nublado;Simples;Reta;Sim;164310;Bicicleta;;NA;Testemunha;Não Informado;NA;Não Informado;0;0;0;0;-30,13143;-51,97407;SR-RS;DEL9/2;UOP03/RS
92374;199165;07/12/2017;quinta-feira;15:00:00;RO;364;348;JI-PARANA;Sim;Falta de Atenção à Condução;1;Colisão transversal;Com Vítimas Feridas;Pleno dia;Decrescente;Céu Claro;Simples;Reta;Não;164415;Bicicleta;MONARK/;NA;Condutor;Lesões Leves;30;Feminino;0;1;0;0;-10,85561;-61,98371;SR-RO;DEL21/2;UOP01/RO
92465;199336;08/12/2017;sexta-feira;00:45:00;SC;101;146;ITAPEMA;Sim;Falta de Atenção à Condução;1;Colisão transversal;Com Vítimas Feridas;Plena Noite;Decrescente;Céu Claro;Dupla;Desvio Temporário;Sim;164568;Bicicleta;;NA;Condutor;Lesões Graves;NA;Masculino;0;0;1;0;-27,0918;-48,6168;SR-SC;DEL8/4;UOP03/SC
92585;199643;08/12/2017;sexta-feira;11:30:00;MG;153;244,2;FRONTEIRA;Sim;Falta de Atenção à Condução;1;Colisão transversal;Com Vítimas Feridas;Pleno dia;Crescente;Céu Claro;Simples;Reta;Sim;164831;Bicicleta;;NA;Condutor;Lesões Graves;36;Feminino;0;0;1;0;-20,2857;-49,19794;SR-MG;DEL4/18;UOP01/MG
92598;200026;08/12/2017;sexta-feira;12:25:00;SC;101;399,1;MARACAJA;Sim;Falta de Atenção à Condução;1;Colisão lateral;Com Vítimas Feridas;Pleno dia;Crescente;Sol;Dupla;Curva;Não;165161;Bicicleta;;NA;Condutor;Lesões Graves;41;Masculino;0;0;1;0;-28,84988;-49,43533;SR-SC;DEL8/2;UOP02/SC
92716;202452;08/12/2017;sexta-feira;18:45:00;PE;424;66,5;CAETES;Sim;Ingestão de Álcool;1;Colisão traseira;Sem Vítimas;Plena Noite;Crescente;Céu Claro;Simples;Reta;Não;167186;Bicicleta;MONARK/;NA;Condutor;Ileso;29;Masculino;1;0;0;0;-8,76498;-36,64083;SR-PE;DEL11/3;UOP01/PE
92716;202452;08/12/2017;sexta-feira;18:45:00;PE;424;66,5;CAETES;Não;Falta de Atenção à Condução;1;Colisão traseira;Sem Vítimas;Plena Noite;Crescente;Céu Claro;Simples;Reta;Não;167186;Bicicleta;MONARK/;NA;Condutor;Ileso;29;Masculino;1;0;0;0;-8,76498;-36,64083;SR-PE;DEL11/3;UOP01/PE
92716;202452;08/12/2017;sexta-feira;18:45:00;PE;424;66,5;CAETES;Não;Não guardar distância de segurança;1;Colisão traseira;Sem Vítimas;Plena Noite;Crescente;Céu Claro;Simples;Reta;Não;167186;Bicicleta;MONARK/;NA;Condutor;Ileso;29;Masculino;1;0;0;0;-8,76498;-36,64083;SR-PE;DEL11/3;UOP01/PE
92716;202452;08/12/2017;sexta-feira;18:45:00;PE;424;66,5;CAETES;Sim;Ingestão de Álcool;2;Colisão traseira;Sem Vítimas;Plena Noite;Crescente;Céu Claro;Simples;Reta;Não;167186;Bicicleta;MONARK/;NA;Condutor;Ileso;29;Masculino;1;0;0;0;-8,76498;-36,64083;SR-PE;DEL11/3;UOP01/PE
92716;202452;08/12/2017;sexta-feira;18:45:00;PE;424;66,5;CAETES;Não;Falta de Atenção à Condução;2;Colisão traseira;Sem Vítimas;Plena Noite;Crescente;Céu Claro;Simples;Reta;Não;167186;Bicicleta;MONARK/;NA;Condutor;Ileso;29;Masculino;1;0;0;0;-8,76498;-36,64083;SR-PE;DEL11/3;UOP01/PE
92716;202452;08/12/2017;sexta-feira;18:45:00;PE;424;66,5;CAETES;Não;Não guardar distância de segurança;2;Colisão traseira;Sem Vítimas;Plena Noite;Crescente;Céu Claro;Simples;Reta;Não;167186;Bicicleta;MONARK/;NA;Condutor;Ileso;29;Masculino;1;0;0;0;-8,76498;-36,64083;SR-PE;DEL11/3;UOP01/PE
92774;199920;08/12/2017;sexta-feira;23:00:00;RS;290;97;PORTO ALEGRE;Sim;Falta de Atenção à Condução;1;Colisão traseira;Com Vítimas Feridas;Plena Noite;Crescente;Céu Claro;Dupla;Reta;Sim;165111;Bicicleta;;NA;Condutor;Lesões Leves;43;Feminino;0;1;0;0;-29,99779;-51,20779;SR-RS;DEL9/1;UOP01/RS
93004;200325;09/12/2017;sábado;17:30:00;ES;101;264;SERRA;Sim;Não guardar distância de segurança;1;Queda de ocupante de veículo;Com Vítimas Feridas;Pleno dia;Decrescente;Nublado;Dupla;Reta;Sim;165451;Bicicleta;;NA;Condutor;Lesões Graves;46;Masculino;0;0;1;0;-20,12716;-40,30041;SR-ES;DEL12/2;UOP01/ES
93087;200451;09/12/2017;sábado;20:40:00;MS;163;682,8;RIO VERDE DE MATO GROSSO;Sim;Ingestão de Álcool;1;Tombamento;Com Vítimas Feridas;Plena Noite;Crescente;Nublado;Simples;Ponte;Sim;165584;Bicicleta;;NA;Condutor;Lesões Leves;49;Masculino;0;1;0;0;-18,89629;-54,84362;SR-MS;DEL3/6;UOP01/MS
93151;200585;10/12/2017;domingo;01:43:00;AP;210;4,7;MACAPA;Sim;Restrição de Visibilidade;1;Colisão frontal;Com Vítimas Fatais;Plena Noite;Decrescente;Céu Claro;Dupla;Reta;Sim;165688;Bicicleta;;NA;Testemunha;Não Informado;NA;Não Informado;0;0;0;0;0,08971213;-51,10101;SR-AP;UOP01/AP;
93151;200583;10/12/2017;domingo;01:43:00;AP;210;4,7;MACAPA;Sim;Restrição de Visibilidade;1;Colisão frontal;Com Vítimas Fatais;Plena Noite;Decrescente;Céu Claro;Dupla;Reta;Sim;165688;Bicicleta;;NA;Condutor;Óbito;31;Masculino;0;0;0;1;0,08971213;-51,10101;SR-AP;UOP01/AP;
93269;200856;10/12/2017;domingo;13:45:00;BA;116;461;SANTO ESTEVAO;Sim;Ingestão de Álcool;1;Colisão transversal;Com Vítimas Feridas;Pleno dia;Crescente;Nublado;Simples;Reta;Sim;165865;Bicicleta;;NA;Condutor;Lesões Leves;50;Masculino;0;1;0;0;-12,44826;-39,24602;SR-BA;DEL10/2;UOP01/BA
93274;205656;10/12/2017;domingo;14:30:00;CE;222;25,1;CAUCAIA;Sim;Falta de Atenção à Condução;1;Colisão traseira;Com Vítimas Feridas;Pleno dia;Crescente;Sol;Simples;Reta;Não;168918;Bicicleta;;NA;Passageiro;Lesões Graves;14;Feminino;0;0;1;0;-3,72634;-38,7779;SR-CE;DEL16/1;UOP01/CE
93274;204418;10/12/2017;domingo;14:30:00;CE;222;25,1;CAUCAIA;Sim;Falta de Atenção à Condução;1;Colisão traseira;Com Vítimas Feridas;Pleno dia;Crescente;Sol;Simples;Reta;Não;168918;Bicicleta;;NA;Condutor;Lesões Graves;15;Masculino;0;0;1;0;-3,72634;-38,7779;SR-CE;DEL16/1;UOP01/CE
93356;204625;10/12/2017;domingo;16:40:00;ES;101;146;LINHARES;Sim;Defeito Mecânico no Veículo;1;Colisão transversal;Com Vítimas Feridas;Pleno dia;Decrescente;Céu Claro;Múltipla;Interseção de vias;Sim;169121;Bicicleta;;NA;Condutor;Lesões Graves;28;Masculino;0;0;1;0;-19,39159;-40,07256;SR-ES;DEL12/4;UOP01/ES
93374;204647;10/12/2017;domingo;20:00:00;ES;101;142;LINHARES;Sim;Falta de Atenção à Condução;1;Colisão transversal;Com Vítimas Feridas;Plena Noite;Crescente;Céu Claro;Múltipla;Interseção de vias;Sim;169139;Bicicleta;;NA;Condutor;Lesões Leves;36;Masculino;0;1;0;0;-19,39159;-40,07256;SR-ES;DEL12/4;UOP01/ES
93374;204660;10/12/2017;domingo;20:00:00;ES;101;142;LINHARES;Sim;Falta de Atenção à Condução;1;Colisão transversal;Com Vítimas Feridas;Plena Noite;Crescente;Céu Claro;Múltipla;Interseção de vias;Sim;169139;Bicicleta;;NA;Passageiro;Lesões Leves;NA;Feminino;0;1;0;0;-19,39159;-40,07256;SR-ES;DEL12/4;UOP01/ES
93453;201141;11/12/2017;segunda-feira;01:00:00;SC;101;39,8;JOINVILLE;Sim;Restrição de Visibilidade;1;Colisão com objeto estático;Com Vítimas Feridas;Plena Noite;Crescente;Céu Claro;Simples;Não Informado;Sim;166149;Bicicleta;;NA;Condutor;Lesões Leves;42;Feminino;0;1;0;0;-26,31841;-48,87239;SR-SC;DEL8/3;UOP01/SC
93453;201141;11/12/2017;segunda-feira;01:00:00;SC;101;39,8;JOINVILLE;Não;Falta de Atenção à Condução;1;Colisão com objeto estático;Com Vítimas Feridas;Plena Noite;Crescente;Céu Claro;Simples;Não Informado;Sim;166149;Bicicleta;;NA;Condutor;Lesões Leves;42;Feminino;0;1;0;0;-26,31841;-48,87239;SR-SC;DEL8/3;UOP01/SC
93498;202811;11/12/2017;segunda-feira;07:50:00;MG;381;897,8;CAMBUI;Sim;Falta de Atenção à Condução;1;Colisão traseira;Com Vítimas Feridas;Pleno dia;Decrescente;Sol;Simples;Reta;Sim;167440;Bicicleta;;NA;Condutor;Lesões Leves;61;Masculino;0;1;0;0;-22,60179;-46,05826;SR-MG;DEL4/10;UOP03/MG
93500;203301;10/12/2017;domingo;21:25:00;MG;116;39;MANHUACU;Sim;Falta de Atenção à Condução;1;Colisão traseira;Com Vítimas Feridas;Plena Noite;Decrescente;Nublado;Simples;Reta;Sim;167757;Bicicleta;;NA;Condutor;Lesões Leves;20;Masculino;0;1;0;0;-20,24421;-42,14977;SR-BA;DEL10/8;UOP03/BA
93559;201416;11/12/2017;segunda-feira;11:55:00;PR;376;499;PONTA GROSSA;Sim;Mal Súbito;1;Colisão frontal;Com Vítimas Fatais;Pleno dia;Decrescente;Sol;Dupla;Reta;Não;166390;Bicicleta;;NA;Condutor;Óbito;29;Masculino;0;0;0;1;-25,15594;-50,13209;SR-PR;DEL7/3;UOP03/PR
93559;201492;11/12/2017;segunda-feira;11:55:00;PR;376;499;PONTA GROSSA;Sim;Mal Súbito;1;Colisão frontal;Com Vítimas Fatais;Pleno dia;Decrescente;Sol;Dupla;Reta;Não;166390;Bicicleta;;NA;Testemunha;Não Informado;NA;Não Informado;0;0;0;0;-25,15594;-50,13209;SR-PR;DEL7/3;UOP03/PR
93639;201671;11/12/2017;segunda-feira;17:50:00;PR;369;187;ARAPONGAS;Sim;Desobediência às normas de trânsito pelo condutor;1;Colisão transversal;Com Vítimas Feridas;Pleno dia;Crescente;Céu Claro;Simples;Reta;Sim;166533;Bicicleta;;NA;Condutor;Lesões Leves;906;Masculino;0;1;0;0;-23,41991;-51,42487;SR-PR;DEL7/7;UOP03/PR
93643;201632;11/12/2017;segunda-feira;17:00:00;RN;101;108,7;PARNAMIRIM;Sim;Falta de Atenção à Condução;1;Colisão lateral;Com Vítimas Feridas;Anoitecer;Decrescente;Céu Claro;Dupla;Reta;Sim;166535;Bicicleta;;NA;Condutor;Lesões Leves;14;Masculino;0;1;0;0;-5,934629;-35,26483;SR-RN;DEL15/1;UOP01/RN
93779;204771;12/12/2017;terça-feira;08:19:00;PA;316;1;ANANINDEUA;Sim;Desobediência às normas de trânsito pelo condutor;1;Colisão frontal;Com Vítimas Feridas;Pleno dia;Decrescente;Céu Claro;Múltipla;Reta;Sim;169231;Bicicleta;CALOI/MONDO;NA;Condutor;Ileso;56;Masculino;1;0;0;0;-1,403184;-48,4287;SR-PA;DEL19/1;UOP01/PA
93790;206302;12/12/2017;terça-feira;08:45:00;PA;10;354,5;SANTA MARIA DO PARA;Sim;Falta de Atenção à Condução;1;Colisão transversal;Com Vítimas Feridas;Pleno dia;Decrescente;Sol;Simples;Reta;Sim;166844;Bicicleta;;NA;Condutor;Lesões Leves;58;Masculino;0;1;0;0;-1,34278;-47,57906;SR-PA;DEL19/1;UOP03/PA
93936;202380;12/12/2017;terça-feira;18:20:00;RR;174;505;BOA VISTA;Sim;Falta de Atenção à Condução;1;Colisão lateral;Com Vítimas Feridas;Plena Noite;Decrescente;Céu Claro;Dupla;Rotatória;Sim;167114;Bicicleta;;NA;Testemunha;Não Informado;NA;Não Informado;0;0;0;0;2,807117;-60,68982;SR-RR;UOP01/RR;
93936;202379;12/12/2017;terça-feira;18:20:00;RR;174;505;BOA VISTA;Sim;Falta de Atenção à Condução;1;Colisão lateral;Com Vítimas Feridas;Plena Noite;Decrescente;Céu Claro;Dupla;Rotatória;Sim;167114;Bicicleta;;NA;Condutor;Lesões Leves;19;Masculino;0;1;0;0;2,807117;-60,68982;SR-RR;UOP01/RR;
94012;203103;13/12/2017;quarta-feira;08:20:00;MS;463;1,9;DOURADOS;Sim;Falta de Atenção à Condução;1;Colisão transversal;Com Vítimas Feridas;Pleno dia;Decrescente;Céu Claro;Simples;Reta;Sim;167495;Bicicleta;;NA;Condutor;Lesões Graves;13;Masculino;0;0;1;0;-22,25919;-54,82289;SR-MS;DEL3/4;UOP01/MS
94012;203103;13/12/2017;quarta-feira;08:20:00;MS;463;1,9;DOURADOS;Não;Velocidade Incompatível;1;Colisão transversal;Com Vítimas Feridas;Pleno dia;Decrescente;Céu Claro;Simples;Reta;Sim;167495;Bicicleta;;NA;Condutor;Lesões Graves;13;Masculino;0;0;1;0;-22,25919;-54,82289;SR-MS;DEL3/4;UOP01/MS