id;pesid;data_inversa;dia_semana;horario;uf;br;km;municipio;causa_principal;causa_acidente;ordem_tipo_acidente;tipo_acidente;classificacao_acidente;fase_dia;sentido_via;condicao_metereologica;tipo_pista;tracado_via;uso_solo;id_veiculo;tipo_veiculo;marca;ano_fabricacao_veiculo;tipo_envolvido;estado_fisico;idade;sexo;ilesos;feridos_leves;feridos_graves;mortos;latitude;longitude;regional;delegacia;uop
94049;205275;13/12/2017;quarta-feira;11:00:00;PR;369;184;ARAPONGAS;Sim;Falta de Atenção à Condução;1;Colisão lateral;Com Vítimas Feridas;Pleno dia;Decrescente;Sol;Simples;Reta;Sim;169629;Bicicleta;MONARK/;NA;Condutor;Lesões Leves;60;Masculino;0;1;0;0;-23,39434;-51,42414;SR-PR;DEL7/7;UOP03/PR
94070;205096;13/12/2017;quarta-feira;09:13:00;AC;364;122;RIO BRANCO;Sim;Falta de Atenção à Condução;1;Colisão lateral;Com Vítimas Feridas;Pleno dia;Decrescente;Nublado;Dupla;Reta;Sim;167673;Bicicleta;MONARK/;NA;Condutor;Lesões Leves;70;Masculino;0;1;0;0;-10,01196;-67,77612;SR-AC;UOP01/AC;
94287;203411;14/12/2017;quinta-feira;03:30:00;BA;242;116;RAFAEL JAMBEIRO;Sim;Falta de Atenção do Pedestre;1;Atropelamento de Pedestre;Com Vítimas Fatais;Plena Noite;Decrescente;Céu Claro;Simples;Reta;Não;167930;Bicicleta;;NA;Condutor;Óbito;27;Masculino;0;0;0;1;-12,58037;-39,52366;SR-BA;DEL10/6;UOP02/BA
94290;206307;14/12/2017;quinta-feira;11:30:00;SC;101;217;PALHOCA;Sim;Ingestão de Álcool;1;Queda de ocupante de veículo;Com Vítimas Feridas;Pleno dia;Crescente;Sol;Múltipla;Reta;Não;170463;Bicicleta;;NA;Condutor;Lesões Leves;44;Masculino;0;1;0;0;-27,69875;-48,66132;SR-SC;DEL8/1;UOP02/SC
94384;205916;14/12/2017;quinta-feira;16:30:00;PI;343;269,8;CAMPO MAIOR;Sim;Ingestão de Álcool;1;Colisão transversal;Com Vítimas Feridas;Pleno dia;Crescente;Céu Claro;Simples;Reta;Sim;170142;Bicicleta;MONARK/;NA;Testemunha;Não Informado;NA;Não Informado;0;0;0;0;-4,854436;-42,19876;SR-PI;DEL17/1;UOP03/PI
94384;205913;14/12/2017;quinta-feira;16:30:00;PI;343;269,8;CAMPO MAIOR;Sim;Ingestão de Álcool;1;Colisão transversal;Com Vítimas Feridas;Pleno dia;Crescente;Céu Claro;Simples;Reta;Sim;170142;Bicicleta;MONARK/;NA;Condutor;Lesões Graves;43;Masculino;0;0;1;0;-4,854436;-42,19876;SR-PI;DEL17/1;UOP03/PI
94453;203658;14/12/2017;quinta-feira;20:00:00;RS;287;395,9;SANTIAGO;Sim;Mal Súbito;1;Queda de ocupante de veículo;Com Vítimas Feridas;Anoitecer;Crescente;Céu Claro;Simples;Reta;Não;168158;Bicicleta;;NA;Testemunha;Não Informado;NA;Não Informado;0;0;0;0;-29,19178;-54,84958;SR-RS;DEL9/12;UOP02/RS
94453;203660;14/12/2017;quinta-feira;20:00:00;RS;287;395,9;SANTIAGO;Sim;Mal Súbito;1;Queda de ocupante de veículo;Com Vítimas Feridas;Anoitecer;Crescente;Céu Claro;Simples;Reta;Não;168158;Bicicleta;;NA;Testemunha;Não Informado;NA;Não Informado;0;0;0;0;-29,19178;-54,84958;SR-RS;DEL9/12;UOP02/RS
94453;203645;14/12/2017;quinta-feira;20:00:00;RS;287;395,9;SANTIAGO;Sim;Mal Súbito;1;Queda de ocupante de veículo;Com Vítimas Feridas;Anoitecer;Crescente;Céu Claro;Simples;Reta;Não;168158;Bicicleta;;NA;Condutor;Lesões Graves;45;Feminino;0;0;1;0;-29,19178;-54,84958;SR-RS;DEL9/12;UOP02/RS
94528;203756;10/03/2017;sexta-feira;19:15:00;PR;116;169,9;QUITANDINHA;Sim;Ingestão de Álcool;1;Queda de ocupante de veículo;Com Vítimas Feridas;Pleno dia;Decrescente;Céu Claro;Simples;Reta;Não;168245;Bicicleta;;NA;Condutor;Lesões Leves;36;Masculino;0;1;0;0;-25,88892;-49,51523;SR-PR;DEL7/1;UOP03/PR
94673;204122;15/12/2017;sexta-feira;17:30:00;RS;116;248;SAO LEOPOLDO;Sim;Desobediência às normas de trânsito pelo condutor;1;Colisão lateral;Com Vítimas Feridas;Pleno dia;Decrescente;Céu Claro;Dupla;Interseção de vias;Sim;168587;Bicicleta;;NA;Condutor;Lesões Leves;18;Masculino;0;1;0;0;-29,77205;-51,15358;SR-RS;DEL9/1;UOP02/RS
94685;204220;15/12/2017;sexta-feira;16:00:00;RR;401;69;BONFIM;Sim;Falta de Atenção à Condução;1;Colisão frontal;Com Vítimas Fatais;Pleno dia;Crescente;Céu Claro;Simples;Reta;Não;168704;Bicicleta;;NA;Condutor;Óbito;69;Masculino;0;0;0;1;3,162973;-60,23866;SR-RR;UOP03/RR;
94685;206116;15/12/2017;sexta-feira;16:00:00;RR;401;69;BONFIM;Sim;Falta de Atenção à Condução;1;Colisão frontal;Com Vítimas Fatais;Pleno dia;Crescente;Céu Claro;Simples;Reta;Não;168704;Bicicleta;;NA;Testemunha;Não Informado;NA;Não Informado;0;0;0;0;3,162973;-60,23866;SR-RR;UOP03/RR;
94705;204131;15/12/2017;sexta-feira;18:15:00;BA;101;262;SANTO ANTONIO DE JESUS;Sim;Falta de Atenção à Condução;1;Colisão transversal;Com Vítimas Feridas;Plena Noite;Crescente;Nublado;Simples;Curva;Sim;168601;Bicicleta;;NA;Condutor;Lesões Leves;47;Masculino;0;1;0;0;-12,97771;-39,2831;SR-BA;DEL10/1;UOP02/BA
94714;204207;15/12/2017;sexta-feira;19:30:00;ES;101;141,6;LINHARES;Sim;Falta de Atenção à Condução;1;Colisão transversal;Com Vítimas Feridas;Plena Noite;Crescente;Céu Claro;Múltipla;Reta;Sim;168610;Bicicleta;MONARK/;NA;Condutor;Lesões Graves;62;Masculino;0;0;1;0;-19,39159;-40,07256;SR-ES;DEL12/4;UOP01/ES
94757;204180;15/12/2017;sexta-feira;16:50:00;ES;101;59;SAO MATEUS;Sim;Ingestão de Álcool;1;Queda de ocupante de veículo;Com Vítimas Feridas;Pleno dia;Crescente;Céu Claro;Simples;Reta;Sim;168662;Bicicleta;;NA;Condutor;Lesões Leves;30;Masculino;0;1;0;0;-18,6488;-39,87357;SR-ES;DEL12/4;UOP02/ES
94797;204262;16/12/2017;sábado;02:15:00;SC;101;275;IMBITUBA;Sim;Falta de Atenção à Condução;1;Colisão frontal;Com Vítimas Fatais;Plena Noite;Decrescente;Céu Claro;Dupla;Reta;Sim;168757;Bicicleta;;NA;Condutor;Óbito;NA;Masculino;0;0;0;1;-28,1636;-48,6935;SR-SC;DEL8/2;UOP03/SC
94797;204262;16/12/2017;sábado;02:15:00;SC;101;275;IMBITUBA;Não;Restrição de Visibilidade;1;Colisão frontal;Com Vítimas Fatais;Plena Noite;Decrescente;Céu Claro;Dupla;Reta;Sim;168757;Bicicleta;;NA;Condutor;Óbito;NA;Masculino;0;0;0;1;-28,1636;-48,6935;SR-SC;DEL8/2;UOP03/SC
94806;206775;16/12/2017;sábado;03:00:00;ES;101;141;LINHARES;Sim;Falta de Atenção à Condução;1;Queda de ocupante de veículo;Com Vítimas Feridas;Plena Noite;Crescente;Céu Claro;Dupla;Reta;Sim;170787;Bicicleta;;NA;Condutor;Lesões Graves;19;Masculino;0;0;1;0;-19,39159;-40,07256;SR-ES;DEL12/4;UOP01/ES
95012;204804;16/12/2017;sábado;16:50:00;SP;116;214,1;GUARULHOS;Sim;Falta de Atenção à Condução;1;Colisão transversal;Com Vítimas Fatais;Pleno dia;Decrescente;Sol;Múltipla;Reta;Sim;169287;Bicicleta;;NA;Condutor;Óbito;45;Masculino;0;0;0;1;-23,46326;-46,53373;SR-SP;DEL6/1;UOP01/SP
95162;207160;17/12/2017;domingo;01:35:00;PE;101;48,6;ABREU E LIMA;Sim;Falta de Atenção à Condução;1;Colisão com objeto em movimento;Sem Vítimas;Plena Noite;Decrescente;Céu Claro;Múltipla;Desvio Temporário;Sim;171065;Bicicleta;;NA;Condutor;Ileso;NA;Masculino;1;0;0;0;-7,892779;-34,90322;SR-PE;DEL11/1;UOP02/PE
95429;205488;17/12/2017;domingo;19:30:00;SE;235;48,7;ITABAIANA;Sim;Ingestão de Álcool;1;Colisão transversal;Com Vítimas Feridas;Plena Noite;Crescente;Céu Claro;Simples;Reta;Sim;169813;Bicicleta;;NA;Condutor;Lesões Graves;39;Masculino;0;0;1;0;-10,71863;-37,42067;SR-SE;DEL20/1;UOP02/SE
95452;211025;17/12/2017;domingo;21:00:00;AL;104;34;UNIAO DOS PALMARES;Sim;Ingestão de Álcool;1;Colisão frontal;Com Vítimas Fatais;Plena Noite;Crescente;Nublado;Simples;Reta;Não;174116;Bicicleta;;NA;Condutor;Óbito;59;Masculino;0;0;0;1;-9,15379;-36,0129;SR-AL;DEL13/1;UOP02/AL
95677;206138;18/12/2017;segunda-feira;16:40:00;ES;101;294;CARIACICA;Sim;Falta de Atenção à Condução;1;Colisão transversal;Com Vítimas Feridas;Pleno dia;Decrescente;Céu Claro;Dupla;Não Informado;Sim;170339;Bicicleta;;NA;Condutor;Lesões Leves;74;Masculino;0;1;0;0;-20,32483;-40,39553;SR-ES;DEL12/1;UOP01/ES
95745;206242;18/12/2017;segunda-feira;21:00:00;MG;50;170,3;UBERABA;Sim;Desobediência às normas de trânsito pelo condutor;1;Colisão transversal;Com Vítimas Feridas;Plena Noite;Crescente;Céu Claro;Dupla;Reta;Não;170407;Bicicleta;;NA;Condutor;Lesões Leves;60;Masculino;0;1;0;0;-19,74234;-47,98367;SR-MG;DEL4/15;UOP01/MG
95756;206249;18/12/2017;segunda-feira;21:45:00;PR;376;3,2;APUCARANA;Sim;Falta de Atenção à Condução;1;Colisão transversal;Com Vítimas Feridas;Plena Noite;Crescente;Céu Claro;Simples;Não Informado;Sim;170403;Bicicleta;;NA;Condutor;Lesões Leves;15;Masculino;0;1;0;0;-23,55924;-51,43739;SR-PR;DEL7/7;UOP03/PR
95820;212373;19/12/2017;terça-feira;06:30:00;SE;101;92,8;NOSSA SENHORA DO SOCORRO;Sim;Falta de Atenção à Condução;2;Queda de ocupante de veículo;Com Vítimas Feridas;Pleno dia;Decrescente;Nublado;Dupla;Reta;Sim;170954;Bicicleta;;NA;Testemunha;Não Informado;NA;Não Informado;0;0;0;0;-10,90218;-37,14446;SR-SE;DEL20/1;UOP01/SE
95820;212373;19/12/2017;terça-feira;06:30:00;SE;101;92,8;NOSSA SENHORA DO SOCORRO;Sim;Falta de Atenção à Condução;1;Colisão lateral;Com Vítimas Feridas;Pleno dia;Decrescente;Nublado;Dupla;Reta;Sim;170954;Bicicleta;;NA;Testemunha;Não Informado;NA;Não Informado;0;0;0;0;-10,90218;-37,14446;SR-SE;DEL20/1;UOP01/SE
95820;212373;19/12/2017;terça-feira;06:30:00;SE;101;92,8;NOSSA SENHORA DO SOCORRO;Sim;Falta de Atenção à Condução;2;Queda de ocupante de veículo;Com Vítimas Feridas;Pleno dia;Decrescente;Nublado;Dupla;Reta;Sim;170955;Bicicleta;;NA;Testemunha;Não Informado;NA;Não Informado;0;0;0;0;-10,90218;-37,14446;SR-SE;DEL20/1;UOP01/SE
95820;212373;19/12/2017;terça-feira;06:30:00;SE;101;92,8;NOSSA SENHORA DO SOCORRO;Sim;Falta de Atenção à Condução;1;Colisão lateral;Com Vítimas Feridas;Pleno dia;Decrescente;Nublado;Dupla;Reta;Sim;170955;Bicicleta;;NA;Testemunha;Não Informado;NA;Não Informado;0;0;0;0;-10,90218;-37,14446;SR-SE;DEL20/1;UOP01/SE
95820;211771;19/12/2017;terça-feira;06:30:00;SE;101;92,8;NOSSA SENHORA DO SOCORRO;Sim;Falta de Atenção à Condução;2;Queda de ocupante de veículo;Com Vítimas Feridas;Pleno dia;Decrescente;Nublado;Dupla;Reta;Sim;170954;Bicicleta;;NA;Condutor;Lesões Leves;36;Masculino;0;1;0;0;-10,90218;-37,14446;SR-SE;DEL20/1;UOP01/SE
95820;211771;19/12/2017;terça-feira;06:30:00;SE;101;92,8;NOSSA SENHORA DO SOCORRO;Sim;Falta de Atenção à Condução;1;Colisão lateral;Com Vítimas Feridas;Pleno dia;Decrescente;Nublado;Dupla;Reta;Sim;170954;Bicicleta;;NA;Condutor;Lesões Leves;36;Masculino;0;1;0;0;-10,90218;-37,14446;SR-SE;DEL20/1;UOP01/SE
95820;211773;19/12/2017;terça-feira;06:30:00;SE;101;92,8;NOSSA SENHORA DO SOCORRO;Sim;Falta de Atenção à Condução;2;Queda de ocupante de veículo;Com Vítimas Feridas;Pleno dia;Decrescente;Nublado;Dupla;Reta;Sim;170955;Bicicleta;;NA;Condutor;Lesões Leves;39;Masculino;0;1;0;0;-10,90218;-37,14446;SR-SE;DEL20/1;UOP01/SE
95820;211773;19/12/2017;terça-feira;06:30:00;SE;101;92,8;NOSSA SENHORA DO SOCORRO;Sim;Falta de Atenção à Condução;1;Colisão lateral;Com Vítimas Feridas;Pleno dia;Decrescente;Nublado;Dupla;Reta;Sim;170955;Bicicleta;;NA;Condutor;Lesões Leves;39;Masculino;0;1;0;0;-10,90218;-37,14446;SR-SE;DEL20/1;UOP01/SE
96030;207138;19/12/2017;terça-feira;20:45:00;MA;226;567,5;PORTO FRANCO;Sim;Ingestão de Álcool;1;Colisão traseira;Com Vítimas Fatais;Plena Noite;Decrescente;Céu Claro;Simples;Reta;Não;171047;Bicicleta;;NA;Condutor;Óbito;45;Masculino;0;0;0;1;-6,339014;-47,3626;SR-MA;DEL18/4;UOP02/MA
96030;207138;19/12/2017;terça-feira;20:45:00;MA;226;567,5;PORTO FRANCO;Não;Falta de Atenção à Condução;1;Colisão traseira;Com Vítimas Fatais;Plena Noite;Decrescente;Céu Claro;Simples;Reta;Não;171047;Bicicleta;;NA;Condutor;Óbito;45;Masculino;0;0;0;1;-6,339014;-47,3626;SR-MA;DEL18/4;UOP02/MA
96086;211458;20/12/2017;quarta-feira;05:50:00;SP;116;208;GUARULHOS;Sim;Falta de Atenção à Condução;1;Colisão traseira;Com Vítimas Feridas;Amanhecer;Decrescente;Nublado;Dupla;Reta;Sim;173750;Bicicleta;;NA;Condutor;Ileso;43;Masculino;1;0;0;0;-23,42329;-46,39689;SR-SP;DEL6/1;UOP01/SP
96113;209548;20/12/2017;quarta-feira;07:00:00;RJ;116;180;NOVA IGUACU;Sim;Falta de Atenção à Condução;1;Queda de ocupante de veículo;Com Vítimas Feridas;Pleno dia;Decrescente;Céu Claro;Dupla;Reta;Sim;171059;Bicicleta;;NA;Condutor;Lesões Graves;51;Masculino;0;0;1;0;-22,7398;-43,46257;SR-RJ;DEL5/1;UOP02/RJ
96299;207630;20/12/2017;quarta-feira;21:45:00;RS;116;245,5;SAO LEOPOLDO;Sim;Ingestão de Álcool;1;Colisão frontal;Com Vítimas Feridas;Plena Noite;Crescente;Céu Claro;Múltipla;Reta;Sim;171390;Bicicleta;;NA;Condutor;Lesões Leves;40;Masculino;0;1;0;0;-29,7492;-51,1516;SR-RS;DEL9/1;UOP02/RS
96304;210616;20/12/2017;quarta-feira;21:50:00;SC;101;360,7;SANGAO;Sim;Falta de Atenção à Condução;1;Colisão transversal;Com Vítimas Feridas;Plena Noite;Decrescente;Garoa/Chuvisco;Simples;Reta;Sim;173820;Bicicleta;MONARK/;NA;Condutor;Lesões Graves;39;Masculino;0;0;1;0;-28,65558;-49,10812;SR-SC;DEL8/2;UOP01/SC
96330;210648;21/12/2017;quinta-feira;01:50:00;SC;101;163,6;TIJUCAS;Sim;Falta de Atenção à Condução;1;Colisão traseira;Com Vítimas Feridas;Plena Noite;Crescente;Chuva;Simples;Reta;Sim;173846;Bicicleta;;NA;Condutor;Lesões Leves;31;Masculino;0;1;0;0;-27,2414;-48,6306;SR-SC;DEL8/4;UOP03/SC
96337;207736;20/12/2017;quarta-feira;20:30:00;BA;135;144;RIACHAO DAS NEVES;Sim;Restrição de Visibilidade;1;Colisão traseira;Com Vítimas Feridas;Plena Noite;Crescente;Céu Claro;Simples;Curva;Sim;171486;Bicicleta;;NA;Condutor;Lesões Graves;34;Masculino;0;0;1;0;-11,7476;-44,9011;SR-BA;DEL10/10;UOP01/BA
96352;213623;21/12/2017;quinta-feira;03:30:00;SP;116;498,5;CAJATI;Sim;Velocidade Incompatível;1;Colisão lateral;Com Vítimas Fatais;Plena Noite;Decrescente;Chuva;Simples;Ponte;Não;175765;Bicicleta;;NA;Condutor;Óbito;NA;Masculino;0;0;0;1;-24,73659;-48,12319;SR-SP;DEL6/5;UOP02/SP
96408;210544;21/12/2017;quinta-feira;07:30:00;RJ;116;109,4;GUAPIMIRIM;Sim;Falta de Atenção à Condução;1;Colisão traseira;Com Vítimas Feridas;Pleno dia;Decrescente;Céu Claro;Dupla;Curva;Sim;173779;Bicicleta;;NA;Condutor;Lesões Leves;51;Masculino;0;1;0;0;-22,54578;-42,9871;SR-RJ;DEL5/4;UOP02/RJ
96594;209521;21/12/2017;quinta-feira;15:00:00;RO;174;12;VILHENA;Sim;Falta de Atenção à Condução;1;Colisão frontal;Com Vítimas Feridas;Pleno dia;Crescente;Céu Claro;Simples;Reta;Sim;172984;Bicicleta;;NA;Testemunha;Não Informado;NA;Não Informado;0;0;0;0;-12,74369;-60,12151;SR-RO;DEL21/4;UOP01/RO
96594;209523;21/12/2017;quinta-feira;15:00:00;RO;174;12;VILHENA;Sim;Falta de Atenção à Condução;1;Colisão frontal;Com Vítimas Feridas;Pleno dia;Crescente;Céu Claro;Simples;Reta;Sim;172984;Bicicleta;;NA;Testemunha;Não Informado;NA;Não Informado;0;0;0;0;-12,74369;-60,12151;SR-RO;DEL21/4;UOP01/RO
96594;209532;21/12/2017;quinta-feira;15:00:00;RO;174;12;VILHENA;Sim;Falta de Atenção à Condução;1;Colisão frontal;Com Vítimas Feridas;Pleno dia;Crescente;Céu Claro;Simples;Reta;Sim;172984;Bicicleta;;NA;Condutor;Lesões Leves;32;Feminino;0;1;0;0;-12,74369;-60,12151;SR-RO;DEL21/4;UOP01/RO
96638;221623;21/12/2017;quinta-feira;21:40:00;MG;116;502;INHAPIM;Sim;Ingestão de Álcool;1;Colisão transversal;Com Vítimas Feridas;Plena Noite;Crescente;Céu Claro;Simples;Curva;Não;180970;Bicicleta;;NA;Testemunha;Não Informado;NA;Não Informado;0;0;0;0;-19,54964;-42,12036;SR-MG;DEL4/6;UOP02/MG
96638;222281;21/12/2017;quinta-feira;21:40:00;MG;116;502;INHAPIM;Sim;Ingestão de Álcool;1;Colisão transversal;Com Vítimas Feridas;Plena Noite;Crescente;Céu Claro;Simples;Curva;Não;180970;Bicicleta;;NA;Testemunha;Não Informado;NA;Não Informado;0;0;0;0;-19,54964;-42,12036;SR-MG;DEL4/6;UOP02/MG
96638;221612;21/12/2017;quinta-feira;21:40:00;MG;116;502;INHAPIM;Sim;Ingestão de Álcool;1;Colisão transversal;Com Vítimas Feridas;Plena Noite;Crescente;Céu Claro;Simples;Curva;Não;180970;Bicicleta;;NA;Condutor;Lesões Graves;53;Masculino;0;0;1;0;-19,54964;-42,12036;SR-MG;DEL4/6;UOP02/MG
96767;208554;22/12/2017;sexta-feira;06:50:00;SE;235;52;ITABAIANA;Sim;Falta de Atenção à Condução;1;Colisão transversal;Com Vítimas Feridas;Pleno dia;Crescente;Céu Claro;Simples;Desvio Temporário;Sim;172147;Bicicleta;;NA;Condutor;Lesões Leves;36;Masculino;0;1;0;0;-10,69328;-37,43756;SR-SE;DEL20/1;UOP02/SE
96800;208642;22/12/2017;sexta-feira;10:40:00;PR;116;209,4;RIO NEGRO;Sim;Falta de Atenção à Condução;1;Colisão transversal;Com Vítimas Feridas;Pleno dia;Crescente;Céu Claro;Simples;Reta;Sim;172200;Bicicleta;MONARK/;NA;Condutor;Lesões Graves;56;Masculino;0;0;1;0;-26,08639;-49,77969;SR-SC;DEL8/6;UOP01/SC
96930;212701;22/12/2017;sexta-feira;17:30:00;MG;381;491,2;BETIM;Sim;Falta de Atenção à Condução;3;Queda de ocupante de veículo;Com Vítimas Feridas;Pleno dia;Crescente;Chuva;Dupla;Curva;Sim;175135;Bicicleta;;NA;Condutor;Lesões Graves;26;Masculino;0;0;1;0;-19,9616;-44,1603;SR-MG;DEL4/1;UOP03/MG
96930;212701;22/12/2017;sexta-feira;17:30:00;MG;381;491,2;BETIM;Sim;Falta de Atenção à Condução;2;Tombamento;Com Vítimas Feridas;Pleno dia;Crescente;Chuva;Dupla;Curva;Sim;175135;Bicicleta;;NA;Condutor;Lesões Graves;26;Masculino;0;0;1;0;-19,9616;-44,1603;SR-MG;DEL4/1;UOP03/MG
96930;212701;22/12/2017;sexta-feira;17:30:00;MG;381;491,2;BETIM;Sim;Falta de Atenção à Condução;1;Colisão transversal;Com Vítimas Feridas;Pleno dia;Crescente;Chuva;Dupla;Curva;Sim;175135;Bicicleta;;NA;Condutor;Lesões Graves;26;Masculino;0;0;1;0;-19,9616;-44,1603;SR-MG;DEL4/1;UOP03/MG
97003;212108;22/12/2017;sexta-feira;18:40:00;CE;116;35,8;HORIZONTE;Sim;Falta de Atenção à Condução;1;Colisão transversal;Com Vítimas Feridas;Plena Noite;Crescente;Nublado;Simples;Reta;Sim;174724;Bicicleta;MONARK/;NA;Condutor;Lesões Leves;23;Masculino;0;1;0;0;-4,1076;-38,4949;SR-CE;DEL16/1;UOP02/CE
97087;209173;22/12/2017;sexta-feira;23:40:00;PR;376;163,5;MARINGA;Sim;Restrição de Visibilidade;1;Queda de ocupante de veículo;Sem Vítimas;Plena Noite;Crescente;Céu Claro;Dupla;Reta;Sim;172672;Bicicleta;;NA;Condutor;Ileso;28;Masculino;1;0;0;0;-23,37175;-52,05827;SR-PR;DEL7/7;UOP04/PR
97088;209391;22/12/2017;sexta-feira;19:30:00;RO;364;347,3;JI-PARANA;Não;Ingestão de Álcool;1;Colisão lateral;Com Vítimas Feridas;Plena Noite;Decrescente;Nublado;Simples;Reta;Não;172666;Bicicleta;;NA;Condutor;Lesões Graves;33;Masculino;0;0;1;0;-10,85966;-61,97813;SR-RO;DEL21/2;UOP01/RO
97088;209391;22/12/2017;sexta-feira;19:30:00;RO;364;347,3;JI-PARANA;Sim;Falta de Atenção à Condução;1;Colisão lateral;Com Vítimas Feridas;Plena Noite;Decrescente;Nublado;Simples;Reta;Não;172666;Bicicleta;;NA;Condutor;Lesões Graves;33;Masculino;0;0;1;0;-10,85966;-61,97813;SR-RO;DEL21/2;UOP01/RO
97170;209357;22/12/2017;sexta-feira;20:45:00;ES;262;87;DOMINGOS MARTINS;Sim;Ingestão de Álcool;1;Queda de ocupante de veículo;Com Vítimas Fatais;Plena Noite;Crescente;Céu Claro;Simples;Reta;Não;172818;Bicicleta;;NA;Condutor;Óbito;39;Masculino;0;0;0;1;-20,39393;-41,00127;SR-ES;DEL12/1;UOP02/ES
97277;209520;23/12/2017;sábado;08:30:00;SC;280;238,3;CANOINHAS;Sim;Falta de Atenção à Condução;1;Saída de leito carroçável;Com Vítimas Feridas;Pleno dia;Crescente;Céu Claro;Simples;Reta;Não;172980;Bicicleta;IMP/LMS SUNDOWN CLUB;NA;Condutor;Lesões Leves;48;Masculino;0;1;0;0;-26,20902;-50,44726;SR-SC;DEL8/6;UOP04/SC
97289;209538;23/12/2017;sábado;11:25:00;RJ;101;474;ANGRA DOS REIS;Sim;Falta de Atenção à Condução;1;Colisão lateral;Com Vítimas Feridas;Pleno dia;Crescente;Sol;Simples;Reta;Não;172992;Bicicleta;;NA;Condutor;Lesões Leves;46;Feminino;0;1;0;0;-22,99689;-44,2513;SR-RJ;DEL5/3;UOP02/RJ
97513;210200;23/12/2017;sábado;19:50:00;RN;427;101,7;CAICO;Sim;Falta de Atenção à Condução;1;Colisão com objeto em movimento;Com Vítimas Feridas;Plena Noite;Decrescente;Céu Claro;Simples;Curva;Sim;173519;Bicicleta;;NA;Condutor;Lesões Graves;36;Masculino;0;0;1;0;-6,460434;-37,10663;SR-RN;DEL15/3;UOP01/RN
97520;210241;23/12/2017;sábado;21:00:00;SC;470;71,5;INDAIAL;Sim;Falta de Atenção à Condução;1;Colisão transversal;Com Vítimas Feridas;Plena Noite;Crescente;Garoa/Chuvisco;Simples;Reta;Sim;173558;Bicicleta;;NA;Condutor;Lesões Leves;29;Masculino;0;1;0;0;-26,8877;-49,25244;SR-SC;DEL8/4;UOP01/SC
97597;211806;23/12/2017;sábado;20:00:00;MG;381;218;BELO ORIENTE;Sim;Falta de Atenção à Condução;1;Colisão traseira;Com Vítimas Feridas;Plena Noite;Decrescente;Céu Claro;Simples;Reta;Não;173661;Bicicleta;;NA;Condutor;Lesões Leves;46;Masculino;0;1;0;0;-19,26197;-42,34455;SR-MG;DEL4/6;UOP01/MG
97905;211863;24/12/2017;domingo;19:53:00;SP;101;49;UBATUBA;Sim;Falta de Atenção à Condução;1;Colisão transversal;Com Vítimas Feridas;Plena Noite;Decrescente;Céu Claro;Simples;Reta;Sim;174011;Bicicleta;;NA;Condutor;Lesões Leves;41;Feminino;0;1;0;0;-23,44656;-45,08118;SR-SP;DEL6/7;UOP01/SP
98211;232773;25/12/2017;segunda-feira;22:40:00;SE;235;48;ITABAIANA;Sim;Falta de Atenção à Condução;2;Tombamento;Com Vítimas Feridas;Plena Noite;Crescente;Céu Claro;Simples;Reta;Sim;190308;Bicicleta;MONARK/;NA;Condutor;Não Informado;NA;Não Informado;0;0;0;0;-10,71927;-37,42041;SR-SE;DEL20/1;UOP02/SE
98211;232773;25/12/2017;segunda-feira;22:40:00;SE;235;48;ITABAIANA;Sim;Falta de Atenção à Condução;1;Colisão transversal;Com Vítimas Feridas;Plena Noite;Crescente;Céu Claro;Simples;Reta;Sim;190308;Bicicleta;MONARK/;NA;Condutor;Não Informado;NA;Não Informado;0;0;0;0;-10,71927;-37,42041;SR-SE;DEL20/1;UOP02/SE
98237;213533;26/12/2017;terça-feira;05:15:00;SP;116;158;JACAREI;Sim;Falta de Atenção à Condução;1;Atropelamento de Pedestre;Com Vítimas Feridas;Amanhecer;Decrescente;Nublado;Dupla;Curva;Não;175710;Bicicleta;;NA;Condutor;Lesões Leves;33;Feminino;0;1;0;0;-23,3055;-45,967;SR-SP;DEL6/2;UOP01/SP
98376;212626;26/12/2017;terça-feira;13:00:00;PI;343;40,9;BURITI DOS LOPES;Sim;Ingestão de Álcool;1;Colisão lateral;Com Vítimas Feridas;Pleno dia;Crescente;Sol;Simples;Curva;Não;175095;Bicicleta;;NA;Condutor;Lesões Leves;52;Masculino;0;1;0;0;-3,1535;-41,81371;SR-PI;DEL17/5;UOP01/PI
98376;215826;26/12/2017;terça-feira;13:00:00;PI;343;40,9;BURITI DOS LOPES;Sim;Ingestão de Álcool;1;Colisão lateral;Com Vítimas Feridas;Pleno dia;Crescente;Sol;Simples;Curva;Não;175095;Bicicleta;;NA;Passageiro;Lesões Leves;NA;Masculino;0;1;0;0;-3,1535;-41,81371;SR-PI;DEL17/5;UOP01/PI
98501;212704;26/12/2017;terça-feira;22:50:00;SP;101;48,4;UBATUBA;Sim;Falta de Atenção à Condução;1;Colisão lateral;Com Vítimas Feridas;Plena Noite;Crescente;Chuva;Simples;Ponte;Sim;175093;Bicicleta;;NA;Condutor;Lesões Graves;52;Masculino;0;0;1;0;-23,44263;-45,08541;SR-SP;DEL6/7;UOP01/SP
98552;215116;27/12/2017;quarta-feira;06:33:00;ES;101;146,3;LINHARES;Sim;Falta de Atenção à Condução;1;Colisão com objeto em movimento;Com Vítimas Feridas;Pleno dia;Decrescente;Céu Claro;Dupla;Reta;Sim;176865;Bicicleta;;NA;Condutor;Lesões Leves;36;Feminino;0;1;0;0;-19,39228;-40,06657;SR-ES;DEL12/4;UOP01/ES