id;pesid;data_inversa;dia_semana;horario;uf;br;km;municipio;causa_principal;causa_acidente;ordem_tipo_acidente;tipo_acidente;classificacao_acidente;fase_dia;sentido_via;condicao_metereologica;tipo_pista;tracado_via;uso_solo;id_veiculo;tipo_veiculo;marca;ano_fabricacao_veiculo;tipo_envolvido;estado_fisico;idade;sexo;ilesos;feridos_leves;feridos_graves;mortos;latitude;longitude;regional;delegacia;uop
98609;212935;27/12/2017;quarta-feira;10:45:00;RN;304;300,3;MACAIBA;Sim;Falta de Atenção à Condução;1;Colisão traseira;Com Vítimas Feridas;Pleno dia;Crescente;Céu Claro;Dupla;Reta;Não;175294;Bicicleta;MONARK/;NA;Condutor;Lesões Graves;NA;Masculino;0;0;1;0;-5,872185;-35,32056;SR-RN;DEL15/1;UOP02/RN
98720;213379;27/12/2017;quarta-feira;17:40:00;PI;226;264,8;TERESINA;Sim;Falta de Atenção à Condução;1;Colisão transversal;Com Vítimas Feridas;Anoitecer;Crescente;Nublado;Dupla;Reta;Sim;175589;Bicicleta;MONARK/;NA;Condutor;Lesões Graves;64;Masculino;0;0;1;0;-5,078884;-42,75193;SR-PI;DEL17/1;UOP01/PI
98832;213817;28/12/2017;quinta-feira;07:50:00;SC;101;214,5;PALHOCA;Sim;Falta de Atenção à Condução;1;Colisão frontal;Com Vítimas Feridas;Pleno dia;Crescente;Céu Claro;Dupla;Reta;Não;175758;Bicicleta;;NA;Testemunha;Não Informado;NA;Não Informado;0;0;0;0;-27,64935;-48,6744;SR-SC;DEL8/1;UOP02/SC
98832;213616;28/12/2017;quinta-feira;07:50:00;SC;101;214,5;PALHOCA;Sim;Falta de Atenção à Condução;1;Colisão frontal;Com Vítimas Feridas;Pleno dia;Crescente;Céu Claro;Dupla;Reta;Não;175758;Bicicleta;;NA;Condutor;Lesões Graves;38;Masculino;0;0;1;0;-27,64935;-48,6744;SR-SC;DEL8/1;UOP02/SC
98852;213739;28/12/2017;quinta-feira;10:00:00;MG;262;50,7;MANHUACU;Sim;Falta de Atenção à Condução;1;Colisão lateral;Com Vítimas Feridas;Pleno dia;Crescente;Céu Claro;Simples;Reta;Sim;175850;Bicicleta;;NA;Condutor;Lesões Leves;32;Masculino;0;1;0;0;-20,24675;-42,14259;SR-MG;DEL4/6;UOP04/MG
98903;214231;28/12/2017;quinta-feira;13:30:00;PR;376;489;PONTA GROSSA;Sim;Falta de Atenção à Condução;1;Colisão lateral;Com Vítimas Feridas;Pleno dia;Crescente;Céu Claro;Dupla;Curva;Sim;176011;Bicicleta;;NA;Condutor;Lesões Leves;NA;Masculino;0;1;0;0;-25,08882;-50,19556;SR-PR;DEL7/3;UOP03/PR
99013;214077;28/12/2017;quinta-feira;18:40:00;CE;116;13;FORTALEZA;Sim;Ingestão de Álcool;1;Colisão transversal;Com Vítimas Fatais;Plena Noite;Decrescente;Nublado;Múltipla;Reta;Sim;176091;Bicicleta;;NA;Condutor;Óbito;34;Masculino;0;0;0;1;-3,865498;-38,49769;SR-CE;DEL16/1;UOP02/CE
99035;214281;28/12/2017;quinta-feira;20:30:00;MS;163;843;SONORA;Sim;Desobediência às normas de trânsito pelo condutor;1;Colisão frontal;Com Vítimas Feridas;Plena Noite;Crescente;Ignorado;Simples;Reta;Não;176122;Bicicleta;;NA;Condutor;Lesões Leves;43;Masculino;0;1;0;0;-17,54297;-54,74115;SR-MS;DEL3/6;UOP01/MS
99046;216380;28/12/2017;quinta-feira;21:20:00;MG;40;435,7;PARAOPEBA;Sim;Falta de Atenção à Condução;1;Colisão traseira;Com Vítimas Fatais;Plena Noite;Decrescente;Céu Claro;Dupla;Reta;Não;176126;Bicicleta;;NA;Testemunha;Não Informado;NA;Não Informado;0;0;0;0;-19,2246;-44,44427;SR-MG;DEL4/2;UOP01/MG
99046;214128;28/12/2017;quinta-feira;21:20:00;MG;40;435,7;PARAOPEBA;Sim;Falta de Atenção à Condução;1;Colisão traseira;Com Vítimas Fatais;Plena Noite;Decrescente;Céu Claro;Dupla;Reta;Não;176126;Bicicleta;;NA;Condutor;Óbito;31;Masculino;0;0;0;1;-19,2246;-44,44427;SR-MG;DEL4/2;UOP01/MG
99074;214162;29/12/2017;sexta-feira;02:00:00;PE;407;119,7;PETROLINA;Sim;Falta de Atenção à Condução;1;Colisão frontal;Com Vítimas Fatais;Plena Noite;Decrescente;Céu Claro;Simples;Reta;Não;176169;Bicicleta;;NA;Condutor;Óbito;69;Masculino;0;0;0;1;-9,340683;-40,55814;SR-PE;DEL11/6;UOP02/PE
99240;214954;29/12/2017;sexta-feira;13:00:00;BA;367;83,5;EUNAPOLIS;Sim;Falta de Atenção à Condução;1;Colisão transversal;Com Vítimas Feridas;Pleno dia;Decrescente;Céu Claro;Simples;Reta;Sim;176751;Bicicleta;;NA;Pedestre;Lesões Leves;50;Masculino;0;1;0;0;-16,37361;-39,57504;SR-BA;DEL10/9;UOP01/BA
99282;214661;29/12/2017;sexta-feira;15:20:00;RS;468;3,9;PALMEIRA DAS MISSOES;Sim;Desobediência às normas de trânsito pelo condutor;1;Colisão transversal;Com Vítimas Feridas;Pleno dia;Crescente;Céu Claro;Simples;Interseção de vias;Não;176522;Bicicleta;;NA;Condutor;Lesões Leves;42;Masculino;0;1;0;0;-27,8667;-53,33279;SR-RS;DEL9/14;UOP01/RS
99301;214795;29/12/2017;sexta-feira;18:25:00;SP;116;322,8;JUQUITIBA;Sim;Ingestão de Álcool;1;Colisão transversal;Com Vítimas Feridas;Pleno dia;Crescente;Nublado;Dupla;Curva;Não;176633;Bicicleta;;NA;Condutor;Lesões Leves;53;Masculino;0;1;0;0;-23,93215;-47,06874;SR-SP;DEL6/4;UOP02/SP
99386;214903;30/12/2017;sábado;00:40:00;GO;153;494;GOIANIA;Sim;Ingestão de Álcool;1;Colisão frontal;Com Vítimas Feridas;Plena Noite;Decrescente;Céu Claro;Dupla;Interseção de vias;Sim;176719;Bicicleta;;NA;Condutor;Lesões Leves;23;Masculino;0;1;0;0;-16,6614;-49,2218;SR-GO;DEL1/1;UOP01/GO
99467;216554;30/12/2017;sábado;06:35:00;RO;364;9,5;VILHENA;Sim;Falta de Atenção à Condução;1;Colisão lateral;Com Vítimas Feridas;Pleno dia;Decrescente;Chuva;Simples;Reta;Sim;177113;Bicicleta;;NA;Condutor;Lesões Graves;60;Masculino;0;0;1;0;-12,75422;-60,10418;SR-RO;DEL21/4;UOP01/RO
99467;216554;30/12/2017;sábado;06:35:00;RO;364;9,5;VILHENA;Não;Fenômenos da Natureza;1;Colisão lateral;Com Vítimas Feridas;Pleno dia;Decrescente;Chuva;Simples;Reta;Sim;177113;Bicicleta;;NA;Condutor;Lesões Graves;60;Masculino;0;0;1;0;-12,75422;-60,10418;SR-RO;DEL21/4;UOP01/RO
99516;215235;30/12/2017;sábado;11:20:00;PR;376;673;GUARATUBA;Sim;Defeito na Via;1;Danos eventuais;Com Vítimas Feridas;Pleno dia;Crescente;Nublado;Múltipla;Reta;Não;176936;Bicicleta;;NA;Condutor;Lesões Leves;23;Masculino;0;1;0;0;-25,88326;-48,57514;SR-PR;DEL7/1;UOP08/PR
99534;215382;30/12/2017;sábado;12:20:00;MG;116;274;TEOFILO OTONI;Sim;Falta de Atenção à Condução;2;Colisão com objeto estático;Com Vítimas Feridas;Pleno dia;Crescente;Nublado;Dupla;Reta;Sim;177031;Bicicleta;MONARK/;NA;Condutor;Lesões Leves;67;Masculino;0;1;0;0;-17,8461;-41,51601;SR-MG;DEL4/11;UOP01/MG
99534;215382;30/12/2017;sábado;12:20:00;MG;116;274;TEOFILO OTONI;Não;Velocidade Incompatível;2;Colisão com objeto estático;Com Vítimas Feridas;Pleno dia;Crescente;Nublado;Dupla;Reta;Sim;177031;Bicicleta;MONARK/;NA;Condutor;Lesões Leves;67;Masculino;0;1;0;0;-17,8461;-41,51601;SR-MG;DEL4/11;UOP01/MG
99534;215382;30/12/2017;sábado;12:20:00;MG;116;274;TEOFILO OTONI;Sim;Falta de Atenção à Condução;1;Colisão traseira;Com Vítimas Feridas;Pleno dia;Crescente;Nublado;Dupla;Reta;Sim;177031;Bicicleta;MONARK/;NA;Condutor;Lesões Leves;67;Masculino;0;1;0;0;-17,8461;-41,51601;SR-MG;DEL4/11;UOP01/MG
99534;215382;30/12/2017;sábado;12:20:00;MG;116;274;TEOFILO OTONI;Não;Velocidade Incompatível;1;Colisão traseira;Com Vítimas Feridas;Pleno dia;Crescente;Nublado;Dupla;Reta;Sim;177031;Bicicleta;MONARK/;NA;Condutor;Lesões Leves;67;Masculino;0;1;0;0;-17,8461;-41,51601;SR-MG;DEL4/11;UOP01/MG
99613;215575;30/12/2017;sábado;14:57:00;SC;116;69;MONTE CASTELO;Sim;Falta de Atenção à Condução;1;Colisão transversal;Com Vítimas Feridas;Pleno dia;Crescente;Nublado;Simples;Rotatória;Sim;177182;Bicicleta;;NA;Condutor;Lesões Graves;13;Masculino;0;0;1;0;-26,46046;-50,22896;SR-SC;DEL8/6;UOP02/SC
99711;220717;30/12/2017;sábado;16:55:00;RO;319;64;PORTO VELHO;Sim;Falta de Atenção à Condução;3;Queda de ocupante de veículo;Com Vítimas Feridas;Pleno dia;Crescente;Céu Claro;Dupla;Reta;Sim;177229;Bicicleta;;NA;Condutor;Ileso;14;Feminino;1;0;0;0;-8,061505;-63,55161;SR-RO;DEL21/1;UOP01/RO
99711;220717;30/12/2017;sábado;16:55:00;RO;319;64;PORTO VELHO;Não;Não guardar distância de segurança;3;Queda de ocupante de veículo;Com Vítimas Feridas;Pleno dia;Crescente;Céu Claro;Dupla;Reta;Sim;177229;Bicicleta;;NA;Condutor;Ileso;14;Feminino;1;0;0;0;-8,061505;-63,55161;SR-RO;DEL21/1;UOP01/RO
99711;220717;30/12/2017;sábado;16:55:00;RO;319;64;PORTO VELHO;Sim;Falta de Atenção à Condução;2;Tombamento;Com Vítimas Feridas;Pleno dia;Crescente;Céu Claro;Dupla;Reta;Sim;177229;Bicicleta;;NA;Condutor;Ileso;14;Feminino;1;0;0;0;-8,061505;-63,55161;SR-RO;DEL21/1;UOP01/RO
99711;220717;30/12/2017;sábado;16:55:00;RO;319;64;PORTO VELHO;Não;Não guardar distância de segurança;2;Tombamento;Com Vítimas Feridas;Pleno dia;Crescente;Céu Claro;Dupla;Reta;Sim;177229;Bicicleta;;NA;Condutor;Ileso;14;Feminino;1;0;0;0;-8,061505;-63,55161;SR-RO;DEL21/1;UOP01/RO
99711;220717;30/12/2017;sábado;16:55:00;RO;319;64;PORTO VELHO;Sim;Falta de Atenção à Condução;1;Colisão lateral;Com Vítimas Feridas;Pleno dia;Crescente;Céu Claro;Dupla;Reta;Sim;177229;Bicicleta;;NA;Condutor;Ileso;14;Feminino;1;0;0;0;-8,061505;-63,55161;SR-RO;DEL21/1;UOP01/RO
99711;220717;30/12/2017;sábado;16:55:00;RO;319;64;PORTO VELHO;Não;Não guardar distância de segurança;1;Colisão lateral;Com Vítimas Feridas;Pleno dia;Crescente;Céu Claro;Dupla;Reta;Sim;177229;Bicicleta;;NA;Condutor;Ileso;14;Feminino;1;0;0;0;-8,061505;-63,55161;SR-RO;DEL21/1;UOP01/RO
99711;220721;30/12/2017;sábado;16:55:00;RO;319;64;PORTO VELHO;Sim;Falta de Atenção à Condução;3;Queda de ocupante de veículo;Com Vítimas Feridas;Pleno dia;Crescente;Céu Claro;Dupla;Reta;Sim;177229;Bicicleta;;NA;Passageiro;Lesões Leves;16;Feminino;0;1;0;0;-8,061505;-63,55161;SR-RO;DEL21/1;UOP01/RO
99711;220721;30/12/2017;sábado;16:55:00;RO;319;64;PORTO VELHO;Não;Não guardar distância de segurança;3;Queda de ocupante de veículo;Com Vítimas Feridas;Pleno dia;Crescente;Céu Claro;Dupla;Reta;Sim;177229;Bicicleta;;NA;Passageiro;Lesões Leves;16;Feminino;0;1;0;0;-8,061505;-63,55161;SR-RO;DEL21/1;UOP01/RO
99711;220721;30/12/2017;sábado;16:55:00;RO;319;64;PORTO VELHO;Sim;Falta de Atenção à Condução;2;Tombamento;Com Vítimas Feridas;Pleno dia;Crescente;Céu Claro;Dupla;Reta;Sim;177229;Bicicleta;;NA;Passageiro;Lesões Leves;16;Feminino;0;1;0;0;-8,061505;-63,55161;SR-RO;DEL21/1;UOP01/RO
99711;220721;30/12/2017;sábado;16:55:00;RO;319;64;PORTO VELHO;Não;Não guardar distância de segurança;2;Tombamento;Com Vítimas Feridas;Pleno dia;Crescente;Céu Claro;Dupla;Reta;Sim;177229;Bicicleta;;NA;Passageiro;Lesões Leves;16;Feminino;0;1;0;0;-8,061505;-63,55161;SR-RO;DEL21/1;UOP01/RO
99711;220721;30/12/2017;sábado;16:55:00;RO;319;64;PORTO VELHO;Sim;Falta de Atenção à Condução;1;Colisão lateral;Com Vítimas Feridas;Pleno dia;Crescente;Céu Claro;Dupla;Reta;Sim;177229;Bicicleta;;NA;Passageiro;Lesões Leves;16;Feminino;0;1;0;0;-8,061505;-63,55161;SR-RO;DEL21/1;UOP01/RO
99711;220721;30/12/2017;sábado;16:55:00;RO;319;64;PORTO VELHO;Não;Não guardar distância de segurança;1;Colisão lateral;Com Vítimas Feridas;Pleno dia;Crescente;Céu Claro;Dupla;Reta;Sim;177229;Bicicleta;;NA;Passageiro;Lesões Leves;16;Feminino;0;1;0;0;-8,061505;-63,55161;SR-RO;DEL21/1;UOP01/RO
99715;217285;30/12/2017;sábado;20:30:00;ES;101;142,1;LINHARES;Sim;Falta de Atenção à Condução;2;Queda de ocupante de veículo;Com Vítimas Feridas;Plena Noite;Decrescente;Nublado;Múltipla;Interseção de vias;Sim;177302;Bicicleta;;NA;Condutor;Lesões Leves;44;Masculino;0;1;0;0;-19,39159;-40,07256;SR-ES;DEL12/4;UOP01/ES
99715;217285;30/12/2017;sábado;20:30:00;ES;101;142,1;LINHARES;Sim;Falta de Atenção à Condução;1;Colisão transversal;Com Vítimas Feridas;Plena Noite;Decrescente;Nublado;Múltipla;Interseção de vias;Sim;177302;Bicicleta;;NA;Condutor;Lesões Leves;44;Masculino;0;1;0;0;-19,39159;-40,07256;SR-ES;DEL12/4;UOP01/ES
99733;215692;30/12/2017;sábado;21:20:00;PR;376;491,7;PONTA GROSSA;Sim;Restrição de Visibilidade;1;Colisão lateral;Com Vítimas Feridas;Plena Noite;Decrescente;Garoa/Chuvisco;Dupla;Não Informado;Sim;177256;Bicicleta;;NA;Condutor;Lesões Leves;37;Masculino;0;1;0;0;-25,1046;-50,19498;SR-PR;DEL7/3;UOP03/PR
99836;216219;31/12/2017;domingo;08:05:00;MG;40;547,3;NOVA LIMA;Sim;Falta de Atenção à Condução;2;Queda de ocupante de veículo;Com Vítimas Feridas;Pleno dia;Crescente;Nublado;Dupla;Não Informado;Sim;177484;Bicicleta;;NA;Condutor;Lesões Leves;38;Masculino;0;1;0;0;-20,02682;-43,96956;SR-MG;DEL4/1;UOP02/MG
99836;216219;31/12/2017;domingo;08:05:00;MG;40;547,3;NOVA LIMA;Sim;Falta de Atenção à Condução;1;Colisão traseira;Com Vítimas Feridas;Pleno dia;Crescente;Nublado;Dupla;Não Informado;Sim;177484;Bicicleta;;NA;Condutor;Lesões Leves;38;Masculino;0;1;0;0;-20,02682;-43,96956;SR-MG;DEL4/1;UOP02/MG
102710;223034;27/12/2017;quarta-feira;17:50:00;CE;20;405;CAUCAIA;Sim;Falta de Atenção à Condução;1;Colisão transversal;Com Vítimas Fatais;Plena Noite;Crescente;Céu Claro;Simples;Reta;Não;182424;Bicicleta;;NA;Testemunha;Não Informado;NA;Não Informado;0;0;0;0;-3,7711;-38,67233;SR-CE;DEL16/1;UOP01/CE
102710;223033;27/12/2017;quarta-feira;17:50:00;CE;20;405;CAUCAIA;Sim;Falta de Atenção à Condução;1;Colisão transversal;Com Vítimas Fatais;Plena Noite;Crescente;Céu Claro;Simples;Reta;Não;182424;Bicicleta;;NA;Condutor;Óbito;39;Masculino;0;0;0;1;-3,7711;-38,67233;SR-CE;DEL16/1;UOP01/CE
103252;224077;18/11/2017;sábado;11:00:00;MG;40;632;CONSELHEIRO LAFAIETE;Sim;Falta de Atenção à Condução;2;Tombamento;Com Vítimas Feridas;Pleno dia;Decrescente;Céu Claro;Simples;Reta;Sim;183348;Bicicleta;;NA;Condutor;Lesões Leves;NA;Masculino;0;1;0;0;-20,67636;-43,79473;SR-MG;DEL4/5;UOP02/MG
103252;224077;18/11/2017;sábado;11:00:00;MG;40;632;CONSELHEIRO LAFAIETE;Sim;Falta de Atenção à Condução;1;Colisão lateral;Com Vítimas Feridas;Pleno dia;Decrescente;Céu Claro;Simples;Reta;Sim;183348;Bicicleta;;NA;Condutor;Lesões Leves;NA;Masculino;0;1;0;0;-20,67636;-43,79473;SR-MG;DEL4/5;UOP02/MG
105029;228286;11/10/2017;quarta-feira;18:41:00;BA;367;82;EUNAPOLIS;Sim;Falta de Atenção à Condução;1;Colisão frontal;Com Vítimas Feridas;Plena Noite;Crescente;Céu Claro;Simples;Reta;Não;186624;Bicicleta;;NA;Condutor;Ileso;NA;Masculino;1;0;0;0;-16,37206;-39,56165;SR-BA;DEL10/9;UOP01/BA
105710;229801;01/10/2017;domingo;17:10:00;PB;230;30,6;JOAO PESSOA;Sim;Falta de Atenção à Condução;1;Colisão lateral;Com Vítimas Feridas;Anoitecer;Decrescente;Céu Claro;Dupla;Reta;Sim;187825;Bicicleta;;NA;Condutor;Lesões Graves;49;Masculino;0;0;1;0;-7,150628;-34,91071;SR-PB;DEL14/1;UOP00/PB
105814;230045;22/03/2017;quarta-feira;06:10:00;AL;101;72,5;MESSIAS;Sim;Falta de Atenção à Condução;2;Colisão com objeto em movimento;Com Vítimas Fatais;Pleno dia;Decrescente;Chuva;Simples;Curva;Sim;188041;Bicicleta;MONARK/;NA;Condutor;Lesões Leves;0;Masculino;0;1;0;0;-9,385728;-35,83557;SR-AL;DEL13/1;UOP01/AL
105814;230045;22/03/2017;quarta-feira;06:10:00;AL;101;72,5;MESSIAS;Sim;Falta de Atenção à Condução;1;Colisão frontal;Com Vítimas Fatais;Pleno dia;Decrescente;Chuva;Simples;Curva;Sim;188041;Bicicleta;MONARK/;NA;Condutor;Lesões Leves;0;Masculino;0;1;0;0;-9,385728;-35,83557;SR-AL;DEL13/1;UOP01/AL
106333;231205;07/01/2017;sábado;18:03:00;PB;230;26;JOAO PESSOA;Sim;Falta de Atenção à Condução;1;Colisão transversal;Com Vítimas Feridas;Plena Noite;Decrescente;Céu Claro;Dupla;Reta;Sim;188925;Bicicleta;;NA;Condutor;Lesões Leves;56;Masculino;0;1;0;0;-7,1693;-34,8782;SR-PB;DEL14/1;UOP00/PB
107595;233984;05/09/2017;terça-feira;07:50:00;DF;40;5,7;BRASILIA;Sim;Falta de Atenção à Condução;1;Colisão transversal;Com Vítimas Feridas;Pleno dia;Decrescente;Sol;Dupla;Reta;Não;191369;Bicicleta;;NA;Condutor;Lesões Graves;52;Masculino;0;0;1;0;-16,02713;-47,97905;SR-DF;UOP01/DF;
109224;237235;08/10/2017;domingo;07:53:00;AC;364;132;RIO BRANCO;Sim;Falta de Atenção à Condução;1;Colisão traseira;Com Vítimas Feridas;Pleno dia;Decrescente;Ignorado;Simples;Reta;Não;194181;Bicicleta;;NA;Condutor;Lesões Leves;NA;Masculino;0;1;0;0;-10,01005;-67,84553;SR-AC;UOP01/AC;
115039;250696;10/02/2017;sexta-feira;13:30:00;PR;277;0,1;PARANAGUA;Sim;Falta de Atenção à Condução;1;Queda de ocupante de veículo;Com Vítimas Feridas;Pleno dia;Crescente;Nublado;Simples;Reta;Sim;205334;Bicicleta;;NA;Condutor;Lesões Graves;60;Feminino;0;0;1;0;-25,51939;-48,54295;SR-PR;DEL7/1;UOP07/PR
115039;250696;10/02/2017;sexta-feira;13:30:00;PR;277;0,1;PARANAGUA;Não;Não guardar distância de segurança;1;Queda de ocupante de veículo;Com Vítimas Feridas;Pleno dia;Crescente;Nublado;Simples;Reta;Sim;205334;Bicicleta;;NA;Condutor;Lesões Graves;60;Feminino;0;0;1;0;-25,51939;-48,54295;SR-PR;DEL7/1;UOP07/PR
116423;253588;18/12/2017;segunda-feira;08:00:00;RJ;393;281;VOLTA REDONDA;Sim;Falta de Atenção à Condução;1;Colisão transversal;Com Vítimas Feridas;Pleno dia;Decrescente;Céu Claro;Simples;Interseção de vias;Sim;207789;Bicicleta;;NA;Condutor;Lesões Leves;27;Masculino;0;1;0;0;-22,48791;-44,06334;SR-RJ;DEL5/5;UOP02/RJ
117025;254972;07/12/2017;quinta-feira;11:00:00;RJ;101;297,9;ITABORAI;Sim;Desobediência às normas de trânsito pelo condutor;1;Colisão lateral;Com Vítimas Feridas;Pleno dia;Crescente;Nublado;Simples;Interseção de vias;Sim;208949;Bicicleta;MONARK/;NA;Condutor;Lesões Graves;62;Masculino;0;0;1;0;-22,76942;-42,91874;SR-RJ;DEL5/2;UOP02/RJ
117163;255292;06/04/2017;quinta-feira;12:35:00;PR;277;3,5;PARANAGUA;Sim;Falta de Atenção à Condução;1;Colisão frontal;Com Vítimas Fatais;Pleno dia;Decrescente;Chuva;Simples;Não Informado;Sim;209215;Bicicleta;;NA;Condutor;Óbito;17;Masculino;0;0;0;1;-25,5205;-48,5095;SR-PR;DEL7/1;UOP07/PR
120167;261888;24/10/2017;terça-feira;18:50:00;BA;116;818,1;VITORIA DA CONQUISTA;Sim;Falta de Atenção à Condução;1;Colisão frontal;Com Vítimas Feridas;Plena Noite;Decrescente;Céu Claro;Dupla;Reta;Sim;214727;Bicicleta;;NA;Condutor;Lesões Leves;58;Masculino;0;1;0;0;-14,82446;-40,82014;SR-BA;DEL10/8;UOP01/BA
122296;266598;29/12/2017;sexta-feira;11:40:00;MG;365;2;MONTES CLAROS;Sim;Falta de Atenção à Condução;1;Colisão traseira;Com Vítimas Feridas;Pleno dia;Crescente;Ignorado;Simples;Reta;Não;218650;Bicicleta;MONARK/;NA;Condutor;Lesões Graves;51;Masculino;0;0;1;0;-16,74583;-43,88394;SR-MG;DEL4/12;UOP01/MG
122454;266977;23/05/2017;terça-feira;23:05:00;PR;277;718;FOZ DO IGUACU;Sim;Falta de Atenção do Pedestre;2;Capotamento;Com Vítimas Feridas;Plena Noite;Crescente;Nublado;Dupla;Desvio Temporário;Não;218929;Bicicleta;;NA;Passageiro;Lesões Leves;27;Masculino;0;1;0;0;-25,48007;-54,48542;SR-PR;DEL7/5;UOP01/PR
122454;266977;23/05/2017;terça-feira;23:05:00;PR;277;718;FOZ DO IGUACU;Sim;Falta de Atenção do Pedestre;1;Atropelamento de Pedestre;Com Vítimas Feridas;Plena Noite;Crescente;Nublado;Dupla;Desvio Temporário;Não;218929;Bicicleta;;NA;Passageiro;Lesões Leves;27;Masculino;0;1;0;0;-25,48007;-54,48542;SR-PR;DEL7/5;UOP01/PR
122454;266978;23/05/2017;terça-feira;23:05:00;PR;277;718;FOZ DO IGUACU;Sim;Falta de Atenção do Pedestre;2;Capotamento;Com Vítimas Feridas;Plena Noite;Crescente;Nublado;Dupla;Desvio Temporário;Não;218929;Bicicleta;;NA;Condutor;Lesões Leves;27;Masculino;0;1;0;0;-25,48007;-54,48542;SR-PR;DEL7/5;UOP01/PR
122454;266978;23/05/2017;terça-feira;23:05:00;PR;277;718;FOZ DO IGUACU;Sim;Falta de Atenção do Pedestre;1;Atropelamento de Pedestre;Com Vítimas Feridas;Plena Noite;Crescente;Nublado;Dupla;Desvio Temporário;Não;218929;Bicicleta;;NA;Condutor;Lesões Leves;27;Masculino;0;1;0;0;-25,48007;-54,48542;SR-PR;DEL7/5;UOP01/PR
127309;274506;16/04/2017;domingo;01:20:00;PR;369;38;ANDIRA;Sim;Falta de Atenção à Condução;1;Colisão lateral;Com Vítimas Fatais;Plena Noite;Crescente;Céu Claro;Simples;Reta;Sim;224827;Bicicleta;MONARK/;NA;Condutor;Óbito;35;Masculino;0;0;0;1;-23,04964;-50,23768;SR-PR;DEL7/7;UOP06/PR
127309;274506;16/04/2017;domingo;01:20:00;PR;369;38;ANDIRA;Não;Ingestão de Álcool;1;Colisão lateral;Com Vítimas Fatais;Plena Noite;Crescente;Céu Claro;Simples;Reta;Sim;224827;Bicicleta;MONARK/;NA;Condutor;Óbito;35;Masculino;0;0;0;1;-23,04964;-50,23768;SR-PR;DEL7/7;UOP06/PR
129670;279636;06/10/2017;sexta-feira;15:00:00;PR;476;118;COLOMBO;Sim;Falta de Atenção à Condução;1;Atropelamento de Pedestre;Com Vítimas Feridas;Pleno dia;Crescente;Ignorado;Dupla;Reta;Sim;228977;Bicicleta;;NA;Condutor;Lesões Graves;29;Feminino;0;0;1;0;-25,35634;-49,18083;SR-PR;DEL7/1;UOP01/PR
139655;302280;18/11/2017;sábado;06:50:00;PR;277;2;PARANAGUA;Sim;Desobediência às normas de trânsito pelo condutor;1;Colisão transversal;Com Vítimas Feridas;Pleno dia;Decrescente;Céu Claro;Dupla;Rotatória;Sim;246809;Bicicleta;;NA;Condutor;Lesões Leves;28;Feminino;0;1;0;0;-25,5205;-48,5095;SR-PR;DEL7/1;UOP07/PR
144122;313184;06/09/2017;quarta-feira;20:00:00;AC;317;128;CAPIXABA;Sim;Falta de Atenção à Condução;1;Colisão traseira;Com Vítimas Feridas;Plena Noite;Crescente;Ignorado;Simples;Reta;Não;255148;Bicicleta;;NA;Condutor;Lesões Graves;42;Masculino;0;0;1;0;-10,43529;-67,71657;SR-AC;UOP01/AC;
151876;331633;24/07/2017;segunda-feira;19:05:00;MS;262;356;CAMPO GRANDE;Sim;Falta de Atenção à Condução;1;Colisão traseira;Com Vítimas Feridas;Plena Noite;Decrescente;Céu Claro;Simples;Reta;Sim;269468;Bicicleta;;NA;Condutor;Lesões Graves;65;Masculino;0;0;1;0;-20,5427;-54,693;SR-MS;DEL3/1;UOP03/MS
160636;351781;26/12/2017;terça-feira;09:50:00;PR;116;67,6;CAMPINA GRANDE DO SUL;Sim;Falta de Atenção à Condução;1;Colisão lateral;Com Vítimas Feridas;Pleno dia;Decrescente;Chuva;Dupla;Reta;Não;285522;Bicicleta;;NA;Condutor;Lesões Graves;42;Masculino;0;0;1;0;-25,32074;-49,02281;SR-PR;DEL7/1;UOP06/PR
163996;358919;11/07/2017;terça-feira;21:50:00;RJ;101;74,6;CAMPOS DOS GOYTACAZES;Sim;Falta de Atenção à Condução;1;Queda de ocupante de veículo;Com Vítimas Feridas;Plena Noite;Crescente;Céu Claro;Simples;Reta;Sim;291404;Bicicleta;;NA;Condutor;Lesões Leves;17;Masculino;0;1;0;0;-21,81428;-41,39786;SR-RJ;DEL5/8;UOP02/RJ
172662;378780;02/08/2017;quarta-feira;18:45:00;MS;163;460;CAMPO GRANDE;Sim;Falta de Atenção à Condução;1;Colisão traseira;Com Vítimas Feridas;Anoitecer;Decrescente;Ignorado;Simples;Reta;Não;306863;Bicicleta;;NA;Condutor;Lesões Leves;NA;Masculino;0;1;0;0;-20,6421;-54,56772;SR-MS;DEL3/1;UOP01/MS
184031;405466;18/11/2017;sábado;04:30:00;RS;101;284;TAVARES;Sim;Falta de Atenção à Condução;1;Tombamento;Com Vítimas Feridas;Plena Noite;Crescente;Garoa/Chuvisco;Simples;Reta;Não;327124;Bicicleta;;NA;Condutor;Lesões Leves;24;Masculino;0;1;0;0;-31,2881;-51,0907;SR-RS;DEL9/3;UOP01/RS
215200;477381;25/03/2017;sábado;00:00:00;RR;401;6;CANTA;Sim;Ingestão de Álcool;1;Colisão frontal;Com Vítimas Fatais;Plena Noite;Crescente;Céu Claro;Simples;Reta;Não;383815;Bicicleta;;NA;Condutor;Óbito;59;Masculino;0;0;0;1;2,788396;-60,65792;SR-RR;UOP01/RR;